2026-09-30 15:02:41,256 | exp03 seed=45 stage=all scope=full
2026-09-30 15:03:00,955 | prediction 4096/7002
2026-09-30 15:03:06,042 | experiments/exp03/seeds/seed45/static/as_stored/validation.json | original:dNone:uNone:pNone
2026-09-30 15:03:06,763 | experiments/exp03/seeds/seed45/static/as_stored/validation.json | bypass:dNone:uNone:pNone
2026-09-30 15:03:13,903 | prediction 4096/7002
2026-09-30 15:03:19,654 | experiments/exp03/seeds/seed45/static/as_stored/validation.json | down:d0:uNone:pNone
2026-09-30 15:03:26,793 | prediction 4096/7002
2026-09-30 15:03:32,547 | experiments/exp03/seeds/seed45/static/as_stored/validation.json | down:d1:uNone:pNone
2026-09-30 15:03:39,685 | prediction 4096/7002
2026-09-30 15:03:45,438 | experiments/exp03/seeds/seed45/static/as_stored/validation.json | down:d2:uNone:pNone
2026-09-30 15:03:52,577 | prediction 4096/7002
2026-09-30 15:03:58,328 | experiments/exp03/seeds/seed45/static/as_stored/validation.json | down:d4:uNone:pNone
2026-09-30 15:04:05,468 | prediction 4096/7002
2026-09-30 15:04:11,221 | experiments/exp03/seeds/seed45/static/as_stored/validation.json | down:d8:uNone:pNone
2026-09-30 15:04:18,361 | prediction 4096/7002
2026-09-30 15:04:24,110 | experiments/exp03/seeds/seed45/static/as_stored/validation.json | down:d16:uNone:pNone
2026-09-30 15:04:31,256 | prediction 4096/7002
2026-09-30 15:04:37,016 | experiments/exp03/seeds/seed45/static/as_stored/validation.json | down:d32:uNone:pNone
2026-09-30 15:04:44,184 | prediction 4096/7002
2026-09-30 15:04:49,941 | experiments/exp03/seeds/seed45/static/as_stored/validation.json | down:d48:uNone:pNone
2026-09-30 15:04:57,109 | prediction 4096/7002
2026-09-30 15:05:02,873 | experiments/exp03/seeds/seed45/static/as_stored/validation.json | down:d64:uNone:pNone
2026-09-30 15:05:10,041 | prediction 4096/7002
2026-09-30 15:05:15,799 | experiments/exp03/seeds/seed45/static/as_stored/validation.json | down:d76:uNone:pNone
2026-09-30 15:05:22,992 | prediction 4096/7002
2026-09-30 15:05:28,804 | experiments/exp03/seeds/seed45/static/as_stored/validation.json | up:dNone:u0:pNone
2026-09-30 15:05:35,983 | prediction 4096/7002
2026-09-30 15:05:41,766 | experiments/exp03/seeds/seed45/static/as_stored/validation.json | up:dNone:u1:pNone
2026-09-30 15:05:48,945 | prediction 4096/7002
2026-09-30 15:05:54,728 | experiments/exp03/seeds/seed45/static/as_stored/validation.json | up:dNone:u2:pNone
2026-09-30 15:06:01,906 | prediction 4096/7002
2026-09-30 15:06:07,690 | experiments/exp03/seeds/seed45/static/as_stored/validation.json | up:dNone:u4:pNone
2026-09-30 15:06:14,869 | prediction 4096/7002
2026-09-30 15:06:20,651 | experiments/exp03/seeds/seed45/static/as_stored/validation.json | up:dNone:u8:pNone
2026-09-30 15:06:27,827 | prediction 4096/7002
2026-09-30 15:06:33,611 | experiments/exp03/seeds/seed45/static/as_stored/validation.json | up:dNone:u16:pNone
2026-09-30 15:06:40,789 | prediction 4096/7002
2026-09-30 15:06:46,579 | experiments/exp03/seeds/seed45/static/as_stored/validation.json | up:dNone:u32:pNone
2026-09-30 15:06:53,782 | prediction 4096/7002
2026-09-30 15:06:59,568 | experiments/exp03/seeds/seed45/static/as_stored/validation.json | up:dNone:u48:pNone
2026-09-30 15:07:06,772 | prediction 4096/7002
2026-09-30 15:07:12,559 | experiments/exp03/seeds/seed45/static/as_stored/validation.json | up:dNone:u64:pNone
2026-09-30 15:07:19,762 | prediction 4096/7002
2026-09-30 15:07:25,547 | experiments/exp03/seeds/seed45/static/as_stored/validation.json | up:dNone:u76:pNone
2026-09-30 15:07:32,752 | prediction 4096/7002
2026-09-30 15:07:38,569 | experiments/exp03/seeds/seed45/static/as_stored/validation.json | both:d0:u0:pNone
2026-09-30 15:07:45,750 | prediction 4096/7002
2026-09-30 15:07:51,538 | experiments/exp03/seeds/seed45/static/as_stored/validation.json | both:d0:u1:pNone
2026-09-30 15:07:58,719 | prediction 4096/7002
2026-09-30 15:08:04,507 | experiments/exp03/seeds/seed45/static/as_stored/validation.json | both:d0:u2:pNone
2026-09-30 15:08:11,687 | prediction 4096/7002
2026-09-30 15:08:17,476 | experiments/exp03/seeds/seed45/static/as_stored/validation.json | both:d0:u4:pNone
2026-09-30 15:08:24,653 | prediction 4096/7002
2026-09-30 15:08:30,446 | experiments/exp03/seeds/seed45/static/as_stored/validation.json | both:d0:u8:pNone
2026-09-30 15:08:37,614 | prediction 4096/7002
2026-09-30 15:08:43,393 | experiments/exp03/seeds/seed45/static/as_stored/validation.json | both:d0:u16:pNone
2026-09-30 15:08:50,560 | prediction 4096/7002
2026-09-30 15:08:56,340 | experiments/exp03/seeds/seed45/static/as_stored/validation.json | both:d0:u32:pNone
2026-09-30 15:09:03,549 | prediction 4096/7002
2026-09-30 15:09:09,337 | experiments/exp03/seeds/seed45/static/as_stored/validation.json | both:d0:u48:pNone
2026-09-30 15:09:16,538 | prediction 4096/7002
2026-09-30 15:09:22,329 | experiments/exp03/seeds/seed45/static/as_stored/validation.json | both:d0:u64:pNone
2026-09-30 15:09:29,530 | prediction 4096/7002
2026-09-30 15:09:35,320 | experiments/exp03/seeds/seed45/static/as_stored/validation.json | both:d0:u76:pNone
2026-09-30 15:09:42,524 | prediction 4096/7002
2026-09-30 15:09:48,317 | experiments/exp03/seeds/seed45/static/as_stored/validation.json | both:d1:u0:pNone
2026-09-30 15:09:55,498 | prediction 4096/7002
2026-09-30 15:10:01,286 | experiments/exp03/seeds/seed45/static/as_stored/validation.json | both:d1:u1:pNone
2026-09-30 15:10:08,464 | prediction 4096/7002
2026-09-30 15:10:14,252 | experiments/exp03/seeds/seed45/static/as_stored/validation.json | both:d1:u2:pNone
2026-09-30 15:10:21,430 | prediction 4096/7002
2026-09-30 15:10:27,223 | experiments/exp03/seeds/seed45/static/as_stored/validation.json | both:d1:u4:pNone
2026-09-30 15:10:34,404 | prediction 4096/7002
2026-09-30 15:10:40,195 | experiments/exp03/seeds/seed45/static/as_stored/validation.json | both:d1:u8:pNone
2026-09-30 15:10:47,376 | prediction 4096/7002
2026-09-30 15:10:53,170 | experiments/exp03/seeds/seed45/static/as_stored/validation.json | both:d1:u16:pNone
2026-09-30 15:11:00,348 | prediction 4096/7002
2026-09-30 15:11:06,144 | experiments/exp03/seeds/seed45/static/as_stored/validation.json | both:d1:u32:pNone
2026-09-30 15:11:13,351 | prediction 4096/7002
2026-09-30 15:11:19,147 | experiments/exp03/seeds/seed45/static/as_stored/validation.json | both:d1:u48:pNone
2026-09-30 15:11:26,351 | prediction 4096/7002
2026-09-30 15:11:32,145 | experiments/exp03/seeds/seed45/static/as_stored/validation.json | both:d1:u64:pNone
2026-09-30 15:11:39,348 | prediction 4096/7002
2026-09-30 15:11:45,143 | experiments/exp03/seeds/seed45/static/as_stored/validation.json | both:d1:u76:pNone
2026-09-30 15:11:52,352 | prediction 4096/7002
2026-09-30 15:11:58,149 | experiments/exp03/seeds/seed45/static/as_stored/validation.json | both:d2:u0:pNone
2026-09-30 15:12:05,327 | prediction 4096/7002
2026-09-30 15:12:11,122 | experiments/exp03/seeds/seed45/static/as_stored/validation.json | both:d2:u1:pNone
2026-09-30 15:12:18,301 | prediction 4096/7002
2026-09-30 15:12:24,096 | experiments/exp03/seeds/seed45/static/as_stored/validation.json | both:d2:u2:pNone
2026-09-30 15:12:31,275 | prediction 4096/7002
2026-09-30 15:12:37,068 | experiments/exp03/seeds/seed45/static/as_stored/validation.json | both:d2:u4:pNone
2026-09-30 15:12:44,246 | prediction 4096/7002
2026-09-30 15:12:50,040 | experiments/exp03/seeds/seed45/static/as_stored/validation.json | both:d2:u8:pNone
2026-09-30 15:12:57,221 | prediction 4096/7002
2026-09-30 15:13:03,016 | experiments/exp03/seeds/seed45/static/as_stored/validation.json | both:d2:u16:pNone
2026-09-30 15:13:10,177 | prediction 4096/7002
2026-09-30 15:13:15,969 | experiments/exp03/seeds/seed45/static/as_stored/validation.json | both:d2:u32:pNone
2026-09-30 15:13:23,132 | prediction 4096/7002
2026-09-30 15:13:28,883 | experiments/exp03/seeds/seed45/static/as_stored/validation.json | both:d2:u48:pNone
2026-09-30 15:13:36,033 | prediction 4096/7002
2026-09-30 15:13:41,791 | experiments/exp03/seeds/seed45/static/as_stored/validation.json | both:d2:u64:pNone
2026-09-30 15:13:48,959 | prediction 4096/7002
2026-09-30 15:13:54,728 | experiments/exp03/seeds/seed45/static/as_stored/validation.json | both:d2:u76:pNone
2026-09-30 15:14:01,905 | prediction 4096/7002
2026-09-30 15:14:07,680 | experiments/exp03/seeds/seed45/static/as_stored/validation.json | both:d4:u0:pNone
2026-09-30 15:14:14,831 | prediction 4096/7002
2026-09-30 15:14:20,613 | experiments/exp03/seeds/seed45/static/as_stored/validation.json | both:d4:u1:pNone
2026-09-30 15:14:27,762 | prediction 4096/7002
2026-09-30 15:14:33,546 | experiments/exp03/seeds/seed45/static/as_stored/validation.json | both:d4:u2:pNone
2026-09-30 15:14:40,693 | prediction 4096/7002
2026-09-30 15:14:46,473 | experiments/exp03/seeds/seed45/static/as_stored/validation.json | both:d4:u4:pNone
2026-09-30 15:14:53,624 | prediction 4096/7002
2026-09-30 15:14:59,399 | experiments/exp03/seeds/seed45/static/as_stored/validation.json | both:d4:u8:pNone
2026-09-30 15:15:06,543 | prediction 4096/7002
2026-09-30 15:15:12,319 | experiments/exp03/seeds/seed45/static/as_stored/validation.json | both:d4:u16:pNone
2026-09-30 15:15:19,503 | prediction 4096/7002
2026-09-30 15:15:25,307 | experiments/exp03/seeds/seed45/static/as_stored/validation.json | both:d4:u32:pNone
2026-09-30 15:15:32,516 | prediction 4096/7002
2026-09-30 15:15:38,320 | experiments/exp03/seeds/seed45/static/as_stored/validation.json | both:d4:u48:pNone
2026-09-30 15:15:45,529 | prediction 4096/7002
2026-09-30 15:15:51,329 | experiments/exp03/seeds/seed45/static/as_stored/validation.json | both:d4:u64:pNone
2026-09-30 15:15:58,535 | prediction 4096/7002
2026-09-30 15:16:04,338 | experiments/exp03/seeds/seed45/static/as_stored/validation.json | both:d4:u76:pNone
2026-09-30 15:16:11,545 | prediction 4096/7002
2026-09-30 15:16:17,409 | experiments/exp03/seeds/seed45/static/as_stored/validation.json | both:d8:u0:pNone
2026-09-30 15:16:24,604 | prediction 4096/7002
2026-09-30 15:16:30,407 | experiments/exp03/seeds/seed45/static/as_stored/validation.json | both:d8:u1:pNone
2026-09-30 15:16:37,587 | prediction 4096/7002
2026-09-30 15:16:43,395 | experiments/exp03/seeds/seed45/static/as_stored/validation.json | both:d8:u2:pNone
2026-09-30 15:16:50,577 | prediction 4096/7002
2026-09-30 15:16:56,382 | experiments/exp03/seeds/seed45/static/as_stored/validation.json | both:d8:u4:pNone
2026-09-30 15:17:03,565 | prediction 4096/7002
2026-09-30 15:17:09,368 | experiments/exp03/seeds/seed45/static/as_stored/validation.json | both:d8:u8:pNone
2026-09-30 15:17:16,551 | prediction 4096/7002
2026-09-30 15:17:22,356 | experiments/exp03/seeds/seed45/static/as_stored/validation.json | both:d8:u16:pNone
2026-09-30 15:17:29,534 | prediction 4096/7002
2026-09-30 15:17:35,337 | experiments/exp03/seeds/seed45/static/as_stored/validation.json | both:d8:u32:pNone
2026-09-30 15:17:42,547 | prediction 4096/7002
2026-09-30 15:17:48,352 | experiments/exp03/seeds/seed45/static/as_stored/validation.json | both:d8:u48:pNone
2026-09-30 15:17:55,559 | prediction 4096/7002
2026-09-30 15:18:01,369 | experiments/exp03/seeds/seed45/static/as_stored/validation.json | both:d8:u64:pNone
2026-09-30 15:18:08,576 | prediction 4096/7002
2026-09-30 15:18:14,382 | experiments/exp03/seeds/seed45/static/as_stored/validation.json | both:d8:u76:pNone
2026-09-30 15:18:21,590 | prediction 4096/7002
2026-09-30 15:18:27,404 | experiments/exp03/seeds/seed45/static/as_stored/validation.json | both:d16:u0:pNone
2026-09-30 15:18:34,599 | prediction 4096/7002
2026-09-30 15:18:40,414 | experiments/exp03/seeds/seed45/static/as_stored/validation.json | both:d16:u1:pNone
2026-09-30 15:18:47,604 | prediction 4096/7002
2026-09-30 15:18:53,412 | experiments/exp03/seeds/seed45/static/as_stored/validation.json | both:d16:u2:pNone
2026-09-30 15:19:00,592 | prediction 4096/7002
2026-09-30 15:19:06,396 | experiments/exp03/seeds/seed45/static/as_stored/validation.json | both:d16:u4:pNone
2026-09-30 15:19:13,577 | prediction 4096/7002
2026-09-30 15:19:19,383 | experiments/exp03/seeds/seed45/static/as_stored/validation.json | both:d16:u8:pNone
2026-09-30 15:19:26,563 | prediction 4096/7002
2026-09-30 15:19:32,369 | experiments/exp03/seeds/seed45/static/as_stored/validation.json | both:d16:u16:pNone
2026-09-30 15:19:39,549 | prediction 4096/7002
2026-09-30 15:19:45,356 | experiments/exp03/seeds/seed45/static/as_stored/validation.json | both:d16:u32:pNone
2026-09-30 15:19:52,562 | prediction 4096/7002
2026-09-30 15:19:58,373 | experiments/exp03/seeds/seed45/static/as_stored/validation.json | both:d16:u48:pNone
2026-09-30 15:20:05,579 | prediction 4096/7002
2026-09-30 15:20:11,385 | experiments/exp03/seeds/seed45/static/as_stored/validation.json | both:d16:u64:pNone
2026-09-30 15:20:18,565 | prediction 4096/7002
2026-09-30 15:20:24,354 | experiments/exp03/seeds/seed45/static/as_stored/validation.json | both:d16:u76:pNone
2026-09-30 15:20:31,534 | prediction 4096/7002
2026-09-30 15:20:37,325 | experiments/exp03/seeds/seed45/static/as_stored/validation.json | both:d32:u0:pNone
2026-09-30 15:20:44,505 | prediction 4096/7002
2026-09-30 15:20:50,295 | experiments/exp03/seeds/seed45/static/as_stored/validation.json | both:d32:u1:pNone
2026-09-30 15:20:57,474 | prediction 4096/7002
2026-09-30 15:21:03,263 | experiments/exp03/seeds/seed45/static/as_stored/validation.json | both:d32:u2:pNone
2026-09-30 15:21:10,440 | prediction 4096/7002
2026-09-30 15:21:16,230 | experiments/exp03/seeds/seed45/static/as_stored/validation.json | both:d32:u4:pNone
2026-09-30 15:21:23,408 | prediction 4096/7002
2026-09-30 15:21:29,195 | experiments/exp03/seeds/seed45/static/as_stored/validation.json | both:d32:u8:pNone
2026-09-30 15:21:36,375 | prediction 4096/7002
2026-09-30 15:21:42,167 | experiments/exp03/seeds/seed45/static/as_stored/validation.json | both:d32:u16:pNone
2026-09-30 15:21:49,343 | prediction 4096/7002
2026-09-30 15:21:55,132 | experiments/exp03/seeds/seed45/static/as_stored/validation.json | both:d32:u32:pNone
2026-09-30 15:22:02,313 | prediction 4096/7002
2026-09-30 15:22:08,105 | experiments/exp03/seeds/seed45/static/as_stored/validation.json | both:d32:u48:pNone
2026-09-30 15:22:15,286 | prediction 4096/7002
2026-09-30 15:22:21,074 | experiments/exp03/seeds/seed45/static/as_stored/validation.json | both:d32:u64:pNone
2026-09-30 15:22:28,252 | prediction 4096/7002
2026-09-30 15:22:34,047 | experiments/exp03/seeds/seed45/static/as_stored/validation.json | both:d32:u76:pNone
2026-09-30 15:22:41,228 | prediction 4096/7002
2026-09-30 15:22:47,023 | experiments/exp03/seeds/seed45/static/as_stored/validation.json | both:d48:u0:pNone
2026-09-30 15:22:54,201 | prediction 4096/7002
2026-09-30 15:22:59,996 | experiments/exp03/seeds/seed45/static/as_stored/validation.json | both:d48:u1:pNone
2026-09-30 15:23:07,176 | prediction 4096/7002
2026-09-30 15:23:12,970 | experiments/exp03/seeds/seed45/static/as_stored/validation.json | both:d48:u2:pNone
2026-09-30 15:23:20,146 | prediction 4096/7002
2026-09-30 15:23:25,931 | experiments/exp03/seeds/seed45/static/as_stored/validation.json | both:d48:u4:pNone
2026-09-30 15:23:33,102 | prediction 4096/7002
2026-09-30 15:23:38,889 | experiments/exp03/seeds/seed45/static/as_stored/validation.json | both:d48:u8:pNone
2026-09-30 15:23:46,062 | prediction 4096/7002
2026-09-30 15:23:51,847 | experiments/exp03/seeds/seed45/static/as_stored/validation.json | both:d48:u16:pNone
2026-09-30 15:23:59,021 | prediction 4096/7002
2026-09-30 15:24:04,813 | experiments/exp03/seeds/seed45/static/as_stored/validation.json | both:d48:u32:pNone
2026-09-30 15:24:11,984 | prediction 4096/7002
2026-09-30 15:24:17,769 | experiments/exp03/seeds/seed45/static/as_stored/validation.json | both:d48:u48:pNone
2026-09-30 15:24:24,942 | prediction 4096/7002
2026-09-30 15:24:30,730 | experiments/exp03/seeds/seed45/static/as_stored/validation.json | both:d48:u64:pNone
2026-09-30 15:24:37,908 | prediction 4096/7002
2026-09-30 15:24:43,697 | experiments/exp03/seeds/seed45/static/as_stored/validation.json | both:d48:u76:pNone
2026-09-30 15:24:50,864 | prediction 4096/7002
2026-09-30 15:24:56,686 | experiments/exp03/seeds/seed45/static/as_stored/validation.json | both:d64:u0:pNone
2026-09-30 15:25:03,858 | prediction 4096/7002
2026-09-30 15:25:09,647 | experiments/exp03/seeds/seed45/static/as_stored/validation.json | both:d64:u1:pNone
2026-09-30 15:25:16,828 | prediction 4096/7002
2026-09-30 15:25:22,621 | experiments/exp03/seeds/seed45/static/as_stored/validation.json | both:d64:u2:pNone
2026-09-30 15:25:29,800 | prediction 4096/7002
2026-09-30 15:25:35,595 | experiments/exp03/seeds/seed45/static/as_stored/validation.json | both:d64:u4:pNone
2026-09-30 15:25:42,777 | prediction 4096/7002
2026-09-30 15:25:48,569 | experiments/exp03/seeds/seed45/static/as_stored/validation.json | both:d64:u8:pNone
2026-09-30 15:25:55,750 | prediction 4096/7002
2026-09-30 15:26:01,550 | experiments/exp03/seeds/seed45/static/as_stored/validation.json | both:d64:u16:pNone
2026-09-30 15:26:08,733 | prediction 4096/7002
2026-09-30 15:26:14,567 | experiments/exp03/seeds/seed45/static/as_stored/validation.json | both:d64:u32:pNone
2026-09-30 15:26:21,740 | prediction 4096/7002
2026-09-30 15:26:27,533 | experiments/exp03/seeds/seed45/static/as_stored/validation.json | both:d64:u48:pNone
2026-09-30 15:26:34,699 | prediction 4096/7002
2026-09-30 15:26:40,489 | experiments/exp03/seeds/seed45/static/as_stored/validation.json | both:d64:u64:pNone
2026-09-30 15:26:47,662 | prediction 4096/7002
2026-09-30 15:26:53,455 | experiments/exp03/seeds/seed45/static/as_stored/validation.json | both:d64:u76:pNone
2026-09-30 15:27:00,627 | prediction 4096/7002
2026-09-30 15:27:06,421 | experiments/exp03/seeds/seed45/static/as_stored/validation.json | both:d76:u0:pNone
2026-09-30 15:27:13,594 | prediction 4096/7002
2026-09-30 15:27:19,390 | experiments/exp03/seeds/seed45/static/as_stored/validation.json | both:d76:u1:pNone
2026-09-30 15:27:26,562 | prediction 4096/7002
2026-09-30 15:27:32,401 | experiments/exp03/seeds/seed45/static/as_stored/validation.json | both:d76:u2:pNone
2026-09-30 15:27:39,580 | prediction 4096/7002
2026-09-30 15:27:45,380 | experiments/exp03/seeds/seed45/static/as_stored/validation.json | both:d76:u4:pNone
2026-09-30 15:27:52,561 | prediction 4096/7002
2026-09-30 15:27:58,360 | experiments/exp03/seeds/seed45/static/as_stored/validation.json | both:d76:u8:pNone
2026-09-30 15:28:05,543 | prediction 4096/7002
2026-09-30 15:28:11,341 | experiments/exp03/seeds/seed45/static/as_stored/validation.json | both:d76:u16:pNone
2026-09-30 15:28:18,520 | prediction 4096/7002
2026-09-30 15:28:24,322 | experiments/exp03/seeds/seed45/static/as_stored/validation.json | both:d76:u32:pNone
2026-09-30 15:28:31,516 | prediction 4096/7002
2026-09-30 15:28:37,370 | experiments/exp03/seeds/seed45/static/as_stored/validation.json | both:d76:u48:pNone
2026-09-30 15:28:44,587 | prediction 4096/7002
2026-09-30 15:28:50,416 | experiments/exp03/seeds/seed45/static/as_stored/validation.json | both:d76:u64:pNone
2026-09-30 15:28:57,622 | prediction 4096/7002
2026-09-30 15:29:03,421 | experiments/exp03/seeds/seed45/static/as_stored/validation.json | both:d76:u76:pNone
2026-09-30 15:29:10,593 | prediction 4096/7002
2026-09-30 15:29:16,419 | experiments/exp03/seeds/seed45/static/as_stored/validation.json | random:d4:u4:p0
2026-09-30 15:29:23,581 | prediction 4096/7002
2026-09-30 15:29:29,384 | experiments/exp03/seeds/seed45/static/as_stored/validation.json | random:d4:u4:p1
2026-09-30 15:29:36,549 | prediction 4096/7002
2026-09-30 15:29:42,353 | experiments/exp03/seeds/seed45/static/as_stored/validation.json | random:d4:u4:p2
2026-09-30 15:29:49,519 | prediction 4096/7002
2026-09-30 15:29:55,357 | experiments/exp03/seeds/seed45/static/as_stored/validation.json | random:d8:u8:p0
2026-09-30 15:30:02,520 | prediction 4096/7002
2026-09-30 15:30:08,323 | experiments/exp03/seeds/seed45/static/as_stored/validation.json | random:d8:u8:p1
2026-09-30 15:30:15,480 | prediction 4096/7002
2026-09-30 15:30:21,289 | experiments/exp03/seeds/seed45/static/as_stored/validation.json | random:d8:u8:p2
2026-09-30 15:30:28,451 | prediction 4096/7002
2026-09-30 15:30:34,267 | experiments/exp03/seeds/seed45/static/as_stored/validation.json | random:d16:u16:p0
2026-09-30 15:30:41,429 | prediction 4096/7002
2026-09-30 15:30:47,234 | experiments/exp03/seeds/seed45/static/as_stored/validation.json | random:d16:u16:p1
2026-09-30 15:30:54,399 | prediction 4096/7002
2026-09-30 15:31:00,212 | experiments/exp03/seeds/seed45/static/as_stored/validation.json | random:d16:u16:p2
2026-09-30 15:31:07,380 | prediction 4096/7002
2026-09-30 15:31:13,224 | experiments/exp03/seeds/seed45/static/as_stored/validation.json | random:d32:u32:p0
2026-09-30 15:31:20,406 | prediction 4096/7002
2026-09-30 15:31:26,217 | experiments/exp03/seeds/seed45/static/as_stored/validation.json | random:d32:u32:p1
2026-09-30 15:31:33,400 | prediction 4096/7002
2026-09-30 15:31:39,214 | experiments/exp03/seeds/seed45/static/as_stored/validation.json | random:d32:u32:p2
2026-09-30 15:31:46,398 | prediction 4096/7002
2026-09-30 15:31:59,454 | prediction 4096/7002
2026-09-30 15:32:04,550 | experiments/exp03/seeds/seed45/static/aligned/validation.json | original:dNone:uNone:pNone
2026-09-30 15:32:05,271 | experiments/exp03/seeds/seed45/static/aligned/validation.json | bypass:dNone:uNone:pNone
2026-09-30 15:32:12,423 | prediction 4096/7002
2026-09-30 15:32:18,183 | experiments/exp03/seeds/seed45/static/aligned/validation.json | down:d0:uNone:pNone
2026-09-30 15:32:25,337 | prediction 4096/7002
2026-09-30 15:32:31,135 | experiments/exp03/seeds/seed45/static/aligned/validation.json | down:d1:uNone:pNone
2026-09-30 15:32:38,288 | prediction 4096/7002
2026-09-30 15:32:44,051 | experiments/exp03/seeds/seed45/static/aligned/validation.json | down:d2:uNone:pNone
2026-09-30 15:32:51,201 | prediction 4096/7002
2026-09-30 15:32:56,964 | experiments/exp03/seeds/seed45/static/aligned/validation.json | down:d4:uNone:pNone
2026-09-30 15:33:04,109 | prediction 4096/7002
2026-09-30 15:33:09,867 | experiments/exp03/seeds/seed45/static/aligned/validation.json | down:d8:uNone:pNone
2026-09-30 15:33:17,013 | prediction 4096/7002
2026-09-30 15:33:22,769 | experiments/exp03/seeds/seed45/static/aligned/validation.json | down:d16:uNone:pNone
2026-09-30 15:33:29,912 | prediction 4096/7002
2026-09-30 15:33:35,669 | experiments/exp03/seeds/seed45/static/aligned/validation.json | down:d32:uNone:pNone
2026-09-30 15:33:42,838 | prediction 4096/7002
2026-09-30 15:33:48,631 | experiments/exp03/seeds/seed45/static/aligned/validation.json | down:d48:uNone:pNone
2026-09-30 15:33:55,802 | prediction 4096/7002
2026-09-30 15:34:01,561 | experiments/exp03/seeds/seed45/static/aligned/validation.json | down:d64:uNone:pNone
2026-09-30 15:34:08,737 | prediction 4096/7002
2026-09-30 15:34:14,501 | experiments/exp03/seeds/seed45/static/aligned/validation.json | down:d76:uNone:pNone
2026-09-30 15:34:21,674 | prediction 4096/7002
2026-09-30 15:34:27,469 | experiments/exp03/seeds/seed45/static/aligned/validation.json | up:dNone:u0:pNone
2026-09-30 15:34:34,619 | prediction 4096/7002
2026-09-30 15:34:40,380 | experiments/exp03/seeds/seed45/static/aligned/validation.json | up:dNone:u1:pNone
2026-09-30 15:34:47,529 | prediction 4096/7002
2026-09-30 15:34:53,295 | experiments/exp03/seeds/seed45/static/aligned/validation.json | up:dNone:u2:pNone
2026-09-30 15:35:00,442 | prediction 4096/7002
2026-09-30 15:35:06,237 | experiments/exp03/seeds/seed45/static/aligned/validation.json | up:dNone:u4:pNone
2026-09-30 15:35:13,382 | prediction 4096/7002
2026-09-30 15:35:19,145 | experiments/exp03/seeds/seed45/static/aligned/validation.json | up:dNone:u8:pNone
2026-09-30 15:35:26,294 | prediction 4096/7002
2026-09-30 15:35:32,058 | experiments/exp03/seeds/seed45/static/aligned/validation.json | up:dNone:u16:pNone
2026-09-30 15:35:39,213 | prediction 4096/7002
2026-09-30 15:35:44,980 | experiments/exp03/seeds/seed45/static/aligned/validation.json | up:dNone:u32:pNone
2026-09-30 15:35:52,158 | prediction 4096/7002
2026-09-30 15:35:57,926 | experiments/exp03/seeds/seed45/static/aligned/validation.json | up:dNone:u48:pNone
2026-09-30 15:36:05,101 | prediction 4096/7002
2026-09-30 15:36:10,866 | experiments/exp03/seeds/seed45/static/aligned/validation.json | up:dNone:u64:pNone
2026-09-30 15:36:18,038 | prediction 4096/7002
2026-09-30 15:36:23,837 | experiments/exp03/seeds/seed45/static/aligned/validation.json | up:dNone:u76:pNone
2026-09-30 15:36:31,010 | prediction 4096/7002
2026-09-30 15:36:36,807 | experiments/exp03/seeds/seed45/static/aligned/validation.json | both:d0:u0:pNone
2026-09-30 15:36:43,956 | prediction 4096/7002
2026-09-30 15:36:49,721 | experiments/exp03/seeds/seed45/static/aligned/validation.json | both:d0:u1:pNone
2026-09-30 15:36:56,870 | prediction 4096/7002
2026-09-30 15:37:02,636 | experiments/exp03/seeds/seed45/static/aligned/validation.json | both:d0:u2:pNone
2026-09-30 15:37:09,781 | prediction 4096/7002
2026-09-30 15:37:15,543 | experiments/exp03/seeds/seed45/static/aligned/validation.json | both:d0:u4:pNone
2026-09-30 15:37:22,689 | prediction 4096/7002
2026-09-30 15:37:28,488 | experiments/exp03/seeds/seed45/static/aligned/validation.json | both:d0:u8:pNone
2026-09-30 15:37:35,633 | prediction 4096/7002
2026-09-30 15:37:41,398 | experiments/exp03/seeds/seed45/static/aligned/validation.json | both:d0:u16:pNone
2026-09-30 15:37:48,543 | prediction 4096/7002
2026-09-30 15:37:54,307 | experiments/exp03/seeds/seed45/static/aligned/validation.json | both:d0:u32:pNone
2026-09-30 15:38:01,478 | prediction 4096/7002
2026-09-30 15:38:07,245 | experiments/exp03/seeds/seed45/static/aligned/validation.json | both:d0:u48:pNone
2026-09-30 15:38:14,418 | prediction 4096/7002
2026-09-30 15:38:20,191 | experiments/exp03/seeds/seed45/static/aligned/validation.json | both:d0:u64:pNone
2026-09-30 15:38:27,361 | prediction 4096/7002
2026-09-30 15:38:33,133 | experiments/exp03/seeds/seed45/static/aligned/validation.json | both:d0:u76:pNone
2026-09-30 15:38:40,307 | prediction 4096/7002
2026-09-30 15:38:46,106 | experiments/exp03/seeds/seed45/static/aligned/validation.json | both:d1:u0:pNone
2026-09-30 15:38:53,252 | prediction 4096/7002
2026-09-30 15:38:59,017 | experiments/exp03/seeds/seed45/static/aligned/validation.json | both:d1:u1:pNone
2026-09-30 15:39:06,163 | prediction 4096/7002
2026-09-30 15:39:11,930 | experiments/exp03/seeds/seed45/static/aligned/validation.json | both:d1:u2:pNone
2026-09-30 15:39:19,074 | prediction 4096/7002
2026-09-30 15:39:24,844 | experiments/exp03/seeds/seed45/static/aligned/validation.json | both:d1:u4:pNone
2026-09-30 15:39:31,990 | prediction 4096/7002
2026-09-30 15:39:37,759 | experiments/exp03/seeds/seed45/static/aligned/validation.json | both:d1:u8:pNone
2026-09-30 15:39:44,903 | prediction 4096/7002
2026-09-30 15:39:50,668 | experiments/exp03/seeds/seed45/static/aligned/validation.json | both:d1:u16:pNone
2026-09-30 15:39:57,814 | prediction 4096/7002
2026-09-30 15:40:03,610 | experiments/exp03/seeds/seed45/static/aligned/validation.json | both:d1:u32:pNone
2026-09-30 15:40:10,781 | prediction 4096/7002
2026-09-30 15:40:16,553 | experiments/exp03/seeds/seed45/static/aligned/validation.json | both:d1:u48:pNone
2026-09-30 15:40:23,726 | prediction 4096/7002
2026-09-30 15:40:29,502 | experiments/exp03/seeds/seed45/static/aligned/validation.json | both:d1:u64:pNone
2026-09-30 15:40:36,685 | prediction 4096/7002
2026-09-30 15:40:42,459 | experiments/exp03/seeds/seed45/static/aligned/validation.json | both:d1:u76:pNone
2026-09-30 15:40:49,639 | prediction 4096/7002
2026-09-30 15:40:55,415 | experiments/exp03/seeds/seed45/static/aligned/validation.json | both:d2:u0:pNone
2026-09-30 15:41:02,559 | prediction 4096/7002
2026-09-30 15:41:08,326 | experiments/exp03/seeds/seed45/static/aligned/validation.json | both:d2:u1:pNone
2026-09-30 15:41:15,473 | prediction 4096/7002
2026-09-30 15:41:21,278 | experiments/exp03/seeds/seed45/static/aligned/validation.json | both:d2:u2:pNone
2026-09-30 15:41:28,437 | prediction 4096/7002
2026-09-30 15:41:34,229 | experiments/exp03/seeds/seed45/static/aligned/validation.json | both:d2:u4:pNone
2026-09-30 15:41:41,384 | prediction 4096/7002
2026-09-30 15:41:47,151 | experiments/exp03/seeds/seed45/static/aligned/validation.json | both:d2:u8:pNone
2026-09-30 15:41:54,295 | prediction 4096/7002
2026-09-30 15:42:00,065 | experiments/exp03/seeds/seed45/static/aligned/validation.json | both:d2:u16:pNone
2026-09-30 15:42:07,211 | prediction 4096/7002
2026-09-30 15:42:12,981 | experiments/exp03/seeds/seed45/static/aligned/validation.json | both:d2:u32:pNone
2026-09-30 15:42:20,152 | prediction 4096/7002
2026-09-30 15:42:25,921 | experiments/exp03/seeds/seed45/static/aligned/validation.json | both:d2:u48:pNone
2026-09-30 15:42:33,090 | prediction 4096/7002
2026-09-30 15:42:38,894 | experiments/exp03/seeds/seed45/static/aligned/validation.json | both:d2:u64:pNone
2026-09-30 15:42:46,064 | prediction 4096/7002
2026-09-30 15:42:51,834 | experiments/exp03/seeds/seed45/static/aligned/validation.json | both:d2:u76:pNone
2026-09-30 15:42:59,003 | prediction 4096/7002
2026-09-30 15:43:04,781 | experiments/exp03/seeds/seed45/static/aligned/validation.json | both:d4:u0:pNone
2026-09-30 15:43:11,931 | prediction 4096/7002
2026-09-30 15:43:17,700 | experiments/exp03/seeds/seed45/static/aligned/validation.json | both:d4:u1:pNone
2026-09-30 15:43:24,844 | prediction 4096/7002
2026-09-30 15:43:30,617 | experiments/exp03/seeds/seed45/static/aligned/validation.json | both:d4:u2:pNone
2026-09-30 15:43:37,761 | prediction 4096/7002
2026-09-30 15:43:43,539 | experiments/exp03/seeds/seed45/static/aligned/validation.json | both:d4:u4:pNone
2026-09-30 15:43:50,682 | prediction 4096/7002
2026-09-30 15:43:56,492 | experiments/exp03/seeds/seed45/static/aligned/validation.json | both:d4:u8:pNone
2026-09-30 15:44:03,639 | prediction 4096/7002
2026-09-30 15:44:09,418 | experiments/exp03/seeds/seed45/static/aligned/validation.json | both:d4:u16:pNone
2026-09-30 15:44:16,561 | prediction 4096/7002
2026-09-30 15:44:22,339 | experiments/exp03/seeds/seed45/static/aligned/validation.json | both:d4:u32:pNone
2026-09-30 15:44:29,512 | prediction 4096/7002
2026-09-30 15:44:35,290 | experiments/exp03/seeds/seed45/static/aligned/validation.json | both:d4:u48:pNone
2026-09-30 15:44:42,460 | prediction 4096/7002
2026-09-30 15:44:48,238 | experiments/exp03/seeds/seed45/static/aligned/validation.json | both:d4:u64:pNone
2026-09-30 15:44:55,415 | prediction 4096/7002
2026-09-30 15:45:01,192 | experiments/exp03/seeds/seed45/static/aligned/validation.json | both:d4:u76:pNone
2026-09-30 15:45:08,366 | prediction 4096/7002
2026-09-30 15:45:14,177 | experiments/exp03/seeds/seed45/static/aligned/validation.json | both:d8:u0:pNone
2026-09-30 15:45:21,326 | prediction 4096/7002
2026-09-30 15:45:27,109 | experiments/exp03/seeds/seed45/static/aligned/validation.json | both:d8:u1:pNone
2026-09-30 15:45:34,257 | prediction 4096/7002
2026-09-30 15:45:40,037 | experiments/exp03/seeds/seed45/static/aligned/validation.json | both:d8:u2:pNone
2026-09-30 15:45:47,184 | prediction 4096/7002
2026-09-30 15:45:52,964 | experiments/exp03/seeds/seed45/static/aligned/validation.json | both:d8:u4:pNone
2026-09-30 15:46:00,109 | prediction 4096/7002
2026-09-30 15:46:05,888 | experiments/exp03/seeds/seed45/static/aligned/validation.json | both:d8:u8:pNone
2026-09-30 15:46:13,031 | prediction 4096/7002
2026-09-30 15:46:18,841 | experiments/exp03/seeds/seed45/static/aligned/validation.json | both:d8:u16:pNone
2026-09-30 15:46:25,986 | prediction 4096/7002
2026-09-30 15:46:31,764 | experiments/exp03/seeds/seed45/static/aligned/validation.json | both:d8:u32:pNone
2026-09-30 15:46:38,935 | prediction 4096/7002
2026-09-30 15:46:44,714 | experiments/exp03/seeds/seed45/static/aligned/validation.json | both:d8:u48:pNone
2026-09-30 15:46:51,884 | prediction 4096/7002
2026-09-30 15:46:57,664 | experiments/exp03/seeds/seed45/static/aligned/validation.json | both:d8:u64:pNone
2026-09-30 15:47:04,838 | prediction 4096/7002
2026-09-30 15:47:10,622 | experiments/exp03/seeds/seed45/static/aligned/validation.json | both:d8:u76:pNone
2026-09-30 15:47:17,794 | prediction 4096/7002
2026-09-30 15:47:23,575 | experiments/exp03/seeds/seed45/static/aligned/validation.json | both:d16:u0:pNone
2026-09-30 15:47:30,723 | prediction 4096/7002
2026-09-30 15:47:36,542 | experiments/exp03/seeds/seed45/static/aligned/validation.json | both:d16:u1:pNone
2026-09-30 15:47:43,688 | prediction 4096/7002
2026-09-30 15:47:49,471 | experiments/exp03/seeds/seed45/static/aligned/validation.json | both:d16:u2:pNone
2026-09-30 15:47:56,616 | prediction 4096/7002
2026-09-30 15:48:02,399 | experiments/exp03/seeds/seed45/static/aligned/validation.json | both:d16:u4:pNone
2026-09-30 15:48:09,543 | prediction 4096/7002
2026-09-30 15:48:15,324 | experiments/exp03/seeds/seed45/static/aligned/validation.json | both:d16:u8:pNone
2026-09-30 15:48:22,467 | prediction 4096/7002
2026-09-30 15:48:28,252 | experiments/exp03/seeds/seed45/static/aligned/validation.json | both:d16:u16:pNone
2026-09-30 15:48:35,402 | prediction 4096/7002
2026-09-30 15:48:41,186 | experiments/exp03/seeds/seed45/static/aligned/validation.json | both:d16:u32:pNone
2026-09-30 15:48:48,362 | prediction 4096/7002
2026-09-30 15:48:54,177 | experiments/exp03/seeds/seed45/static/aligned/validation.json | both:d16:u48:pNone
2026-09-30 15:49:01,348 | prediction 4096/7002
2026-09-30 15:49:07,132 | experiments/exp03/seeds/seed45/static/aligned/validation.json | both:d16:u64:pNone
2026-09-30 15:49:14,303 | prediction 4096/7002
2026-09-30 15:49:20,087 | experiments/exp03/seeds/seed45/static/aligned/validation.json | both:d16:u76:pNone
2026-09-30 15:49:27,260 | prediction 4096/7002
2026-09-30 15:49:33,044 | experiments/exp03/seeds/seed45/static/aligned/validation.json | both:d32:u0:pNone
2026-09-30 15:49:40,217 | prediction 4096/7002
2026-09-30 15:49:46,005 | experiments/exp03/seeds/seed45/static/aligned/validation.json | both:d32:u1:pNone
2026-09-30 15:49:53,166 | prediction 4096/7002
2026-09-30 15:49:58,940 | experiments/exp03/seeds/seed45/static/aligned/validation.json | both:d32:u2:pNone
2026-09-30 15:50:06,112 | prediction 4096/7002
2026-09-30 15:50:11,930 | experiments/exp03/seeds/seed45/static/aligned/validation.json | both:d32:u4:pNone
2026-09-30 15:50:19,102 | prediction 4096/7002
2026-09-30 15:50:24,885 | experiments/exp03/seeds/seed45/static/aligned/validation.json | both:d32:u8:pNone
2026-09-30 15:50:32,062 | prediction 4096/7002
2026-09-30 15:50:37,846 | experiments/exp03/seeds/seed45/static/aligned/validation.json | both:d32:u16:pNone
2026-09-30 15:50:45,020 | prediction 4096/7002
2026-09-30 15:50:50,805 | experiments/exp03/seeds/seed45/static/aligned/validation.json | both:d32:u32:pNone
2026-09-30 15:50:57,979 | prediction 4096/7002
2026-09-30 15:51:03,769 | experiments/exp03/seeds/seed45/static/aligned/validation.json | both:d32:u48:pNone
2026-09-30 15:51:10,942 | prediction 4096/7002
2026-09-30 15:51:16,726 | experiments/exp03/seeds/seed45/static/aligned/validation.json | both:d32:u64:pNone
2026-09-30 15:51:23,900 | prediction 4096/7002
2026-09-30 15:51:29,718 | experiments/exp03/seeds/seed45/static/aligned/validation.json | both:d32:u76:pNone
2026-09-30 15:51:36,889 | prediction 4096/7002
2026-09-30 15:51:42,673 | experiments/exp03/seeds/seed45/static/aligned/validation.json | both:d48:u0:pNone
2026-09-30 15:51:49,845 | prediction 4096/7002
2026-09-30 15:51:55,633 | experiments/exp03/seeds/seed45/static/aligned/validation.json | both:d48:u1:pNone
2026-09-30 15:52:02,805 | prediction 4096/7002
2026-09-30 15:52:08,595 | experiments/exp03/seeds/seed45/static/aligned/validation.json | both:d48:u2:pNone
2026-09-30 15:52:15,768 | prediction 4096/7002
2026-09-30 15:52:21,557 | experiments/exp03/seeds/seed45/static/aligned/validation.json | both:d48:u4:pNone
2026-09-30 15:52:28,728 | prediction 4096/7002
2026-09-30 15:52:34,515 | experiments/exp03/seeds/seed45/static/aligned/validation.json | both:d48:u8:pNone
2026-09-30 15:52:41,688 | prediction 4096/7002
2026-09-30 15:52:47,509 | experiments/exp03/seeds/seed45/static/aligned/validation.json | both:d48:u16:pNone
2026-09-30 15:52:54,683 | prediction 4096/7002
2026-09-30 15:53:00,476 | experiments/exp03/seeds/seed45/static/aligned/validation.json | both:d48:u32:pNone
2026-09-30 15:53:07,656 | prediction 4096/7002
2026-09-30 15:53:13,452 | experiments/exp03/seeds/seed45/static/aligned/validation.json | both:d48:u48:pNone
2026-09-30 15:53:20,632 | prediction 4096/7002
2026-09-30 15:53:26,427 | experiments/exp03/seeds/seed45/static/aligned/validation.json | both:d48:u64:pNone
2026-09-30 15:53:33,606 | prediction 4096/7002
2026-09-30 15:53:39,400 | experiments/exp03/seeds/seed45/static/aligned/validation.json | both:d48:u76:pNone
2026-09-30 15:53:46,579 | prediction 4096/7002
2026-09-30 15:53:52,416 | experiments/exp03/seeds/seed45/static/aligned/validation.json | both:d64:u0:pNone
2026-09-30 15:53:59,593 | prediction 4096/7002
2026-09-30 15:54:05,408 | experiments/exp03/seeds/seed45/static/aligned/validation.json | both:d64:u1:pNone
2026-09-30 15:54:12,579 | prediction 4096/7002
2026-09-30 15:54:18,368 | experiments/exp03/seeds/seed45/static/aligned/validation.json | both:d64:u2:pNone
2026-09-30 15:54:25,542 | prediction 4096/7002
2026-09-30 15:54:31,336 | experiments/exp03/seeds/seed45/static/aligned/validation.json | both:d64:u4:pNone
2026-09-30 15:54:38,505 | prediction 4096/7002
2026-09-30 15:54:44,292 | experiments/exp03/seeds/seed45/static/aligned/validation.json | both:d64:u8:pNone
2026-09-30 15:54:51,462 | prediction 4096/7002
2026-09-30 15:54:57,254 | experiments/exp03/seeds/seed45/static/aligned/validation.json | both:d64:u16:pNone
2026-09-30 15:55:04,428 | prediction 4096/7002
2026-09-30 15:55:10,254 | experiments/exp03/seeds/seed45/static/aligned/validation.json | both:d64:u32:pNone
2026-09-30 15:55:17,430 | prediction 4096/7002
2026-09-30 15:55:23,228 | experiments/exp03/seeds/seed45/static/aligned/validation.json | both:d64:u48:pNone
2026-09-30 15:55:30,439 | prediction 4096/7002
2026-09-30 15:55:36,235 | experiments/exp03/seeds/seed45/static/aligned/validation.json | both:d64:u64:pNone
2026-09-30 15:55:43,414 | prediction 4096/7002
2026-09-30 15:55:49,212 | experiments/exp03/seeds/seed45/static/aligned/validation.json | both:d64:u76:pNone
2026-09-30 15:55:56,387 | prediction 4096/7002
2026-09-30 15:56:02,187 | experiments/exp03/seeds/seed45/static/aligned/validation.json | both:d76:u0:pNone
2026-09-30 15:56:09,354 | prediction 4096/7002
2026-09-30 15:56:15,148 | experiments/exp03/seeds/seed45/static/aligned/validation.json | both:d76:u1:pNone
2026-09-30 15:56:22,320 | prediction 4096/7002
2026-09-30 15:56:28,151 | experiments/exp03/seeds/seed45/static/aligned/validation.json | both:d76:u2:pNone
2026-09-30 15:56:35,327 | prediction 4096/7002
2026-09-30 15:56:41,124 | experiments/exp03/seeds/seed45/static/aligned/validation.json | both:d76:u4:pNone
2026-09-30 15:56:48,296 | prediction 4096/7002
2026-09-30 15:56:54,094 | experiments/exp03/seeds/seed45/static/aligned/validation.json | both:d76:u8:pNone
2026-09-30 15:57:01,284 | prediction 4096/7002
2026-09-30 15:57:07,090 | experiments/exp03/seeds/seed45/static/aligned/validation.json | both:d76:u16:pNone
2026-09-30 15:57:14,265 | prediction 4096/7002
2026-09-30 15:57:20,065 | experiments/exp03/seeds/seed45/static/aligned/validation.json | both:d76:u32:pNone
2026-09-30 15:57:27,237 | prediction 4096/7002
2026-09-30 15:57:33,033 | experiments/exp03/seeds/seed45/static/aligned/validation.json | both:d76:u48:pNone
2026-09-30 15:57:40,246 | prediction 4096/7002
2026-09-30 15:57:46,109 | experiments/exp03/seeds/seed45/static/aligned/validation.json | both:d76:u64:pNone
2026-09-30 15:57:53,327 | prediction 4096/7002
2026-09-30 15:57:59,155 | experiments/exp03/seeds/seed45/static/aligned/validation.json | both:d76:u76:pNone
2026-09-30 15:58:06,372 | prediction 4096/7002
2026-09-30 15:58:19,561 | prediction 4096/105181
2026-09-30 15:58:26,747 | prediction 8192/105181
2026-09-30 15:58:33,936 | prediction 12288/105181
2026-09-30 15:58:41,098 | prediction 16384/105181
2026-09-30 15:58:48,241 | prediction 20480/105181
2026-09-30 15:58:55,379 | prediction 24576/105181
2026-09-30 15:59:02,516 | prediction 28672/105181
2026-09-30 15:59:09,655 | prediction 32768/105181
2026-09-30 15:59:16,827 | prediction 36864/105181
2026-09-30 15:59:23,999 | prediction 40960/105181
2026-09-30 15:59:31,165 | prediction 45056/105181
2026-09-30 15:59:38,302 | prediction 49152/105181
2026-09-30 15:59:45,440 | prediction 53248/105181
2026-09-30 15:59:52,577 | prediction 57344/105181
2026-09-30 15:59:59,714 | prediction 61440/105181
2026-09-30 16:00:06,853 | prediction 65536/105181
2026-09-30 16:00:13,993 | prediction 69632/105181
2026-09-30 16:00:21,133 | prediction 73728/105181
2026-09-30 16:00:28,270 | prediction 77824/105181
2026-09-30 16:00:35,413 | prediction 81920/105181
2026-09-30 16:00:42,550 | prediction 86016/105181
2026-09-30 16:00:49,689 | prediction 90112/105181
2026-09-30 16:00:56,832 | prediction 94208/105181
2026-09-30 16:01:03,970 | prediction 98304/105181
2026-09-30 16:01:11,107 | prediction 102400/105181
2026-09-30 16:01:16,468 | experiments/exp03/seeds/seed45/static/as_stored/online_frozen.json | original:dNone:uNone:pNone
2026-09-30 16:01:18,832 | experiments/exp03/seeds/seed45/static/as_stored/online_frozen.json | bypass:dNone:uNone:pNone
2026-09-30 16:01:26,013 | prediction 4096/105181
2026-09-30 16:01:33,191 | prediction 8192/105181
2026-09-30 16:01:40,369 | prediction 12288/105181
2026-09-30 16:01:47,546 | prediction 16384/105181
2026-09-30 16:01:54,724 | prediction 20480/105181
2026-09-30 16:02:01,901 | prediction 24576/105181
2026-09-30 16:02:09,076 | prediction 28672/105181
2026-09-30 16:02:16,252 | prediction 32768/105181
2026-09-30 16:02:23,428 | prediction 36864/105181
2026-09-30 16:02:30,614 | prediction 40960/105181
2026-09-30 16:02:37,789 | prediction 45056/105181
2026-09-30 16:02:44,964 | prediction 49152/105181
2026-09-30 16:02:52,102 | prediction 53248/105181
2026-09-30 16:02:59,237 | prediction 57344/105181
2026-09-30 16:03:06,376 | prediction 61440/105181
2026-09-30 16:03:13,515 | prediction 65536/105181
2026-09-30 16:03:20,657 | prediction 69632/105181
2026-09-30 16:03:27,800 | prediction 73728/105181
2026-09-30 16:03:34,943 | prediction 77824/105181
2026-09-30 16:03:42,086 | prediction 81920/105181
2026-09-30 16:03:49,230 | prediction 86016/105181
2026-09-30 16:03:56,374 | prediction 90112/105181
2026-09-30 16:04:03,517 | prediction 94208/105181
2026-09-30 16:04:10,660 | prediction 98304/105181
2026-09-30 16:04:17,805 | prediction 102400/105181
2026-09-30 16:04:24,185 | experiments/exp03/seeds/seed45/static/as_stored/online_frozen.json | down:d0:uNone:pNone
2026-09-30 16:04:31,348 | prediction 4096/105181
2026-09-30 16:04:38,500 | prediction 8192/105181
2026-09-30 16:04:45,651 | prediction 12288/105181
2026-09-30 16:04:52,804 | prediction 16384/105181
2026-09-30 16:04:59,957 | prediction 20480/105181
2026-09-30 16:05:07,111 | prediction 24576/105181
2026-09-30 16:05:14,262 | prediction 28672/105181
2026-09-30 16:05:21,414 | prediction 32768/105181
2026-09-30 16:05:28,566 | prediction 36864/105181
2026-09-30 16:05:35,718 | prediction 40960/105181
2026-09-30 16:05:42,870 | prediction 45056/105181
2026-09-30 16:05:50,023 | prediction 49152/105181
2026-09-30 16:05:57,179 | prediction 53248/105181
2026-09-30 16:06:04,332 | prediction 57344/105181
2026-09-30 16:06:11,486 | prediction 61440/105181
2026-09-30 16:06:18,638 | prediction 65536/105181
2026-09-30 16:06:25,807 | prediction 69632/105181
2026-09-30 16:06:32,995 | prediction 73728/105181
2026-09-30 16:06:40,175 | prediction 77824/105181
2026-09-30 16:06:47,357 | prediction 81920/105181
2026-09-30 16:06:54,540 | prediction 86016/105181
2026-09-30 16:07:01,720 | prediction 90112/105181
2026-09-30 16:07:08,898 | prediction 94208/105181
2026-09-30 16:07:16,078 | prediction 98304/105181
2026-09-30 16:07:23,260 | prediction 102400/105181
2026-09-30 16:07:29,667 | experiments/exp03/seeds/seed45/static/as_stored/online_frozen.json | down:d1:uNone:pNone
2026-09-30 16:07:36,842 | prediction 4096/105181
2026-09-30 16:07:44,009 | prediction 8192/105181
2026-09-30 16:07:51,176 | prediction 12288/105181
2026-09-30 16:07:58,345 | prediction 16384/105181
2026-09-30 16:08:05,513 | prediction 20480/105181
2026-09-30 16:08:12,680 | prediction 24576/105181
2026-09-30 16:08:19,847 | prediction 28672/105181
2026-09-30 16:08:27,014 | prediction 32768/105181
2026-09-30 16:08:34,189 | prediction 36864/105181
2026-09-30 16:08:41,365 | prediction 40960/105181
2026-09-30 16:08:48,539 | prediction 45056/105181
2026-09-30 16:08:55,710 | prediction 49152/105181
2026-09-30 16:09:02,881 | prediction 53248/105181
2026-09-30 16:09:10,056 | prediction 57344/105181
2026-09-30 16:09:17,234 | prediction 61440/105181
2026-09-30 16:09:24,412 | prediction 65536/105181
2026-09-30 16:09:31,590 | prediction 69632/105181
2026-09-30 16:09:38,769 | prediction 73728/105181
2026-09-30 16:09:45,949 | prediction 77824/105181
2026-09-30 16:09:53,127 | prediction 81920/105181
2026-09-30 16:10:00,306 | prediction 86016/105181
2026-09-30 16:10:07,485 | prediction 90112/105181
2026-09-30 16:10:14,664 | prediction 94208/105181
2026-09-30 16:10:21,843 | prediction 98304/105181
2026-09-30 16:10:29,023 | prediction 102400/105181
2026-09-30 16:10:35,474 | experiments/exp03/seeds/seed45/static/as_stored/online_frozen.json | down:d2:uNone:pNone
2026-09-30 16:10:42,667 | prediction 4096/105181
2026-09-30 16:10:49,853 | prediction 8192/105181
2026-09-30 16:10:57,040 | prediction 12288/105181
2026-09-30 16:11:04,228 | prediction 16384/105181
2026-09-30 16:11:11,414 | prediction 20480/105181
2026-09-30 16:11:18,599 | prediction 24576/105181
2026-09-30 16:11:25,785 | prediction 28672/105181
2026-09-30 16:11:32,970 | prediction 32768/105181
2026-09-30 16:11:40,156 | prediction 36864/105181
2026-09-30 16:11:47,342 | prediction 40960/105181
2026-09-30 16:11:54,527 | prediction 45056/105181
2026-09-30 16:12:01,711 | prediction 49152/105181
2026-09-30 16:12:08,896 | prediction 53248/105181
2026-09-30 16:12:16,080 | prediction 57344/105181
2026-09-30 16:12:23,265 | prediction 61440/105181
2026-09-30 16:12:30,451 | prediction 65536/105181
2026-09-30 16:12:37,644 | prediction 69632/105181
2026-09-30 16:12:44,830 | prediction 73728/105181
2026-09-30 16:12:52,013 | prediction 77824/105181
2026-09-30 16:12:59,196 | prediction 81920/105181
2026-09-30 16:13:06,377 | prediction 86016/105181
2026-09-30 16:13:13,557 | prediction 90112/105181
2026-09-30 16:13:20,738 | prediction 94208/105181
2026-09-30 16:13:27,919 | prediction 98304/105181
2026-09-30 16:13:35,101 | prediction 102400/105181
2026-09-30 16:13:41,511 | experiments/exp03/seeds/seed45/static/as_stored/online_frozen.json | down:d4:uNone:pNone
2026-09-30 16:13:48,704 | prediction 4096/105181
2026-09-30 16:13:55,889 | prediction 8192/105181
2026-09-30 16:14:03,073 | prediction 12288/105181
2026-09-30 16:14:10,258 | prediction 16384/105181
2026-09-30 16:14:17,442 | prediction 20480/105181
2026-09-30 16:14:24,628 | prediction 24576/105181
2026-09-30 16:14:31,820 | prediction 28672/105181
2026-09-30 16:14:39,002 | prediction 32768/105181
2026-09-30 16:14:46,184 | prediction 36864/105181
2026-09-30 16:14:53,365 | prediction 40960/105181
2026-09-30 16:15:00,546 | prediction 45056/105181
2026-09-30 16:15:07,730 | prediction 49152/105181
2026-09-30 16:15:14,911 | prediction 53248/105181
2026-09-30 16:15:22,091 | prediction 57344/105181
2026-09-30 16:15:29,272 | prediction 61440/105181
2026-09-30 16:15:36,447 | prediction 65536/105181
2026-09-30 16:15:43,622 | prediction 69632/105181
2026-09-30 16:15:50,795 | prediction 73728/105181
2026-09-30 16:15:57,968 | prediction 77824/105181
2026-09-30 16:16:05,141 | prediction 81920/105181
2026-09-30 16:16:12,315 | prediction 86016/105181
2026-09-30 16:16:19,488 | prediction 90112/105181
2026-09-30 16:16:26,663 | prediction 94208/105181
2026-09-30 16:16:33,841 | prediction 98304/105181
2026-09-30 16:16:41,016 | prediction 102400/105181
2026-09-30 16:16:47,421 | experiments/exp03/seeds/seed45/static/as_stored/online_frozen.json | down:d8:uNone:pNone
2026-09-30 16:16:54,602 | prediction 4096/105181
2026-09-30 16:17:01,781 | prediction 8192/105181
2026-09-30 16:17:08,960 | prediction 12288/105181
2026-09-30 16:17:16,139 | prediction 16384/105181
2026-09-30 16:17:23,316 | prediction 20480/105181
2026-09-30 16:17:30,493 | prediction 24576/105181
2026-09-30 16:17:37,674 | prediction 28672/105181
2026-09-30 16:17:44,854 | prediction 32768/105181
2026-09-30 16:17:52,029 | prediction 36864/105181
2026-09-30 16:17:59,206 | prediction 40960/105181
2026-09-30 16:18:06,386 | prediction 45056/105181
2026-09-30 16:18:13,564 | prediction 49152/105181
2026-09-30 16:18:20,741 | prediction 53248/105181
2026-09-30 16:18:27,918 | prediction 57344/105181
2026-09-30 16:18:35,099 | prediction 61440/105181
2026-09-30 16:18:42,276 | prediction 65536/105181
2026-09-30 16:18:49,454 | prediction 69632/105181
2026-09-30 16:18:56,632 | prediction 73728/105181
2026-09-30 16:19:03,809 | prediction 77824/105181
2026-09-30 16:19:10,987 | prediction 81920/105181
2026-09-30 16:19:18,164 | prediction 86016/105181
2026-09-30 16:19:25,346 | prediction 90112/105181
2026-09-30 16:19:32,524 | prediction 94208/105181
2026-09-30 16:19:39,702 | prediction 98304/105181
2026-09-30 16:19:46,882 | prediction 102400/105181
2026-09-30 16:19:53,298 | experiments/exp03/seeds/seed45/static/as_stored/online_frozen.json | down:d16:uNone:pNone
2026-09-30 16:20:00,486 | prediction 4096/105181
2026-09-30 16:20:07,667 | prediction 8192/105181
2026-09-30 16:20:14,844 | prediction 12288/105181
2026-09-30 16:20:22,023 | prediction 16384/105181
2026-09-30 16:20:29,205 | prediction 20480/105181
2026-09-30 16:20:36,390 | prediction 24576/105181
2026-09-30 16:20:43,546 | prediction 28672/105181
2026-09-30 16:20:50,686 | prediction 32768/105181
2026-09-30 16:20:57,829 | prediction 36864/105181
2026-09-30 16:21:04,970 | prediction 40960/105181
2026-09-30 16:21:12,113 | prediction 45056/105181
2026-09-30 16:21:19,253 | prediction 49152/105181
2026-09-30 16:21:26,394 | prediction 53248/105181
2026-09-30 16:21:33,537 | prediction 57344/105181
2026-09-30 16:21:40,678 | prediction 61440/105181
2026-09-30 16:21:47,819 | prediction 65536/105181
2026-09-30 16:21:54,960 | prediction 69632/105181
2026-09-30 16:22:02,101 | prediction 73728/105181
2026-09-30 16:22:09,243 | prediction 77824/105181
2026-09-30 16:22:16,385 | prediction 81920/105181
2026-09-30 16:22:23,529 | prediction 86016/105181
2026-09-30 16:22:30,679 | prediction 90112/105181
2026-09-30 16:22:37,833 | prediction 94208/105181
2026-09-30 16:22:44,982 | prediction 98304/105181
2026-09-30 16:22:52,122 | prediction 102400/105181
2026-09-30 16:22:58,508 | experiments/exp03/seeds/seed45/static/as_stored/online_frozen.json | down:d32:uNone:pNone
2026-09-30 16:23:05,686 | prediction 4096/105181
2026-09-30 16:23:12,833 | prediction 8192/105181
2026-09-30 16:23:19,980 | prediction 12288/105181
2026-09-30 16:23:27,125 | prediction 16384/105181
2026-09-30 16:23:34,273 | prediction 20480/105181
2026-09-30 16:23:41,418 | prediction 24576/105181
2026-09-30 16:23:48,563 | prediction 28672/105181
2026-09-30 16:23:55,708 | prediction 32768/105181
2026-09-30 16:24:02,854 | prediction 36864/105181
2026-09-30 16:24:10,003 | prediction 40960/105181
2026-09-30 16:24:17,153 | prediction 45056/105181
2026-09-30 16:24:24,303 | prediction 49152/105181
2026-09-30 16:24:31,482 | prediction 53248/105181
2026-09-30 16:24:38,655 | prediction 57344/105181
2026-09-30 16:24:45,829 | prediction 61440/105181
2026-09-30 16:24:53,003 | prediction 65536/105181
2026-09-30 16:25:00,177 | prediction 69632/105181
2026-09-30 16:25:07,352 | prediction 73728/105181
2026-09-30 16:25:14,526 | prediction 77824/105181
2026-09-30 16:25:21,700 | prediction 81920/105181
2026-09-30 16:25:28,874 | prediction 86016/105181
2026-09-30 16:25:36,049 | prediction 90112/105181
2026-09-30 16:25:43,230 | prediction 94208/105181
2026-09-30 16:25:50,403 | prediction 98304/105181
2026-09-30 16:25:57,575 | prediction 102400/105181
2026-09-30 16:26:04,017 | experiments/exp03/seeds/seed45/static/as_stored/online_frozen.json | down:d48:uNone:pNone
2026-09-30 16:26:11,231 | prediction 4096/105181
2026-09-30 16:26:18,411 | prediction 8192/105181
2026-09-30 16:26:25,592 | prediction 12288/105181
2026-09-30 16:26:32,779 | prediction 16384/105181
2026-09-30 16:26:39,960 | prediction 20480/105181
2026-09-30 16:26:47,142 | prediction 24576/105181
2026-09-30 16:26:54,324 | prediction 28672/105181
2026-09-30 16:27:01,506 | prediction 32768/105181
2026-09-30 16:27:08,689 | prediction 36864/105181
2026-09-30 16:27:15,872 | prediction 40960/105181
2026-09-30 16:27:23,053 | prediction 45056/105181
2026-09-30 16:27:30,237 | prediction 49152/105181
2026-09-30 16:27:37,419 | prediction 53248/105181
2026-09-30 16:27:44,604 | prediction 57344/105181
2026-09-30 16:27:51,783 | prediction 61440/105181
2026-09-30 16:27:58,963 | prediction 65536/105181
2026-09-30 16:28:06,144 | prediction 69632/105181
2026-09-30 16:28:13,325 | prediction 73728/105181
2026-09-30 16:28:20,506 | prediction 77824/105181
2026-09-30 16:28:27,690 | prediction 81920/105181
2026-09-30 16:28:34,875 | prediction 86016/105181
2026-09-30 16:28:42,056 | prediction 90112/105181
2026-09-30 16:28:49,236 | prediction 94208/105181
2026-09-30 16:28:56,417 | prediction 98304/105181
2026-09-30 16:29:03,597 | prediction 102400/105181
2026-09-30 16:29:10,011 | experiments/exp03/seeds/seed45/static/as_stored/online_frozen.json | down:d64:uNone:pNone
2026-09-30 16:29:17,224 | prediction 4096/105181
2026-09-30 16:29:24,406 | prediction 8192/105181
2026-09-30 16:29:31,589 | prediction 12288/105181
2026-09-30 16:29:38,771 | prediction 16384/105181
2026-09-30 16:29:45,954 | prediction 20480/105181
2026-09-30 16:29:53,138 | prediction 24576/105181
2026-09-30 16:30:00,319 | prediction 28672/105181
2026-09-30 16:30:07,505 | prediction 32768/105181
2026-09-30 16:30:14,689 | prediction 36864/105181
2026-09-30 16:30:21,872 | prediction 40960/105181
2026-09-30 16:30:29,055 | prediction 45056/105181
2026-09-30 16:30:36,240 | prediction 49152/105181
2026-09-30 16:30:43,421 | prediction 53248/105181
2026-09-30 16:30:50,604 | prediction 57344/105181
2026-09-30 16:30:57,785 | prediction 61440/105181
2026-09-30 16:31:04,967 | prediction 65536/105181
2026-09-30 16:31:12,151 | prediction 69632/105181
2026-09-30 16:31:19,335 | prediction 73728/105181
2026-09-30 16:31:26,518 | prediction 77824/105181
2026-09-30 16:31:33,702 | prediction 81920/105181
2026-09-30 16:31:40,885 | prediction 86016/105181
2026-09-30 16:31:48,068 | prediction 90112/105181
2026-09-30 16:31:55,251 | prediction 94208/105181
2026-09-30 16:32:02,436 | prediction 98304/105181
2026-09-30 16:32:09,622 | prediction 102400/105181
2026-09-30 16:32:16,039 | experiments/exp03/seeds/seed45/static/as_stored/online_frozen.json | down:d76:uNone:pNone
2026-09-30 16:32:23,257 | prediction 4096/105181
2026-09-30 16:32:30,445 | prediction 8192/105181
2026-09-30 16:32:37,634 | prediction 12288/105181
2026-09-30 16:32:44,815 | prediction 16384/105181
2026-09-30 16:32:51,990 | prediction 20480/105181
2026-09-30 16:32:59,166 | prediction 24576/105181
2026-09-30 16:33:06,342 | prediction 28672/105181
2026-09-30 16:33:13,513 | prediction 32768/105181
2026-09-30 16:33:20,658 | prediction 36864/105181
2026-09-30 16:33:27,802 | prediction 40960/105181
2026-09-30 16:33:34,947 | prediction 45056/105181
2026-09-30 16:33:42,090 | prediction 49152/105181
2026-09-30 16:33:49,233 | prediction 53248/105181
2026-09-30 16:33:56,376 | prediction 57344/105181
2026-09-30 16:34:03,520 | prediction 61440/105181
2026-09-30 16:34:10,666 | prediction 65536/105181
2026-09-30 16:34:17,812 | prediction 69632/105181
2026-09-30 16:34:24,958 | prediction 73728/105181
2026-09-30 16:34:32,105 | prediction 77824/105181
2026-09-30 16:34:39,252 | prediction 81920/105181
2026-09-30 16:34:46,399 | prediction 86016/105181
2026-09-30 16:34:53,543 | prediction 90112/105181
2026-09-30 16:35:00,688 | prediction 94208/105181
2026-09-30 16:35:07,847 | prediction 98304/105181
2026-09-30 16:35:15,025 | prediction 102400/105181
2026-09-30 16:35:22,301 | experiments/exp03/seeds/seed45/static/as_stored/online_frozen.json | up:dNone:u0:pNone
2026-09-30 16:35:29,494 | prediction 4096/105181
2026-09-30 16:35:36,677 | prediction 8192/105181
2026-09-30 16:35:43,860 | prediction 12288/105181
2026-09-30 16:35:51,043 | prediction 16384/105181
2026-09-30 16:35:58,226 | prediction 20480/105181
2026-09-30 16:36:05,412 | prediction 24576/105181
2026-09-30 16:36:12,596 | prediction 28672/105181
2026-09-30 16:36:19,782 | prediction 32768/105181
2026-09-30 16:36:26,965 | prediction 36864/105181
2026-09-30 16:36:34,152 | prediction 40960/105181
2026-09-30 16:36:41,334 | prediction 45056/105181
2026-09-30 16:36:48,512 | prediction 49152/105181
2026-09-30 16:36:55,691 | prediction 53248/105181
2026-09-30 16:37:02,868 | prediction 57344/105181
2026-09-30 16:37:10,047 | prediction 61440/105181
2026-09-30 16:37:17,225 | prediction 65536/105181
2026-09-30 16:37:24,404 | prediction 69632/105181
2026-09-30 16:37:31,584 | prediction 73728/105181
2026-09-30 16:37:38,763 | prediction 77824/105181
2026-09-30 16:37:45,945 | prediction 81920/105181
2026-09-30 16:37:53,131 | prediction 86016/105181
2026-09-30 16:38:00,317 | prediction 90112/105181
2026-09-30 16:38:07,503 | prediction 94208/105181
2026-09-30 16:38:14,690 | prediction 98304/105181
2026-09-30 16:38:21,876 | prediction 102400/105181
2026-09-30 16:38:28,296 | experiments/exp03/seeds/seed45/static/as_stored/online_frozen.json | up:dNone:u1:pNone
2026-09-30 16:38:35,489 | prediction 4096/105181
2026-09-30 16:38:42,667 | prediction 8192/105181
2026-09-30 16:38:49,844 | prediction 12288/105181
2026-09-30 16:38:57,022 | prediction 16384/105181
2026-09-30 16:39:04,200 | prediction 20480/105181
2026-09-30 16:39:11,376 | prediction 24576/105181
2026-09-30 16:39:18,555 | prediction 28672/105181
2026-09-30 16:39:25,732 | prediction 32768/105181
2026-09-30 16:39:32,911 | prediction 36864/105181
2026-09-30 16:39:40,091 | prediction 40960/105181
2026-09-30 16:39:47,268 | prediction 45056/105181
2026-09-30 16:39:54,445 | prediction 49152/105181
2026-09-30 16:40:01,622 | prediction 53248/105181
2026-09-30 16:40:08,799 | prediction 57344/105181
2026-09-30 16:40:15,976 | prediction 61440/105181
2026-09-30 16:40:23,154 | prediction 65536/105181
2026-09-30 16:40:30,333 | prediction 69632/105181
2026-09-30 16:40:37,516 | prediction 73728/105181
2026-09-30 16:40:44,694 | prediction 77824/105181
2026-09-30 16:40:51,872 | prediction 81920/105181
2026-09-30 16:40:59,048 | prediction 86016/105181
2026-09-30 16:41:06,226 | prediction 90112/105181
2026-09-30 16:41:13,403 | prediction 94208/105181
2026-09-30 16:41:20,583 | prediction 98304/105181
2026-09-30 16:41:27,761 | prediction 102400/105181
2026-09-30 16:41:34,174 | experiments/exp03/seeds/seed45/static/as_stored/online_frozen.json | up:dNone:u2:pNone
2026-09-30 16:41:41,359 | prediction 4096/105181
2026-09-30 16:41:48,539 | prediction 8192/105181
2026-09-30 16:41:55,720 | prediction 12288/105181
2026-09-30 16:42:02,898 | prediction 16384/105181
2026-09-30 16:42:10,077 | prediction 20480/105181
2026-09-30 16:42:17,256 | prediction 24576/105181
2026-09-30 16:42:24,437 | prediction 28672/105181
2026-09-30 16:42:31,620 | prediction 32768/105181
2026-09-30 16:42:38,799 | prediction 36864/105181
2026-09-30 16:42:45,979 | prediction 40960/105181
2026-09-30 16:42:53,160 | prediction 45056/105181
2026-09-30 16:43:00,339 | prediction 49152/105181
2026-09-30 16:43:07,518 | prediction 53248/105181
2026-09-30 16:43:14,697 | prediction 57344/105181
2026-09-30 16:43:21,875 | prediction 61440/105181
2026-09-30 16:43:29,057 | prediction 65536/105181
2026-09-30 16:43:36,237 | prediction 69632/105181
2026-09-30 16:43:43,413 | prediction 73728/105181
2026-09-30 16:43:50,588 | prediction 77824/105181
2026-09-30 16:43:57,762 | prediction 81920/105181
2026-09-30 16:44:04,941 | prediction 86016/105181
2026-09-30 16:44:12,123 | prediction 90112/105181
2026-09-30 16:44:19,305 | prediction 94208/105181
2026-09-30 16:44:26,487 | prediction 98304/105181
2026-09-30 16:44:33,672 | prediction 102400/105181
2026-09-30 16:44:40,085 | experiments/exp03/seeds/seed45/static/as_stored/online_frozen.json | up:dNone:u4:pNone
2026-09-30 16:44:47,274 | prediction 4096/105181
2026-09-30 16:44:54,458 | prediction 8192/105181
2026-09-30 16:45:01,641 | prediction 12288/105181
2026-09-30 16:45:08,828 | prediction 16384/105181
2026-09-30 16:45:16,010 | prediction 20480/105181
2026-09-30 16:45:23,194 | prediction 24576/105181
2026-09-30 16:45:30,376 | prediction 28672/105181
2026-09-30 16:45:37,560 | prediction 32768/105181
2026-09-30 16:45:44,743 | prediction 36864/105181
2026-09-30 16:45:51,927 | prediction 40960/105181
2026-09-30 16:45:59,112 | prediction 45056/105181
2026-09-30 16:46:06,261 | prediction 49152/105181
2026-09-30 16:46:13,407 | prediction 53248/105181
2026-09-30 16:46:20,555 | prediction 57344/105181
2026-09-30 16:46:27,709 | prediction 61440/105181
2026-09-30 16:46:34,866 | prediction 65536/105181
2026-09-30 16:46:42,019 | prediction 69632/105181
2026-09-30 16:46:49,165 | prediction 73728/105181
2026-09-30 16:46:56,313 | prediction 77824/105181
2026-09-30 16:47:03,460 | prediction 81920/105181
2026-09-30 16:47:10,607 | prediction 86016/105181
2026-09-30 16:47:17,785 | prediction 90112/105181
2026-09-30 16:47:24,965 | prediction 94208/105181
2026-09-30 16:47:32,147 | prediction 98304/105181
2026-09-30 16:47:39,326 | prediction 102400/105181
2026-09-30 16:47:45,773 | experiments/exp03/seeds/seed45/static/as_stored/online_frozen.json | up:dNone:u8:pNone
2026-09-30 16:47:52,965 | prediction 4096/105181
2026-09-30 16:48:00,147 | prediction 8192/105181
2026-09-30 16:48:07,333 | prediction 12288/105181
2026-09-30 16:48:14,515 | prediction 16384/105181
2026-09-30 16:48:21,698 | prediction 20480/105181
2026-09-30 16:48:28,881 | prediction 24576/105181
2026-09-30 16:48:36,066 | prediction 28672/105181
2026-09-30 16:48:43,251 | prediction 32768/105181
2026-09-30 16:48:50,436 | prediction 36864/105181
2026-09-30 16:48:57,619 | prediction 40960/105181
2026-09-30 16:49:04,802 | prediction 45056/105181
2026-09-30 16:49:11,986 | prediction 49152/105181
2026-09-30 16:49:19,171 | prediction 53248/105181
2026-09-30 16:49:26,356 | prediction 57344/105181
2026-09-30 16:49:33,539 | prediction 61440/105181
2026-09-30 16:49:40,722 | prediction 65536/105181
2026-09-30 16:49:47,905 | prediction 69632/105181
2026-09-30 16:49:55,088 | prediction 73728/105181
2026-09-30 16:50:02,269 | prediction 77824/105181
2026-09-30 16:50:09,453 | prediction 81920/105181
2026-09-30 16:50:16,635 | prediction 86016/105181
2026-09-30 16:50:23,816 | prediction 90112/105181
2026-09-30 16:50:31,001 | prediction 94208/105181
2026-09-30 16:50:38,187 | prediction 98304/105181
2026-09-30 16:50:45,374 | prediction 102400/105181
2026-09-30 16:50:51,791 | experiments/exp03/seeds/seed45/static/as_stored/online_frozen.json | up:dNone:u16:pNone
2026-09-30 16:50:58,978 | prediction 4096/105181
2026-09-30 16:51:06,161 | prediction 8192/105181
2026-09-30 16:51:13,345 | prediction 12288/105181
2026-09-30 16:51:20,529 | prediction 16384/105181
2026-09-30 16:51:27,711 | prediction 20480/105181
2026-09-30 16:51:34,895 | prediction 24576/105181
2026-09-30 16:51:42,077 | prediction 28672/105181
2026-09-30 16:51:49,259 | prediction 32768/105181
2026-09-30 16:51:56,442 | prediction 36864/105181
2026-09-30 16:52:03,626 | prediction 40960/105181
2026-09-30 16:52:10,808 | prediction 45056/105181
2026-09-30 16:52:17,992 | prediction 49152/105181
2026-09-30 16:52:25,145 | prediction 53248/105181
2026-09-30 16:52:32,296 | prediction 57344/105181
2026-09-30 16:52:39,449 | prediction 61440/105181
2026-09-30 16:52:46,595 | prediction 65536/105181
2026-09-30 16:52:53,742 | prediction 69632/105181
2026-09-30 16:53:00,885 | prediction 73728/105181
2026-09-30 16:53:08,029 | prediction 77824/105181
2026-09-30 16:53:15,174 | prediction 81920/105181
2026-09-30 16:53:22,317 | prediction 86016/105181
2026-09-30 16:53:29,454 | prediction 90112/105181
2026-09-30 16:53:36,598 | prediction 94208/105181
2026-09-30 16:53:43,742 | prediction 98304/105181
2026-09-30 16:53:50,886 | prediction 102400/105181
2026-09-30 16:53:57,277 | experiments/exp03/seeds/seed45/static/as_stored/online_frozen.json | up:dNone:u32:pNone
2026-09-30 16:54:04,456 | prediction 4096/105181
2026-09-30 16:54:11,604 | prediction 8192/105181
2026-09-30 16:54:18,755 | prediction 12288/105181
2026-09-30 16:54:25,907 | prediction 16384/105181
2026-09-30 16:54:33,062 | prediction 20480/105181
2026-09-30 16:54:40,212 | prediction 24576/105181
2026-09-30 16:54:47,361 | prediction 28672/105181
2026-09-30 16:54:54,508 | prediction 32768/105181
2026-09-30 16:55:01,656 | prediction 36864/105181
2026-09-30 16:55:08,807 | prediction 40960/105181
2026-09-30 16:55:15,956 | prediction 45056/105181
2026-09-30 16:55:23,105 | prediction 49152/105181
2026-09-30 16:55:30,254 | prediction 53248/105181
2026-09-30 16:55:37,403 | prediction 57344/105181
2026-09-30 16:55:44,552 | prediction 61440/105181
2026-09-30 16:55:51,700 | prediction 65536/105181
2026-09-30 16:55:58,848 | prediction 69632/105181
2026-09-30 16:56:05,996 | prediction 73728/105181
2026-09-30 16:56:13,145 | prediction 77824/105181
2026-09-30 16:56:20,293 | prediction 81920/105181
2026-09-30 16:56:27,442 | prediction 86016/105181
2026-09-30 16:56:34,592 | prediction 90112/105181
2026-09-30 16:56:41,741 | prediction 94208/105181
2026-09-30 16:56:48,889 | prediction 98304/105181
2026-09-30 16:56:56,037 | prediction 102400/105181
2026-09-30 16:57:02,429 | experiments/exp03/seeds/seed45/static/as_stored/online_frozen.json | up:dNone:u48:pNone
2026-09-30 16:57:09,608 | prediction 4096/105181
2026-09-30 16:57:16,758 | prediction 8192/105181
2026-09-30 16:57:23,905 | prediction 12288/105181
2026-09-30 16:57:31,051 | prediction 16384/105181
2026-09-30 16:57:38,196 | prediction 20480/105181
2026-09-30 16:57:45,344 | prediction 24576/105181
2026-09-30 16:57:52,490 | prediction 28672/105181
2026-09-30 16:57:59,634 | prediction 32768/105181
2026-09-30 16:58:06,780 | prediction 36864/105181
2026-09-30 16:58:13,932 | prediction 40960/105181
2026-09-30 16:58:21,081 | prediction 45056/105181
2026-09-30 16:58:28,231 | prediction 49152/105181
2026-09-30 16:58:35,380 | prediction 53248/105181
2026-09-30 16:58:42,526 | prediction 57344/105181
2026-09-30 16:58:49,672 | prediction 61440/105181
2026-09-30 16:58:56,817 | prediction 65536/105181
2026-09-30 16:59:03,962 | prediction 69632/105181
2026-09-30 16:59:11,107 | prediction 73728/105181
2026-09-30 16:59:18,252 | prediction 77824/105181
2026-09-30 16:59:25,397 | prediction 81920/105181
2026-09-30 16:59:32,543 | prediction 86016/105181
2026-09-30 16:59:39,690 | prediction 90112/105181
2026-09-30 16:59:46,838 | prediction 94208/105181
2026-09-30 16:59:53,982 | prediction 98304/105181
2026-09-30 17:00:01,127 | prediction 102400/105181
2026-09-30 17:00:07,520 | experiments/exp03/seeds/seed45/static/as_stored/online_frozen.json | up:dNone:u64:pNone
2026-09-30 17:00:14,703 | prediction 4096/105181
2026-09-30 17:00:21,852 | prediction 8192/105181
2026-09-30 17:00:29,005 | prediction 12288/105181
2026-09-30 17:00:36,158 | prediction 16384/105181
2026-09-30 17:00:43,305 | prediction 20480/105181
2026-09-30 17:00:50,452 | prediction 24576/105181
2026-09-30 17:00:57,595 | prediction 28672/105181
2026-09-30 17:01:04,743 | prediction 32768/105181
2026-09-30 17:01:11,892 | prediction 36864/105181
2026-09-30 17:01:19,039 | prediction 40960/105181
2026-09-30 17:01:26,189 | prediction 45056/105181
2026-09-30 17:01:33,335 | prediction 49152/105181
2026-09-30 17:01:40,483 | prediction 53248/105181
2026-09-30 17:01:47,633 | prediction 57344/105181
2026-09-30 17:01:54,780 | prediction 61440/105181
2026-09-30 17:02:01,931 | prediction 65536/105181
2026-09-30 17:02:09,078 | prediction 69632/105181
2026-09-30 17:02:16,228 | prediction 73728/105181
2026-09-30 17:02:23,377 | prediction 77824/105181
2026-09-30 17:02:30,524 | prediction 81920/105181
2026-09-30 17:02:37,679 | prediction 86016/105181
2026-09-30 17:02:44,827 | prediction 90112/105181
2026-09-30 17:02:51,977 | prediction 94208/105181
2026-09-30 17:02:59,125 | prediction 98304/105181
2026-09-30 17:03:06,296 | prediction 102400/105181
2026-09-30 17:03:12,706 | experiments/exp03/seeds/seed45/static/as_stored/online_frozen.json | up:dNone:u76:pNone
2026-09-30 17:03:19,915 | prediction 4096/105181
2026-09-30 17:03:27,094 | prediction 8192/105181
2026-09-30 17:03:34,272 | prediction 12288/105181
2026-09-30 17:03:41,452 | prediction 16384/105181
2026-09-30 17:03:48,632 | prediction 20480/105181
2026-09-30 17:03:55,811 | prediction 24576/105181
2026-09-30 17:04:02,990 | prediction 28672/105181
2026-09-30 17:04:10,175 | prediction 32768/105181
2026-09-30 17:04:17,354 | prediction 36864/105181
2026-09-30 17:04:24,536 | prediction 40960/105181
2026-09-30 17:04:31,718 | prediction 45056/105181
2026-09-30 17:04:38,901 | prediction 49152/105181
2026-09-30 17:04:46,084 | prediction 53248/105181
2026-09-30 17:04:53,266 | prediction 57344/105181
2026-09-30 17:05:00,447 | prediction 61440/105181
2026-09-30 17:05:07,630 | prediction 65536/105181
2026-09-30 17:05:14,813 | prediction 69632/105181
2026-09-30 17:05:21,997 | prediction 73728/105181
2026-09-30 17:05:29,180 | prediction 77824/105181
2026-09-30 17:05:36,362 | prediction 81920/105181
2026-09-30 17:05:43,544 | prediction 86016/105181
2026-09-30 17:05:50,727 | prediction 90112/105181
2026-09-30 17:05:57,912 | prediction 94208/105181
2026-09-30 17:06:05,097 | prediction 98304/105181
2026-09-30 17:06:12,282 | prediction 102400/105181
2026-09-30 17:06:19,597 | experiments/exp03/seeds/seed45/static/as_stored/online_frozen.json | both:d0:u0:pNone
2026-09-30 17:06:26,796 | prediction 4096/105181
2026-09-30 17:06:33,988 | prediction 8192/105181
2026-09-30 17:06:41,182 | prediction 12288/105181
2026-09-30 17:06:48,376 | prediction 16384/105181
2026-09-30 17:06:55,570 | prediction 20480/105181
2026-09-30 17:07:02,761 | prediction 24576/105181
2026-09-30 17:07:09,953 | prediction 28672/105181
2026-09-30 17:07:17,147 | prediction 32768/105181
2026-09-30 17:07:24,340 | prediction 36864/105181
2026-09-30 17:07:31,531 | prediction 40960/105181
2026-09-30 17:07:38,723 | prediction 45056/105181
2026-09-30 17:07:45,915 | prediction 49152/105181
2026-09-30 17:07:53,107 | prediction 53248/105181
2026-09-30 17:08:00,298 | prediction 57344/105181
2026-09-30 17:08:07,490 | prediction 61440/105181
2026-09-30 17:08:14,682 | prediction 65536/105181
2026-09-30 17:08:21,873 | prediction 69632/105181
2026-09-30 17:08:29,065 | prediction 73728/105181
2026-09-30 17:08:36,258 | prediction 77824/105181
2026-09-30 17:08:43,449 | prediction 81920/105181
2026-09-30 17:08:50,639 | prediction 86016/105181
2026-09-30 17:08:57,831 | prediction 90112/105181
2026-09-30 17:09:05,023 | prediction 94208/105181
2026-09-30 17:09:12,215 | prediction 98304/105181
2026-09-30 17:09:19,406 | prediction 102400/105181
2026-09-30 17:09:25,834 | experiments/exp03/seeds/seed45/static/as_stored/online_frozen.json | both:d1:u1:pNone
2026-09-30 17:09:33,028 | prediction 4096/105181
2026-09-30 17:09:40,217 | prediction 8192/105181
2026-09-30 17:09:47,404 | prediction 12288/105181
2026-09-30 17:09:54,591 | prediction 16384/105181
2026-09-30 17:10:01,780 | prediction 20480/105181
2026-09-30 17:10:08,970 | prediction 24576/105181
2026-09-30 17:10:16,157 | prediction 28672/105181
2026-09-30 17:10:23,345 | prediction 32768/105181
2026-09-30 17:10:30,533 | prediction 36864/105181
2026-09-30 17:10:37,725 | prediction 40960/105181
2026-09-30 17:10:44,916 | prediction 45056/105181
2026-09-30 17:10:52,109 | prediction 49152/105181
2026-09-30 17:10:59,298 | prediction 53248/105181
2026-09-30 17:11:06,487 | prediction 57344/105181
2026-09-30 17:11:13,676 | prediction 61440/105181
2026-09-30 17:11:20,865 | prediction 65536/105181
2026-09-30 17:11:28,056 | prediction 69632/105181
2026-09-30 17:11:35,245 | prediction 73728/105181
2026-09-30 17:11:42,433 | prediction 77824/105181
2026-09-30 17:11:49,623 | prediction 81920/105181
2026-09-30 17:11:56,812 | prediction 86016/105181
2026-09-30 17:12:04,002 | prediction 90112/105181
2026-09-30 17:12:11,190 | prediction 94208/105181
2026-09-30 17:12:18,379 | prediction 98304/105181
2026-09-30 17:12:25,567 | prediction 102400/105181
2026-09-30 17:12:31,996 | experiments/exp03/seeds/seed45/static/as_stored/online_frozen.json | both:d2:u2:pNone
2026-09-30 17:12:39,192 | prediction 4096/105181
2026-09-30 17:12:46,381 | prediction 8192/105181
2026-09-30 17:12:53,571 | prediction 12288/105181
2026-09-30 17:13:00,760 | prediction 16384/105181
2026-09-30 17:13:07,936 | prediction 20480/105181
2026-09-30 17:13:15,090 | prediction 24576/105181
2026-09-30 17:13:22,243 | prediction 28672/105181
2026-09-30 17:13:29,397 | prediction 32768/105181
2026-09-30 17:13:36,552 | prediction 36864/105181
2026-09-30 17:13:43,704 | prediction 40960/105181
2026-09-30 17:13:50,858 | prediction 45056/105181
2026-09-30 17:13:58,010 | prediction 49152/105181
2026-09-30 17:14:05,164 | prediction 53248/105181
2026-09-30 17:14:12,317 | prediction 57344/105181
2026-09-30 17:14:19,468 | prediction 61440/105181
2026-09-30 17:14:26,621 | prediction 65536/105181
2026-09-30 17:14:33,776 | prediction 69632/105181
2026-09-30 17:14:40,928 | prediction 73728/105181
2026-09-30 17:14:48,082 | prediction 77824/105181
2026-09-30 17:14:55,234 | prediction 81920/105181
2026-09-30 17:15:02,387 | prediction 86016/105181
2026-09-30 17:15:09,534 | prediction 90112/105181
2026-09-30 17:15:16,684 | prediction 94208/105181
2026-09-30 17:15:23,837 | prediction 98304/105181
2026-09-30 17:15:30,991 | prediction 102400/105181
2026-09-30 17:15:37,391 | experiments/exp03/seeds/seed45/static/as_stored/online_frozen.json | both:d4:u4:pNone
2026-09-30 17:15:44,557 | prediction 4096/105181
2026-09-30 17:15:51,716 | prediction 8192/105181
2026-09-30 17:15:58,865 | prediction 12288/105181
2026-09-30 17:16:06,015 | prediction 16384/105181
2026-09-30 17:16:13,165 | prediction 20480/105181
2026-09-30 17:16:20,314 | prediction 24576/105181
2026-09-30 17:16:27,465 | prediction 28672/105181
2026-09-30 17:16:34,616 | prediction 32768/105181
2026-09-30 17:16:41,763 | prediction 36864/105181
2026-09-30 17:16:48,910 | prediction 40960/105181
2026-09-30 17:16:56,058 | prediction 45056/105181
2026-09-30 17:17:03,212 | prediction 49152/105181
2026-09-30 17:17:10,362 | prediction 53248/105181
2026-09-30 17:17:17,509 | prediction 57344/105181
2026-09-30 17:17:24,657 | prediction 61440/105181
2026-09-30 17:17:31,804 | prediction 65536/105181
2026-09-30 17:17:38,951 | prediction 69632/105181
2026-09-30 17:17:46,100 | prediction 73728/105181
2026-09-30 17:17:53,247 | prediction 77824/105181
2026-09-30 17:18:00,396 | prediction 81920/105181
2026-09-30 17:18:07,547 | prediction 86016/105181
2026-09-30 17:18:14,696 | prediction 90112/105181
2026-09-30 17:18:21,845 | prediction 94208/105181
2026-09-30 17:18:28,995 | prediction 98304/105181
2026-09-30 17:18:36,150 | prediction 102400/105181
2026-09-30 17:18:42,543 | experiments/exp03/seeds/seed45/static/as_stored/online_frozen.json | both:d8:u8:pNone
2026-09-30 17:18:49,702 | prediction 4096/105181
2026-09-30 17:18:56,852 | prediction 8192/105181
2026-09-30 17:19:04,002 | prediction 12288/105181
2026-09-30 17:19:11,148 | prediction 16384/105181
2026-09-30 17:19:18,293 | prediction 20480/105181
2026-09-30 17:19:25,439 | prediction 24576/105181
2026-09-30 17:19:32,587 | prediction 28672/105181
2026-09-30 17:19:39,734 | prediction 32768/105181
2026-09-30 17:19:46,882 | prediction 36864/105181
2026-09-30 17:19:54,029 | prediction 40960/105181
2026-09-30 17:20:01,170 | prediction 45056/105181
2026-09-30 17:20:08,314 | prediction 49152/105181
2026-09-30 17:20:15,460 | prediction 53248/105181
2026-09-30 17:20:22,605 | prediction 57344/105181
2026-09-30 17:20:29,749 | prediction 61440/105181
2026-09-30 17:20:36,907 | prediction 65536/105181
2026-09-30 17:20:44,064 | prediction 69632/105181
2026-09-30 17:20:51,219 | prediction 73728/105181
2026-09-30 17:20:58,376 | prediction 77824/105181
2026-09-30 17:21:05,531 | prediction 81920/105181
2026-09-30 17:21:12,686 | prediction 86016/105181
2026-09-30 17:21:19,838 | prediction 90112/105181
2026-09-30 17:21:26,996 | prediction 94208/105181
2026-09-30 17:21:34,148 | prediction 98304/105181
2026-09-30 17:21:41,295 | prediction 102400/105181
2026-09-30 17:21:47,720 | experiments/exp03/seeds/seed45/static/as_stored/online_frozen.json | both:d16:u16:pNone
2026-09-30 17:21:54,871 | prediction 4096/105181
2026-09-30 17:22:02,020 | prediction 8192/105181
2026-09-30 17:22:09,172 | prediction 12288/105181
2026-09-30 17:22:16,317 | prediction 16384/105181
2026-09-30 17:22:23,464 | prediction 20480/105181
2026-09-30 17:22:30,611 | prediction 24576/105181
2026-09-30 17:22:37,762 | prediction 28672/105181
2026-09-30 17:22:44,911 | prediction 32768/105181
2026-09-30 17:22:52,059 | prediction 36864/105181
2026-09-30 17:22:59,206 | prediction 40960/105181
2026-09-30 17:23:06,356 | prediction 45056/105181
2026-09-30 17:23:13,506 | prediction 49152/105181
2026-09-30 17:23:20,654 | prediction 53248/105181
2026-09-30 17:23:27,804 | prediction 57344/105181
2026-09-30 17:23:34,948 | prediction 61440/105181
2026-09-30 17:23:42,097 | prediction 65536/105181
2026-09-30 17:23:49,271 | prediction 69632/105181
2026-09-30 17:23:56,448 | prediction 73728/105181
2026-09-30 17:24:03,624 | prediction 77824/105181
2026-09-30 17:24:10,798 | prediction 81920/105181
2026-09-30 17:24:17,972 | prediction 86016/105181
2026-09-30 17:24:25,147 | prediction 90112/105181
2026-09-30 17:24:32,325 | prediction 94208/105181
2026-09-30 17:24:39,503 | prediction 98304/105181
2026-09-30 17:24:46,678 | prediction 102400/105181
2026-09-30 17:24:53,092 | experiments/exp03/seeds/seed45/static/as_stored/online_frozen.json | both:d32:u32:pNone
2026-09-30 17:25:00,303 | prediction 4096/105181
2026-09-30 17:25:07,482 | prediction 8192/105181
2026-09-30 17:25:14,660 | prediction 12288/105181
2026-09-30 17:25:21,836 | prediction 16384/105181
2026-09-30 17:25:29,014 | prediction 20480/105181
2026-09-30 17:25:36,192 | prediction 24576/105181
2026-09-30 17:25:43,378 | prediction 28672/105181
2026-09-30 17:25:50,555 | prediction 32768/105181
2026-09-30 17:25:57,731 | prediction 36864/105181
2026-09-30 17:26:04,908 | prediction 40960/105181
2026-09-30 17:26:12,086 | prediction 45056/105181
2026-09-30 17:26:19,263 | prediction 49152/105181
2026-09-30 17:26:26,440 | prediction 53248/105181
2026-09-30 17:26:33,619 | prediction 57344/105181
2026-09-30 17:26:40,797 | prediction 61440/105181
2026-09-30 17:26:47,975 | prediction 65536/105181
2026-09-30 17:26:55,151 | prediction 69632/105181
2026-09-30 17:27:02,332 | prediction 73728/105181
2026-09-30 17:27:09,512 | prediction 77824/105181
2026-09-30 17:27:16,690 | prediction 81920/105181
2026-09-30 17:27:23,871 | prediction 86016/105181
2026-09-30 17:27:31,054 | prediction 90112/105181
2026-09-30 17:27:38,238 | prediction 94208/105181
2026-09-30 17:27:45,416 | prediction 98304/105181
2026-09-30 17:27:52,592 | prediction 102400/105181
2026-09-30 17:27:59,007 | experiments/exp03/seeds/seed45/static/as_stored/online_frozen.json | both:d48:u48:pNone
2026-09-30 17:28:06,217 | prediction 4096/105181
2026-09-30 17:28:13,395 | prediction 8192/105181
2026-09-30 17:28:20,573 | prediction 12288/105181
2026-09-30 17:28:27,751 | prediction 16384/105181
2026-09-30 17:28:34,934 | prediction 20480/105181
2026-09-30 17:28:42,116 | prediction 24576/105181
2026-09-30 17:28:49,258 | prediction 28672/105181
2026-09-30 17:28:56,403 | prediction 32768/105181
2026-09-30 17:29:03,546 | prediction 36864/105181
2026-09-30 17:29:10,687 | prediction 40960/105181
2026-09-30 17:29:17,828 | prediction 45056/105181
2026-09-30 17:29:24,968 | prediction 49152/105181
2026-09-30 17:29:32,107 | prediction 53248/105181
2026-09-30 17:29:39,247 | prediction 57344/105181
2026-09-30 17:29:46,388 | prediction 61440/105181
2026-09-30 17:29:53,532 | prediction 65536/105181
2026-09-30 17:30:00,674 | prediction 69632/105181
2026-09-30 17:30:07,816 | prediction 73728/105181
2026-09-30 17:30:14,956 | prediction 77824/105181
2026-09-30 17:30:22,096 | prediction 81920/105181
2026-09-30 17:30:29,237 | prediction 86016/105181
2026-09-30 17:30:36,383 | prediction 90112/105181
2026-09-30 17:30:43,531 | prediction 94208/105181
2026-09-30 17:30:50,674 | prediction 98304/105181
2026-09-30 17:30:57,816 | prediction 102400/105181
2026-09-30 17:31:04,207 | experiments/exp03/seeds/seed45/static/as_stored/online_frozen.json | both:d64:u64:pNone
2026-09-30 17:31:11,387 | prediction 4096/105181
2026-09-30 17:31:18,537 | prediction 8192/105181
2026-09-30 17:31:25,685 | prediction 12288/105181
2026-09-30 17:31:32,835 | prediction 16384/105181
2026-09-30 17:31:39,984 | prediction 20480/105181
2026-09-30 17:31:47,133 | prediction 24576/105181
2026-09-30 17:31:54,283 | prediction 28672/105181
2026-09-30 17:32:01,431 | prediction 32768/105181
2026-09-30 17:32:08,580 | prediction 36864/105181
2026-09-30 17:32:15,733 | prediction 40960/105181
2026-09-30 17:32:22,884 | prediction 45056/105181
2026-09-30 17:32:30,036 | prediction 49152/105181
2026-09-30 17:32:37,194 | prediction 53248/105181
2026-09-30 17:32:44,368 | prediction 57344/105181
2026-09-30 17:32:51,541 | prediction 61440/105181
2026-09-30 17:32:58,715 | prediction 65536/105181
2026-09-30 17:33:05,889 | prediction 69632/105181
2026-09-30 17:33:13,065 | prediction 73728/105181
2026-09-30 17:33:20,241 | prediction 77824/105181
2026-09-30 17:33:27,414 | prediction 81920/105181
2026-09-30 17:33:34,587 | prediction 86016/105181
2026-09-30 17:33:41,760 | prediction 90112/105181
2026-09-30 17:33:48,936 | prediction 94208/105181
2026-09-30 17:33:56,111 | prediction 98304/105181
2026-09-30 17:34:03,287 | prediction 102400/105181
2026-09-30 17:34:09,687 | experiments/exp03/seeds/seed45/static/as_stored/online_frozen.json | both:d76:u76:pNone
2026-09-30 17:34:16,871 | prediction 4096/105181
2026-09-30 17:34:24,020 | prediction 8192/105181
2026-09-30 17:34:31,169 | prediction 12288/105181
2026-09-30 17:34:38,320 | prediction 16384/105181
2026-09-30 17:34:45,463 | prediction 20480/105181
2026-09-30 17:34:52,611 | prediction 24576/105181
2026-09-30 17:34:59,759 | prediction 28672/105181
2026-09-30 17:35:06,904 | prediction 32768/105181
2026-09-30 17:35:14,049 | prediction 36864/105181
2026-09-30 17:35:21,194 | prediction 40960/105181
2026-09-30 17:35:28,339 | prediction 45056/105181
2026-09-30 17:35:35,483 | prediction 49152/105181
2026-09-30 17:35:42,629 | prediction 53248/105181
2026-09-30 17:35:49,773 | prediction 57344/105181
2026-09-30 17:35:56,918 | prediction 61440/105181
2026-09-30 17:36:04,063 | prediction 65536/105181
2026-09-30 17:36:11,206 | prediction 69632/105181
2026-09-30 17:36:18,350 | prediction 73728/105181
2026-09-30 17:36:25,494 | prediction 77824/105181
2026-09-30 17:36:32,636 | prediction 81920/105181
2026-09-30 17:36:39,782 | prediction 86016/105181
2026-09-30 17:36:46,927 | prediction 90112/105181
2026-09-30 17:36:54,071 | prediction 94208/105181
2026-09-30 17:37:01,217 | prediction 98304/105181
2026-09-30 17:37:08,358 | prediction 102400/105181
2026-09-30 17:37:15,618 | experiments/exp03/seeds/seed45/static/as_stored/online_frozen.json | random:d4:u4:p0
2026-09-30 17:37:22,792 | prediction 4096/105181
2026-09-30 17:37:29,951 | prediction 8192/105181
2026-09-30 17:37:37,109 | prediction 12288/105181
2026-09-30 17:37:44,267 | prediction 16384/105181
2026-09-30 17:37:51,424 | prediction 20480/105181
2026-09-30 17:37:58,582 | prediction 24576/105181
2026-09-30 17:38:05,741 | prediction 28672/105181
2026-09-30 17:38:12,898 | prediction 32768/105181
2026-09-30 17:38:20,057 | prediction 36864/105181
2026-09-30 17:38:27,212 | prediction 40960/105181
2026-09-30 17:38:34,368 | prediction 45056/105181
2026-09-30 17:38:41,523 | prediction 49152/105181
2026-09-30 17:38:48,679 | prediction 53248/105181
2026-09-30 17:38:55,833 | prediction 57344/105181
2026-09-30 17:39:02,988 | prediction 61440/105181
2026-09-30 17:39:10,142 | prediction 65536/105181
2026-09-30 17:39:17,293 | prediction 69632/105181
2026-09-30 17:39:24,446 | prediction 73728/105181
2026-09-30 17:39:31,599 | prediction 77824/105181
2026-09-30 17:39:38,749 | prediction 81920/105181
2026-09-30 17:39:45,902 | prediction 86016/105181
2026-09-30 17:39:53,053 | prediction 90112/105181
2026-09-30 17:40:00,207 | prediction 94208/105181
2026-09-30 17:40:07,360 | prediction 98304/105181
2026-09-30 17:40:14,512 | prediction 102400/105181
2026-09-30 17:40:20,946 | experiments/exp03/seeds/seed45/static/as_stored/online_frozen.json | random:d4:u4:p1
2026-09-30 17:40:28,124 | prediction 4096/105181
2026-09-30 17:40:35,287 | prediction 8192/105181
2026-09-30 17:40:42,445 | prediction 12288/105181
2026-09-30 17:40:49,599 | prediction 16384/105181
2026-09-30 17:40:56,755 | prediction 20480/105181
2026-09-30 17:41:03,911 | prediction 24576/105181
2026-09-30 17:41:11,067 | prediction 28672/105181
2026-09-30 17:41:18,225 | prediction 32768/105181
2026-09-30 17:41:25,383 | prediction 36864/105181
2026-09-30 17:41:32,541 | prediction 40960/105181
2026-09-30 17:41:39,700 | prediction 45056/105181
2026-09-30 17:41:46,854 | prediction 49152/105181
2026-09-30 17:41:54,007 | prediction 53248/105181
2026-09-30 17:42:01,161 | prediction 57344/105181
2026-09-30 17:42:08,315 | prediction 61440/105181
2026-09-30 17:42:15,464 | prediction 65536/105181
2026-09-30 17:42:22,608 | prediction 69632/105181
2026-09-30 17:42:29,753 | prediction 73728/105181
2026-09-30 17:42:36,901 | prediction 77824/105181
2026-09-30 17:42:44,049 | prediction 81920/105181
2026-09-30 17:42:51,197 | prediction 86016/105181
2026-09-30 17:42:58,343 | prediction 90112/105181
2026-09-30 17:43:05,493 | prediction 94208/105181
2026-09-30 17:43:12,641 | prediction 98304/105181
2026-09-30 17:43:19,795 | prediction 102400/105181
2026-09-30 17:43:26,192 | experiments/exp03/seeds/seed45/static/as_stored/online_frozen.json | random:d4:u4:p2
2026-09-30 17:43:33,367 | prediction 4096/105181
2026-09-30 17:43:40,527 | prediction 8192/105181
2026-09-30 17:43:47,689 | prediction 12288/105181
2026-09-30 17:43:54,849 | prediction 16384/105181
2026-09-30 17:44:02,010 | prediction 20480/105181
2026-09-30 17:44:09,170 | prediction 24576/105181
2026-09-30 17:44:16,329 | prediction 28672/105181
2026-09-30 17:44:23,488 | prediction 32768/105181
2026-09-30 17:44:30,645 | prediction 36864/105181
2026-09-30 17:44:37,806 | prediction 40960/105181
2026-09-30 17:44:44,962 | prediction 45056/105181
2026-09-30 17:44:52,112 | prediction 49152/105181
2026-09-30 17:44:59,263 | prediction 53248/105181
2026-09-30 17:45:06,414 | prediction 57344/105181
2026-09-30 17:45:13,565 | prediction 61440/105181
2026-09-30 17:45:20,715 | prediction 65536/105181
2026-09-30 17:45:27,865 | prediction 69632/105181
2026-09-30 17:45:35,016 | prediction 73728/105181
2026-09-30 17:45:42,168 | prediction 77824/105181
2026-09-30 17:45:49,318 | prediction 81920/105181
2026-09-30 17:45:56,503 | prediction 86016/105181
2026-09-30 17:46:03,677 | prediction 90112/105181
2026-09-30 17:46:10,849 | prediction 94208/105181
2026-09-30 17:46:17,989 | prediction 98304/105181
2026-09-30 17:46:25,131 | prediction 102400/105181
2026-09-30 17:46:31,525 | experiments/exp03/seeds/seed45/static/as_stored/online_frozen.json | random:d8:u8:p0
2026-09-30 17:46:38,685 | prediction 4096/105181
2026-09-30 17:46:45,829 | prediction 8192/105181
2026-09-30 17:46:52,971 | prediction 12288/105181
2026-09-30 17:47:00,112 | prediction 16384/105181
2026-09-30 17:47:07,254 | prediction 20480/105181
2026-09-30 17:47:14,396 | prediction 24576/105181
2026-09-30 17:47:21,538 | prediction 28672/105181
2026-09-30 17:47:28,700 | prediction 32768/105181
2026-09-30 17:47:35,844 | prediction 36864/105181
2026-09-30 17:47:42,983 | prediction 40960/105181
2026-09-30 17:47:50,123 | prediction 45056/105181
2026-09-30 17:47:57,263 | prediction 49152/105181
2026-09-30 17:48:04,401 | prediction 53248/105181
2026-09-30 17:48:11,543 | prediction 57344/105181
2026-09-30 17:48:18,695 | prediction 61440/105181
2026-09-30 17:48:25,868 | prediction 65536/105181
2026-09-30 17:48:33,045 | prediction 69632/105181
2026-09-30 17:48:40,217 | prediction 73728/105181
2026-09-30 17:48:47,391 | prediction 77824/105181
2026-09-30 17:48:54,564 | prediction 81920/105181
2026-09-30 17:49:01,736 | prediction 86016/105181
2026-09-30 17:49:08,884 | prediction 90112/105181
2026-09-30 17:49:16,025 | prediction 94208/105181
2026-09-30 17:49:23,162 | prediction 98304/105181
2026-09-30 17:49:30,299 | prediction 102400/105181
2026-09-30 17:49:36,691 | experiments/exp03/seeds/seed45/static/as_stored/online_frozen.json | random:d8:u8:p1
2026-09-30 17:49:43,858 | prediction 4096/105181
2026-09-30 17:49:51,010 | prediction 8192/105181
2026-09-30 17:49:58,164 | prediction 12288/105181
2026-09-30 17:50:05,315 | prediction 16384/105181
2026-09-30 17:50:12,467 | prediction 20480/105181
2026-09-30 17:50:19,618 | prediction 24576/105181
2026-09-30 17:50:26,770 | prediction 28672/105181
2026-09-30 17:50:33,925 | prediction 32768/105181
2026-09-30 17:50:41,079 | prediction 36864/105181
2026-09-30 17:50:48,235 | prediction 40960/105181
2026-09-30 17:50:55,385 | prediction 45056/105181
2026-09-30 17:51:02,539 | prediction 49152/105181
2026-09-30 17:51:09,692 | prediction 53248/105181
2026-09-30 17:51:16,845 | prediction 57344/105181
2026-09-30 17:51:23,996 | prediction 61440/105181
2026-09-30 17:51:31,147 | prediction 65536/105181
2026-09-30 17:51:38,296 | prediction 69632/105181
2026-09-30 17:51:45,451 | prediction 73728/105181
2026-09-30 17:51:52,601 | prediction 77824/105181
2026-09-30 17:51:59,751 | prediction 81920/105181
2026-09-30 17:52:06,901 | prediction 86016/105181
2026-09-30 17:52:14,052 | prediction 90112/105181
2026-09-30 17:52:21,201 | prediction 94208/105181
2026-09-30 17:52:28,350 | prediction 98304/105181
2026-09-30 17:52:35,504 | prediction 102400/105181
2026-09-30 17:52:41,907 | experiments/exp03/seeds/seed45/static/as_stored/online_frozen.json | random:d8:u8:p2
2026-09-30 17:52:49,074 | prediction 4096/105181
2026-09-30 17:52:56,227 | prediction 8192/105181
2026-09-30 17:53:03,380 | prediction 12288/105181
2026-09-30 17:53:10,533 | prediction 16384/105181
2026-09-30 17:53:17,685 | prediction 20480/105181
2026-09-30 17:53:24,840 | prediction 24576/105181
2026-09-30 17:53:31,995 | prediction 28672/105181
2026-09-30 17:53:39,140 | prediction 32768/105181
2026-09-30 17:53:46,288 | prediction 36864/105181
2026-09-30 17:53:53,433 | prediction 40960/105181
2026-09-30 17:54:00,577 | prediction 45056/105181
2026-09-30 17:54:07,723 | prediction 49152/105181
2026-09-30 17:54:14,866 | prediction 53248/105181
2026-09-30 17:54:22,011 | prediction 57344/105181
2026-09-30 17:54:29,155 | prediction 61440/105181
2026-09-30 17:54:36,325 | prediction 65536/105181
2026-09-30 17:54:43,476 | prediction 69632/105181
2026-09-30 17:54:50,616 | prediction 73728/105181
2026-09-30 17:54:57,755 | prediction 77824/105181
2026-09-30 17:55:04,895 | prediction 81920/105181
2026-09-30 17:55:12,035 | prediction 86016/105181
2026-09-30 17:55:19,175 | prediction 90112/105181
2026-09-30 17:55:26,316 | prediction 94208/105181
2026-09-30 17:55:33,456 | prediction 98304/105181
2026-09-30 17:55:40,589 | prediction 102400/105181
2026-09-30 17:55:46,981 | experiments/exp03/seeds/seed45/static/as_stored/online_frozen.json | random:d16:u16:p0
2026-09-30 17:55:54,150 | prediction 4096/105181
2026-09-30 17:56:01,305 | prediction 8192/105181
2026-09-30 17:56:08,459 | prediction 12288/105181
2026-09-30 17:56:15,611 | prediction 16384/105181
2026-09-30 17:56:22,766 | prediction 20480/105181
2026-09-30 17:56:29,921 | prediction 24576/105181
2026-09-30 17:56:37,073 | prediction 28672/105181
2026-09-30 17:56:44,221 | prediction 32768/105181
2026-09-30 17:56:51,368 | prediction 36864/105181
2026-09-30 17:56:58,514 | prediction 40960/105181
2026-09-30 17:57:05,661 | prediction 45056/105181
2026-09-30 17:57:12,818 | prediction 49152/105181
2026-09-30 17:57:19,993 | prediction 53248/105181
2026-09-30 17:57:27,168 | prediction 57344/105181
2026-09-30 17:57:34,343 | prediction 61440/105181
2026-09-30 17:57:41,517 | prediction 65536/105181
2026-09-30 17:57:48,693 | prediction 69632/105181
2026-09-30 17:57:55,868 | prediction 73728/105181
2026-09-30 17:58:03,044 | prediction 77824/105181
2026-09-30 17:58:10,220 | prediction 81920/105181
2026-09-30 17:58:17,396 | prediction 86016/105181
2026-09-30 17:58:24,572 | prediction 90112/105181
2026-09-30 17:58:31,733 | prediction 94208/105181
2026-09-30 17:58:38,884 | prediction 98304/105181
2026-09-30 17:58:46,032 | prediction 102400/105181
2026-09-30 17:58:52,467 | experiments/exp03/seeds/seed45/static/as_stored/online_frozen.json | random:d16:u16:p1
2026-09-30 17:58:59,636 | prediction 4096/105181
2026-09-30 17:59:06,789 | prediction 8192/105181
2026-09-30 17:59:13,944 | prediction 12288/105181
2026-09-30 17:59:21,097 | prediction 16384/105181
2026-09-30 17:59:28,251 | prediction 20480/105181
2026-09-30 17:59:35,403 | prediction 24576/105181
2026-09-30 17:59:42,556 | prediction 28672/105181
2026-09-30 17:59:49,708 | prediction 32768/105181
2026-09-30 17:59:56,857 | prediction 36864/105181
2026-09-30 18:00:04,003 | prediction 40960/105181
2026-09-30 18:00:11,148 | prediction 45056/105181
2026-09-30 18:00:18,294 | prediction 49152/105181
2026-09-30 18:00:25,444 | prediction 53248/105181
2026-09-30 18:00:32,590 | prediction 57344/105181
2026-09-30 18:00:39,738 | prediction 61440/105181
2026-09-30 18:00:46,883 | prediction 65536/105181
2026-09-30 18:00:54,030 | prediction 69632/105181
2026-09-30 18:01:01,175 | prediction 73728/105181
2026-09-30 18:01:08,320 | prediction 77824/105181
2026-09-30 18:01:15,461 | prediction 81920/105181
2026-09-30 18:01:22,601 | prediction 86016/105181
2026-09-30 18:01:29,746 | prediction 90112/105181
2026-09-30 18:01:36,887 | prediction 94208/105181
2026-09-30 18:01:44,020 | prediction 98304/105181
2026-09-30 18:01:51,159 | prediction 102400/105181
2026-09-30 18:01:57,559 | experiments/exp03/seeds/seed45/static/as_stored/online_frozen.json | random:d16:u16:p2
2026-09-30 18:02:04,732 | prediction 4096/105181
2026-09-30 18:02:11,889 | prediction 8192/105181
2026-09-30 18:02:19,045 | prediction 12288/105181
2026-09-30 18:02:26,202 | prediction 16384/105181
2026-09-30 18:02:33,361 | prediction 20480/105181
2026-09-30 18:02:40,519 | prediction 24576/105181
2026-09-30 18:02:47,677 | prediction 28672/105181
2026-09-30 18:02:54,833 | prediction 32768/105181
2026-09-30 18:03:01,991 | prediction 36864/105181
2026-09-30 18:03:09,144 | prediction 40960/105181
2026-09-30 18:03:16,298 | prediction 45056/105181
2026-09-30 18:03:23,451 | prediction 49152/105181
2026-09-30 18:03:30,606 | prediction 53248/105181
2026-09-30 18:03:37,761 | prediction 57344/105181
2026-09-30 18:03:44,914 | prediction 61440/105181
2026-09-30 18:03:52,068 | prediction 65536/105181
2026-09-30 18:03:59,222 | prediction 69632/105181
2026-09-30 18:04:06,375 | prediction 73728/105181
2026-09-30 18:04:13,522 | prediction 77824/105181
2026-09-30 18:04:20,665 | prediction 81920/105181
2026-09-30 18:04:27,807 | prediction 86016/105181
2026-09-30 18:04:34,955 | prediction 90112/105181
2026-09-30 18:04:42,105 | prediction 94208/105181
2026-09-30 18:04:49,249 | prediction 98304/105181
2026-09-30 18:04:56,391 | prediction 102400/105181
2026-09-30 18:05:02,793 | experiments/exp03/seeds/seed45/static/as_stored/online_frozen.json | random:d32:u32:p0
2026-09-30 18:05:09,970 | prediction 4096/105181
2026-09-30 18:05:17,117 | prediction 8192/105181
2026-09-30 18:05:24,263 | prediction 12288/105181
2026-09-30 18:05:31,406 | prediction 16384/105181
2026-09-30 18:05:38,549 | prediction 20480/105181
2026-09-30 18:05:45,694 | prediction 24576/105181
2026-09-30 18:05:52,840 | prediction 28672/105181
2026-09-30 18:05:59,983 | prediction 32768/105181
2026-09-30 18:06:07,125 | prediction 36864/105181
2026-09-30 18:06:14,266 | prediction 40960/105181
2026-09-30 18:06:21,407 | prediction 45056/105181
2026-09-30 18:06:28,546 | prediction 49152/105181
2026-09-30 18:06:35,692 | prediction 53248/105181
2026-09-30 18:06:42,832 | prediction 57344/105181
2026-09-30 18:06:49,973 | prediction 61440/105181
2026-09-30 18:06:57,114 | prediction 65536/105181
2026-09-30 18:07:04,256 | prediction 69632/105181
2026-09-30 18:07:11,397 | prediction 73728/105181
2026-09-30 18:07:18,539 | prediction 77824/105181
2026-09-30 18:07:25,683 | prediction 81920/105181
2026-09-30 18:07:32,827 | prediction 86016/105181
2026-09-30 18:07:39,971 | prediction 90112/105181
2026-09-30 18:07:47,116 | prediction 94208/105181
2026-09-30 18:07:54,258 | prediction 98304/105181
2026-09-30 18:08:01,402 | prediction 102400/105181
2026-09-30 18:08:07,807 | experiments/exp03/seeds/seed45/static/as_stored/online_frozen.json | random:d32:u32:p1
2026-09-30 18:08:15,012 | prediction 4096/105181
2026-09-30 18:08:22,152 | prediction 8192/105181
2026-09-30 18:08:29,292 | prediction 12288/105181
2026-09-30 18:08:36,434 | prediction 16384/105181
2026-09-30 18:08:43,575 | prediction 20480/105181
2026-09-30 18:08:50,713 | prediction 24576/105181
2026-09-30 18:08:57,853 | prediction 28672/105181
2026-09-30 18:09:04,993 | prediction 32768/105181
2026-09-30 18:09:12,133 | prediction 36864/105181
2026-09-30 18:09:19,273 | prediction 40960/105181
2026-09-30 18:09:26,411 | prediction 45056/105181
2026-09-30 18:09:33,551 | prediction 49152/105181
2026-09-30 18:09:40,691 | prediction 53248/105181
2026-09-30 18:09:47,832 | prediction 57344/105181
2026-09-30 18:09:54,972 | prediction 61440/105181
2026-09-30 18:10:02,113 | prediction 65536/105181
2026-09-30 18:10:09,255 | prediction 69632/105181
2026-09-30 18:10:16,397 | prediction 73728/105181
2026-09-30 18:10:23,537 | prediction 77824/105181
2026-09-30 18:10:30,675 | prediction 81920/105181
2026-09-30 18:10:37,818 | prediction 86016/105181
2026-09-30 18:10:44,959 | prediction 90112/105181
2026-09-30 18:10:52,098 | prediction 94208/105181
2026-09-30 18:10:59,237 | prediction 98304/105181
2026-09-30 18:11:06,374 | prediction 102400/105181
2026-09-30 18:11:12,768 | experiments/exp03/seeds/seed45/static/as_stored/online_frozen.json | random:d32:u32:p2
2026-09-30 18:11:19,948 | prediction 4096/105181
2026-09-30 18:11:27,091 | prediction 8192/105181
2026-09-30 18:11:34,236 | prediction 12288/105181
2026-09-30 18:11:41,386 | prediction 16384/105181
2026-09-30 18:11:48,535 | prediction 20480/105181
2026-09-30 18:11:55,683 | prediction 24576/105181
2026-09-30 18:12:02,827 | prediction 28672/105181
2026-09-30 18:12:09,972 | prediction 32768/105181
2026-09-30 18:12:17,115 | prediction 36864/105181
2026-09-30 18:12:24,258 | prediction 40960/105181
2026-09-30 18:12:31,401 | prediction 45056/105181
2026-09-30 18:12:38,550 | prediction 49152/105181
2026-09-30 18:12:45,695 | prediction 53248/105181
2026-09-30 18:12:52,837 | prediction 57344/105181
2026-09-30 18:12:59,982 | prediction 61440/105181
2026-09-30 18:13:07,132 | prediction 65536/105181
2026-09-30 18:13:14,279 | prediction 69632/105181
2026-09-30 18:13:21,425 | prediction 73728/105181
2026-09-30 18:13:28,570 | prediction 77824/105181
2026-09-30 18:13:35,718 | prediction 81920/105181
2026-09-30 18:13:42,861 | prediction 86016/105181
2026-09-30 18:13:50,003 | prediction 90112/105181
2026-09-30 18:13:57,147 | prediction 94208/105181
2026-09-30 18:14:04,292 | prediction 98304/105181
2026-09-30 18:14:11,438 | prediction 102400/105181
2026-09-30 18:14:25,114 | prediction 4096/105181
2026-09-30 18:14:32,255 | prediction 8192/105181
2026-09-30 18:14:39,403 | prediction 12288/105181
2026-09-30 18:14:46,547 | prediction 16384/105181
2026-09-30 18:14:53,691 | prediction 20480/105181
2026-09-30 18:15:00,835 | prediction 24576/105181
2026-09-30 18:15:07,980 | prediction 28672/105181
2026-09-30 18:15:15,126 | prediction 32768/105181
2026-09-30 18:15:22,269 | prediction 36864/105181
2026-09-30 18:15:29,415 | prediction 40960/105181
2026-09-30 18:15:36,561 | prediction 45056/105181
2026-09-30 18:15:43,706 | prediction 49152/105181
2026-09-30 18:15:50,848 | prediction 53248/105181
2026-09-30 18:15:57,990 | prediction 57344/105181
2026-09-30 18:16:05,134 | prediction 61440/105181
2026-09-30 18:16:12,276 | prediction 65536/105181
2026-09-30 18:16:19,420 | prediction 69632/105181
2026-09-30 18:16:26,565 | prediction 73728/105181
2026-09-30 18:16:33,714 | prediction 77824/105181
2026-09-30 18:16:40,859 | prediction 81920/105181
2026-09-30 18:16:48,004 | prediction 86016/105181
2026-09-30 18:16:55,147 | prediction 90112/105181
2026-09-30 18:17:02,290 | prediction 94208/105181
2026-09-30 18:17:09,439 | prediction 98304/105181
2026-09-30 18:17:16,583 | prediction 102400/105181
2026-09-30 18:17:21,945 | experiments/exp03/seeds/seed45/static/aligned/online_frozen.json | original:dNone:uNone:pNone
2026-09-30 18:17:24,307 | experiments/exp03/seeds/seed45/static/aligned/online_frozen.json | bypass:dNone:uNone:pNone
2026-09-30 18:17:31,459 | prediction 4096/105181
2026-09-30 18:17:38,603 | prediction 8192/105181
2026-09-30 18:17:45,746 | prediction 12288/105181
2026-09-30 18:17:52,888 | prediction 16384/105181
2026-09-30 18:18:00,029 | prediction 20480/105181
2026-09-30 18:18:07,173 | prediction 24576/105181
2026-09-30 18:18:14,316 | prediction 28672/105181
2026-09-30 18:18:21,460 | prediction 32768/105181
2026-09-30 18:18:28,601 | prediction 36864/105181
2026-09-30 18:18:35,745 | prediction 40960/105181
2026-09-30 18:18:42,884 | prediction 45056/105181
2026-09-30 18:18:50,029 | prediction 49152/105181
2026-09-30 18:18:57,173 | prediction 53248/105181
2026-09-30 18:19:04,318 | prediction 57344/105181
2026-09-30 18:19:11,460 | prediction 61440/105181
2026-09-30 18:19:18,602 | prediction 65536/105181
2026-09-30 18:19:25,745 | prediction 69632/105181
2026-09-30 18:19:32,889 | prediction 73728/105181
2026-09-30 18:19:40,031 | prediction 77824/105181
2026-09-30 18:19:47,175 | prediction 81920/105181
2026-09-30 18:19:54,319 | prediction 86016/105181
2026-09-30 18:20:01,464 | prediction 90112/105181
2026-09-30 18:20:08,610 | prediction 94208/105181
2026-09-30 18:20:15,756 | prediction 98304/105181
2026-09-30 18:20:22,896 | prediction 102400/105181
2026-09-30 18:20:29,270 | experiments/exp03/seeds/seed45/static/aligned/online_frozen.json | down:d0:uNone:pNone
2026-09-30 18:20:36,429 | prediction 4096/105181
2026-09-30 18:20:43,575 | prediction 8192/105181
2026-09-30 18:20:50,717 | prediction 12288/105181
2026-09-30 18:20:57,862 | prediction 16384/105181
2026-09-30 18:21:05,010 | prediction 20480/105181
2026-09-30 18:21:12,155 | prediction 24576/105181
2026-09-30 18:21:19,301 | prediction 28672/105181
2026-09-30 18:21:26,445 | prediction 32768/105181
2026-09-30 18:21:33,588 | prediction 36864/105181
2026-09-30 18:21:40,731 | prediction 40960/105181
2026-09-30 18:21:47,876 | prediction 45056/105181
2026-09-30 18:21:55,020 | prediction 49152/105181
2026-09-30 18:22:02,164 | prediction 53248/105181
2026-09-30 18:22:09,307 | prediction 57344/105181
2026-09-30 18:22:16,450 | prediction 61440/105181
2026-09-30 18:22:23,593 | prediction 65536/105181
2026-09-30 18:22:30,736 | prediction 69632/105181
2026-09-30 18:22:37,882 | prediction 73728/105181
2026-09-30 18:22:45,025 | prediction 77824/105181
2026-09-30 18:22:52,236 | prediction 81920/105181
2026-09-30 18:22:59,612 | prediction 86016/105181
2026-09-30 18:23:06,939 | prediction 90112/105181
2026-09-30 18:23:14,289 | prediction 94208/105181
2026-09-30 18:23:21,536 | prediction 98304/105181
2026-09-30 18:23:28,837 | prediction 102400/105181
2026-09-30 18:23:35,546 | experiments/exp03/seeds/seed45/static/aligned/online_frozen.json | down:d1:uNone:pNone
2026-09-30 18:23:42,849 | prediction 4096/105181
2026-09-30 18:23:50,062 | prediction 8192/105181
2026-09-30 18:23:57,271 | prediction 12288/105181
2026-09-30 18:24:04,438 | prediction 16384/105181
2026-09-30 18:24:11,609 | prediction 20480/105181
2026-09-30 18:24:18,793 | prediction 24576/105181
2026-09-30 18:24:25,995 | prediction 28672/105181
2026-09-30 18:24:33,196 | prediction 32768/105181
2026-09-30 18:24:40,411 | prediction 36864/105181
2026-09-30 18:24:47,623 | prediction 40960/105181
2026-09-30 18:24:54,877 | prediction 45056/105181
2026-09-30 18:25:02,086 | prediction 49152/105181
2026-09-30 18:25:09,282 | prediction 53248/105181
2026-09-30 18:25:16,483 | prediction 57344/105181
2026-09-30 18:25:23,676 | prediction 61440/105181
2026-09-30 18:25:30,869 | prediction 65536/105181
2026-09-30 18:25:38,057 | prediction 69632/105181
2026-09-30 18:25:45,236 | prediction 73728/105181
2026-09-30 18:25:52,417 | prediction 77824/105181
2026-09-30 18:25:59,599 | prediction 81920/105181
2026-09-30 18:26:06,770 | prediction 86016/105181
2026-09-30 18:26:13,946 | prediction 90112/105181
2026-09-30 18:26:21,122 | prediction 94208/105181
2026-09-30 18:26:28,304 | prediction 98304/105181
2026-09-30 18:26:35,514 | prediction 102400/105181
2026-09-30 18:26:41,965 | experiments/exp03/seeds/seed45/static/aligned/online_frozen.json | down:d2:uNone:pNone
2026-09-30 18:26:49,155 | prediction 4096/105181
2026-09-30 18:26:56,330 | prediction 8192/105181
2026-09-30 18:27:03,500 | prediction 12288/105181
2026-09-30 18:27:10,670 | prediction 16384/105181
2026-09-30 18:27:17,836 | prediction 20480/105181
2026-09-30 18:27:24,998 | prediction 24576/105181
2026-09-30 18:27:32,164 | prediction 28672/105181
2026-09-30 18:27:39,329 | prediction 32768/105181
2026-09-30 18:27:46,497 | prediction 36864/105181
2026-09-30 18:27:53,661 | prediction 40960/105181
2026-09-30 18:28:00,827 | prediction 45056/105181
2026-09-30 18:28:07,992 | prediction 49152/105181
2026-09-30 18:28:15,159 | prediction 53248/105181
2026-09-30 18:28:22,323 | prediction 57344/105181
2026-09-30 18:28:29,488 | prediction 61440/105181
2026-09-30 18:28:36,656 | prediction 65536/105181
2026-09-30 18:28:43,819 | prediction 69632/105181
2026-09-30 18:28:50,985 | prediction 73728/105181
2026-09-30 18:28:58,152 | prediction 77824/105181
2026-09-30 18:29:05,316 | prediction 81920/105181
2026-09-30 18:29:12,477 | prediction 86016/105181
2026-09-30 18:29:19,639 | prediction 90112/105181
2026-09-30 18:29:26,799 | prediction 94208/105181
2026-09-30 18:29:33,963 | prediction 98304/105181
2026-09-30 18:29:41,129 | prediction 102400/105181
2026-09-30 18:29:47,557 | experiments/exp03/seeds/seed45/static/aligned/online_frozen.json | down:d4:uNone:pNone
2026-09-30 18:29:54,778 | prediction 4096/105181
2026-09-30 18:30:01,992 | prediction 8192/105181
2026-09-30 18:30:09,203 | prediction 12288/105181
2026-09-30 18:30:16,417 | prediction 16384/105181
2026-09-30 18:30:23,592 | prediction 20480/105181
2026-09-30 18:30:30,762 | prediction 24576/105181
2026-09-30 18:30:37,937 | prediction 28672/105181
2026-09-30 18:30:45,111 | prediction 32768/105181
2026-09-30 18:30:52,290 | prediction 36864/105181
2026-09-30 18:30:59,468 | prediction 40960/105181
2026-09-30 18:31:06,637 | prediction 45056/105181
2026-09-30 18:31:13,805 | prediction 49152/105181
2026-09-30 18:31:20,976 | prediction 53248/105181
2026-09-30 18:31:28,166 | prediction 57344/105181
2026-09-30 18:31:35,432 | prediction 61440/105181
2026-09-30 18:31:42,620 | prediction 65536/105181
2026-09-30 18:31:49,786 | prediction 69632/105181
2026-09-30 18:31:56,954 | prediction 73728/105181
2026-09-30 18:32:04,128 | prediction 77824/105181
2026-09-30 18:32:11,302 | prediction 81920/105181
2026-09-30 18:32:18,485 | prediction 86016/105181
2026-09-30 18:32:25,675 | prediction 90112/105181
2026-09-30 18:32:32,886 | prediction 94208/105181
2026-09-30 18:32:40,108 | prediction 98304/105181
2026-09-30 18:32:47,343 | prediction 102400/105181
2026-09-30 18:32:53,831 | experiments/exp03/seeds/seed45/static/aligned/online_frozen.json | down:d8:uNone:pNone
2026-09-30 18:33:01,039 | prediction 4096/105181
2026-09-30 18:33:08,259 | prediction 8192/105181
2026-09-30 18:33:15,485 | prediction 12288/105181
2026-09-30 18:33:22,665 | prediction 16384/105181
2026-09-30 18:33:29,844 | prediction 20480/105181
2026-09-30 18:33:37,027 | prediction 24576/105181
2026-09-30 18:33:44,192 | prediction 28672/105181
2026-09-30 18:33:51,370 | prediction 32768/105181
2026-09-30 18:33:58,569 | prediction 36864/105181
2026-09-30 18:34:05,777 | prediction 40960/105181
2026-09-30 18:34:12,977 | prediction 45056/105181
2026-09-30 18:34:20,155 | prediction 49152/105181
2026-09-30 18:34:27,327 | prediction 53248/105181
2026-09-30 18:34:34,502 | prediction 57344/105181
2026-09-30 18:34:41,679 | prediction 61440/105181
2026-09-30 18:34:48,851 | prediction 65536/105181
2026-09-30 18:34:56,016 | prediction 69632/105181
2026-09-30 18:35:03,199 | prediction 73728/105181
2026-09-30 18:35:10,372 | prediction 77824/105181
2026-09-30 18:35:17,559 | prediction 81920/105181
2026-09-30 18:35:24,737 | prediction 86016/105181
2026-09-30 18:35:31,918 | prediction 90112/105181
2026-09-30 18:35:39,095 | prediction 94208/105181
2026-09-30 18:35:46,277 | prediction 98304/105181
2026-09-30 18:35:53,454 | prediction 102400/105181
2026-09-30 18:35:59,884 | experiments/exp03/seeds/seed45/static/aligned/online_frozen.json | down:d16:uNone:pNone
2026-09-30 18:36:07,074 | prediction 4096/105181
2026-09-30 18:36:14,256 | prediction 8192/105181
2026-09-30 18:36:21,435 | prediction 12288/105181
2026-09-30 18:36:28,610 | prediction 16384/105181
2026-09-30 18:36:35,789 | prediction 20480/105181
2026-09-30 18:36:42,975 | prediction 24576/105181
2026-09-30 18:36:50,163 | prediction 28672/105181
2026-09-30 18:36:57,362 | prediction 32768/105181
2026-09-30 18:37:04,548 | prediction 36864/105181
2026-09-30 18:37:11,766 | prediction 40960/105181
2026-09-30 18:37:18,978 | prediction 45056/105181
2026-09-30 18:37:26,189 | prediction 49152/105181
2026-09-30 18:37:33,397 | prediction 53248/105181
2026-09-30 18:37:40,610 | prediction 57344/105181
2026-09-30 18:37:47,818 | prediction 61440/105181
2026-09-30 18:37:55,004 | prediction 65536/105181
2026-09-30 18:38:02,181 | prediction 69632/105181
2026-09-30 18:38:09,356 | prediction 73728/105181
2026-09-30 18:38:16,530 | prediction 77824/105181
2026-09-30 18:38:23,709 | prediction 81920/105181
2026-09-30 18:38:30,885 | prediction 86016/105181
2026-09-30 18:38:38,072 | prediction 90112/105181
2026-09-30 18:38:45,248 | prediction 94208/105181
2026-09-30 18:38:52,448 | prediction 98304/105181
2026-09-30 18:38:59,658 | prediction 102400/105181
2026-09-30 18:39:06,111 | experiments/exp03/seeds/seed45/static/aligned/online_frozen.json | down:d32:uNone:pNone
2026-09-30 18:39:13,333 | prediction 4096/105181
2026-09-30 18:39:20,522 | prediction 8192/105181
2026-09-30 18:39:27,709 | prediction 12288/105181
2026-09-30 18:39:34,903 | prediction 16384/105181
2026-09-30 18:39:42,097 | prediction 20480/105181
2026-09-30 18:39:49,279 | prediction 24576/105181
2026-09-30 18:39:56,461 | prediction 28672/105181
2026-09-30 18:40:03,668 | prediction 32768/105181
2026-09-30 18:40:10,881 | prediction 36864/105181
2026-09-30 18:40:18,091 | prediction 40960/105181
2026-09-30 18:40:25,301 | prediction 45056/105181
2026-09-30 18:40:32,471 | prediction 49152/105181
2026-09-30 18:40:39,666 | prediction 53248/105181
2026-09-30 18:40:46,853 | prediction 57344/105181
2026-09-30 18:40:54,043 | prediction 61440/105181
2026-09-30 18:41:01,222 | prediction 65536/105181
2026-09-30 18:41:08,401 | prediction 69632/105181
2026-09-30 18:41:15,583 | prediction 73728/105181
2026-09-30 18:41:22,773 | prediction 77824/105181
2026-09-30 18:41:30,032 | prediction 81920/105181
2026-09-30 18:41:37,502 | prediction 86016/105181
2026-09-30 18:41:44,889 | prediction 90112/105181
2026-09-30 18:41:52,277 | prediction 94208/105181
2026-09-30 18:41:59,645 | prediction 98304/105181
2026-09-30 18:42:07,012 | prediction 102400/105181
2026-09-30 18:42:13,635 | experiments/exp03/seeds/seed45/static/aligned/online_frozen.json | down:d48:uNone:pNone
2026-09-30 18:42:20,883 | prediction 4096/105181
2026-09-30 18:42:28,104 | prediction 8192/105181
2026-09-30 18:42:35,324 | prediction 12288/105181
2026-09-30 18:42:42,546 | prediction 16384/105181
2026-09-30 18:42:49,771 | prediction 20480/105181
2026-09-30 18:42:56,995 | prediction 24576/105181
2026-09-30 18:43:04,207 | prediction 28672/105181
2026-09-30 18:43:11,437 | prediction 32768/105181
2026-09-30 18:43:18,661 | prediction 36864/105181
2026-09-30 18:43:25,871 | prediction 40960/105181
2026-09-30 18:43:33,075 | prediction 45056/105181
2026-09-30 18:43:40,283 | prediction 49152/105181
2026-09-30 18:43:47,484 | prediction 53248/105181
2026-09-30 18:43:54,697 | prediction 57344/105181
2026-09-30 18:44:01,897 | prediction 61440/105181
2026-09-30 18:44:09,109 | prediction 65536/105181
2026-09-30 18:44:16,327 | prediction 69632/105181
2026-09-30 18:44:23,629 | prediction 73728/105181
2026-09-30 18:44:30,808 | prediction 77824/105181
2026-09-30 18:44:37,990 | prediction 81920/105181
2026-09-30 18:44:45,222 | prediction 86016/105181
2026-09-30 18:44:52,398 | prediction 90112/105181
2026-09-30 18:44:59,666 | prediction 94208/105181
2026-09-30 18:45:06,881 | prediction 98304/105181
2026-09-30 18:45:14,089 | prediction 102400/105181
2026-09-30 18:45:20,537 | experiments/exp03/seeds/seed45/static/aligned/online_frozen.json | down:d64:uNone:pNone
2026-09-30 18:45:27,765 | prediction 4096/105181
2026-09-30 18:45:34,948 | prediction 8192/105181
2026-09-30 18:45:42,118 | prediction 12288/105181
2026-09-30 18:45:49,292 | prediction 16384/105181
2026-09-30 18:45:56,469 | prediction 20480/105181
2026-09-30 18:46:03,647 | prediction 24576/105181
2026-09-30 18:46:10,856 | prediction 28672/105181
2026-09-30 18:46:18,053 | prediction 32768/105181
2026-09-30 18:46:25,220 | prediction 36864/105181
2026-09-30 18:46:32,391 | prediction 40960/105181
2026-09-30 18:46:39,565 | prediction 45056/105181
2026-09-30 18:46:46,743 | prediction 49152/105181
2026-09-30 18:46:53,902 | prediction 53248/105181
2026-09-30 18:47:01,061 | prediction 57344/105181
2026-09-30 18:47:08,231 | prediction 61440/105181
2026-09-30 18:47:15,404 | prediction 65536/105181
2026-09-30 18:47:22,578 | prediction 69632/105181
2026-09-30 18:47:29,781 | prediction 73728/105181
2026-09-30 18:47:36,984 | prediction 77824/105181
2026-09-30 18:47:44,191 | prediction 81920/105181
2026-09-30 18:47:51,389 | prediction 86016/105181
2026-09-30 18:47:58,587 | prediction 90112/105181
2026-09-30 18:48:05,786 | prediction 94208/105181
2026-09-30 18:48:12,993 | prediction 98304/105181
2026-09-30 18:48:20,195 | prediction 102400/105181
2026-09-30 18:48:26,662 | experiments/exp03/seeds/seed45/static/aligned/online_frozen.json | down:d76:uNone:pNone
2026-09-30 18:48:33,901 | prediction 4096/105181
2026-09-30 18:48:41,103 | prediction 8192/105181
2026-09-30 18:48:48,305 | prediction 12288/105181
2026-09-30 18:48:55,507 | prediction 16384/105181
2026-09-30 18:49:02,716 | prediction 20480/105181
2026-09-30 18:49:09,892 | prediction 24576/105181
2026-09-30 18:49:17,075 | prediction 28672/105181
2026-09-30 18:49:24,252 | prediction 32768/105181
2026-09-30 18:49:31,433 | prediction 36864/105181
2026-09-30 18:49:38,604 | prediction 40960/105181
2026-09-30 18:49:45,784 | prediction 45056/105181
2026-09-30 18:49:52,948 | prediction 49152/105181
2026-09-30 18:50:00,116 | prediction 53248/105181
2026-09-30 18:50:07,279 | prediction 57344/105181
2026-09-30 18:50:14,528 | prediction 61440/105181
2026-09-30 18:50:22,099 | prediction 65536/105181
2026-09-30 18:50:29,506 | prediction 69632/105181
2026-09-30 18:50:36,717 | prediction 73728/105181
2026-09-30 18:50:43,925 | prediction 77824/105181
2026-09-30 18:50:51,390 | prediction 81920/105181
2026-09-30 18:50:59,373 | prediction 86016/105181
2026-09-30 18:51:17,943 | prediction 90112/105181
2026-09-30 18:51:25,127 | prediction 94208/105181
2026-09-30 18:51:32,302 | prediction 98304/105181
2026-09-30 18:51:39,965 | prediction 102400/105181
2026-09-30 18:51:48,701 | experiments/exp03/seeds/seed45/static/aligned/online_frozen.json | up:dNone:u0:pNone
2026-09-30 18:51:55,924 | prediction 4096/105181
2026-09-30 18:52:03,183 | prediction 8192/105181
2026-09-30 18:52:10,818 | prediction 12288/105181
2026-09-30 18:52:19,386 | prediction 16384/105181
2026-09-30 18:52:26,807 | prediction 20480/105181
2026-09-30 18:54:38,463 | prediction 24576/105181
2026-09-30 18:54:46,026 | prediction 28672/105181
2026-09-30 18:54:53,512 | prediction 32768/105181
2026-09-30 18:57:01,918 | prediction 36864/105181
2026-09-30 18:57:09,134 | prediction 40960/105181
2026-09-30 18:57:16,382 | prediction 45056/105181
2026-09-30 18:57:24,063 | prediction 49152/105181
2026-09-30 18:58:08,096 | prediction 53248/105181
2026-09-30 18:58:34,635 | prediction 57344/105181
2026-09-30 19:06:48,890 | prediction 61440/105181
2026-09-30 19:06:58,306 | prediction 65536/105181
2026-09-30 19:07:09,519 | prediction 69632/105181
2026-09-30 19:07:57,314 | prediction 73728/105181
2026-09-30 19:23:45,769 | prediction 77824/105181
2026-09-30 19:23:53,010 | prediction 81920/105181
2026-09-30 19:24:00,201 | prediction 86016/105181
2026-09-30 19:24:07,405 | prediction 90112/105181
2026-09-30 19:24:14,595 | prediction 94208/105181
2026-09-30 19:24:22,295 | prediction 98304/105181
2026-09-30 19:25:46,369 | prediction 102400/105181
2026-09-30 19:27:13,289 | experiments/exp03/seeds/seed45/static/aligned/online_frozen.json | up:dNone:u1:pNone
2026-09-30 19:29:19,190 | prediction 4096/105181
2026-09-30 19:31:24,983 | prediction 8192/105181
2026-09-30 19:33:30,610 | prediction 12288/105181
2026-09-30 19:34:58,425 | prediction 16384/105181
2026-09-30 19:35:05,638 | prediction 20480/105181
2026-09-30 19:35:13,022 | prediction 24576/105181
2026-09-30 19:35:54,044 | prediction 28672/105181
2026-09-30 19:37:59,639 | prediction 32768/105181
2026-09-30 19:38:16,847 | prediction 36864/105181
2026-09-30 19:38:24,210 | prediction 40960/105181
2026-09-30 19:38:31,570 | prediction 45056/105181
2026-09-30 19:38:38,934 | prediction 49152/105181
2026-09-30 19:38:46,291 | prediction 53248/105181
2026-09-30 19:38:53,648 | prediction 57344/105181
2026-09-30 19:39:01,013 | prediction 61440/105181
2026-09-30 19:39:08,374 | prediction 65536/105181
2026-09-30 19:39:15,734 | prediction 69632/105181
2026-09-30 19:39:23,139 | prediction 73728/105181
2026-09-30 19:39:30,499 | prediction 77824/105181
2026-09-30 19:39:37,863 | prediction 81920/105181
2026-09-30 19:39:45,223 | prediction 86016/105181
2026-09-30 19:39:52,584 | prediction 90112/105181
2026-09-30 19:39:59,946 | prediction 94208/105181
2026-09-30 19:40:07,313 | prediction 98304/105181
2026-09-30 19:40:14,675 | prediction 102400/105181
2026-09-30 19:40:21,432 | experiments/exp03/seeds/seed45/static/aligned/online_frozen.json | up:dNone:u2:pNone
2026-09-30 19:40:28,810 | prediction 4096/105181
2026-09-30 19:40:36,176 | prediction 8192/105181
2026-09-30 19:40:43,542 | prediction 12288/105181
2026-09-30 19:40:50,906 | prediction 16384/105181
2026-09-30 19:40:58,281 | prediction 20480/105181
2026-09-30 19:41:05,543 | prediction 24576/105181
2026-09-30 19:41:12,762 | prediction 28672/105181
2026-09-30 19:41:19,979 | prediction 32768/105181
2026-09-30 19:41:27,203 | prediction 36864/105181
2026-09-30 19:41:34,420 | prediction 40960/105181
2026-09-30 19:41:41,643 | prediction 45056/105181
2026-09-30 19:41:48,861 | prediction 49152/105181
2026-09-30 19:41:56,073 | prediction 53248/105181
2026-09-30 19:42:03,286 | prediction 57344/105181
2026-09-30 19:42:10,503 | prediction 61440/105181
2026-09-30 19:42:17,716 | prediction 65536/105181
2026-09-30 19:42:24,928 | prediction 69632/105181
2026-09-30 19:42:32,138 | prediction 73728/105181
2026-09-30 19:42:39,352 | prediction 77824/105181
2026-09-30 19:42:46,564 | prediction 81920/105181
2026-09-30 19:42:53,765 | prediction 86016/105181
2026-09-30 19:43:00,941 | prediction 90112/105181
2026-09-30 19:43:08,122 | prediction 94208/105181
2026-09-30 19:43:15,300 | prediction 98304/105181
2026-09-30 19:43:22,473 | prediction 102400/105181
2026-09-30 19:43:28,904 | experiments/exp03/seeds/seed45/static/aligned/online_frozen.json | up:dNone:u4:pNone
2026-09-30 19:43:36,095 | prediction 4096/105181
2026-09-30 19:43:43,270 | prediction 8192/105181
2026-09-30 19:43:50,454 | prediction 12288/105181
2026-09-30 19:43:57,625 | prediction 16384/105181
2026-09-30 19:44:04,805 | prediction 20480/105181
2026-09-30 19:44:11,978 | prediction 24576/105181
2026-09-30 19:44:19,162 | prediction 28672/105181
2026-09-30 19:44:26,344 | prediction 32768/105181
2026-09-30 19:44:33,551 | prediction 36864/105181
2026-09-30 19:44:40,760 | prediction 40960/105181
2026-09-30 19:44:47,960 | prediction 45056/105181
2026-09-30 19:44:55,132 | prediction 49152/105181
2026-09-30 19:45:02,315 | prediction 53248/105181
2026-09-30 19:45:09,491 | prediction 57344/105181
2026-09-30 19:45:16,673 | prediction 61440/105181
2026-09-30 19:45:23,851 | prediction 65536/105181
2026-09-30 19:45:31,052 | prediction 69632/105181
2026-09-30 19:45:38,258 | prediction 73728/105181
2026-09-30 19:45:45,462 | prediction 77824/105181
2026-09-30 19:45:52,659 | prediction 81920/105181
2026-09-30 19:45:59,869 | prediction 86016/105181
2026-09-30 19:46:07,071 | prediction 90112/105181
2026-09-30 19:46:14,276 | prediction 94208/105181
2026-09-30 19:46:21,475 | prediction 98304/105181
2026-09-30 19:46:28,679 | prediction 102400/105181
2026-09-30 19:46:35,130 | experiments/exp03/seeds/seed45/static/aligned/online_frozen.json | up:dNone:u8:pNone
2026-09-30 19:46:42,363 | prediction 4096/105181
2026-09-30 19:46:49,579 | prediction 8192/105181
2026-09-30 19:46:56,795 | prediction 12288/105181
2026-09-30 19:47:04,011 | prediction 16384/105181
2026-09-30 19:47:11,235 | prediction 20480/105181
2026-09-30 19:47:18,458 | prediction 24576/105181
2026-09-30 19:47:25,680 | prediction 28672/105181
2026-09-30 19:47:32,901 | prediction 32768/105181
2026-09-30 19:47:40,123 | prediction 36864/105181
2026-09-30 19:47:47,338 | prediction 40960/105181
2026-09-30 19:47:54,554 | prediction 45056/105181
2026-09-30 19:48:01,768 | prediction 49152/105181
2026-09-30 19:48:08,980 | prediction 53248/105181
2026-09-30 19:48:16,194 | prediction 57344/105181
2026-09-30 19:48:23,409 | prediction 61440/105181
2026-09-30 19:48:30,624 | prediction 65536/105181
2026-09-30 19:48:37,841 | prediction 69632/105181
2026-09-30 19:48:45,036 | prediction 73728/105181
2026-09-30 19:48:52,214 | prediction 77824/105181
2026-09-30 19:48:59,390 | prediction 81920/105181
2026-09-30 19:49:06,569 | prediction 86016/105181
2026-09-30 19:49:13,742 | prediction 90112/105181
2026-09-30 19:49:20,920 | prediction 94208/105181
2026-09-30 19:49:28,109 | prediction 98304/105181
2026-09-30 19:49:35,297 | prediction 102400/105181
2026-09-30 19:49:41,774 | experiments/exp03/seeds/seed45/static/aligned/online_frozen.json | up:dNone:u16:pNone
2026-09-30 19:49:48,973 | prediction 4096/105181
2026-09-30 19:49:56,180 | prediction 8192/105181
2026-09-30 19:50:03,398 | prediction 12288/105181
2026-09-30 19:50:10,615 | prediction 16384/105181
2026-09-30 19:50:17,828 | prediction 20480/105181
2026-09-30 19:50:25,046 | prediction 24576/105181
2026-09-30 19:50:32,262 | prediction 28672/105181
2026-09-30 19:50:39,476 | prediction 32768/105181
2026-09-30 19:50:46,686 | prediction 36864/105181
2026-09-30 19:50:53,896 | prediction 40960/105181
2026-09-30 19:51:01,105 | prediction 45056/105181
2026-09-30 19:51:08,317 | prediction 49152/105181
2026-09-30 19:51:15,526 | prediction 53248/105181
2026-09-30 19:51:22,739 | prediction 57344/105181
2026-09-30 19:51:29,948 | prediction 61440/105181
2026-09-30 19:51:37,165 | prediction 65536/105181
2026-09-30 19:51:44,375 | prediction 69632/105181
2026-09-30 19:51:51,581 | prediction 73728/105181
2026-09-30 19:51:58,790 | prediction 77824/105181
2026-09-30 19:52:06,000 | prediction 81920/105181
2026-09-30 19:52:13,207 | prediction 86016/105181
2026-09-30 19:52:20,417 | prediction 90112/105181
2026-09-30 19:52:27,627 | prediction 94208/105181
2026-09-30 19:52:34,834 | prediction 98304/105181
2026-09-30 19:52:42,048 | prediction 102400/105181
2026-09-30 19:52:48,499 | experiments/exp03/seeds/seed45/static/aligned/online_frozen.json | up:dNone:u32:pNone
2026-09-30 19:52:55,745 | prediction 4096/105181
2026-09-30 19:53:02,954 | prediction 8192/105181
2026-09-30 19:53:10,170 | prediction 12288/105181
2026-09-30 19:53:17,378 | prediction 16384/105181
2026-09-30 19:53:24,586 | prediction 20480/105181
2026-09-30 19:53:31,796 | prediction 24576/105181
2026-09-30 19:53:39,018 | prediction 28672/105181
2026-09-30 19:53:46,232 | prediction 32768/105181
2026-09-30 19:53:53,441 | prediction 36864/105181
2026-09-30 19:54:00,647 | prediction 40960/105181
2026-09-30 19:54:07,856 | prediction 45056/105181
2026-09-30 19:54:15,068 | prediction 49152/105181
2026-09-30 19:54:22,276 | prediction 53248/105181
2026-09-30 19:54:29,487 | prediction 57344/105181
2026-09-30 19:54:36,700 | prediction 61440/105181
2026-09-30 19:54:43,910 | prediction 65536/105181
2026-09-30 19:54:51,111 | prediction 69632/105181
2026-09-30 19:54:58,313 | prediction 73728/105181
2026-09-30 19:55:05,517 | prediction 77824/105181
2026-09-30 19:55:12,719 | prediction 81920/105181
2026-09-30 19:55:19,921 | prediction 86016/105181
2026-09-30 19:55:27,128 | prediction 90112/105181
2026-09-30 19:55:34,335 | prediction 94208/105181
2026-09-30 19:55:41,539 | prediction 98304/105181
2026-09-30 19:55:48,750 | prediction 102400/105181
2026-09-30 19:55:55,202 | experiments/exp03/seeds/seed45/static/aligned/online_frozen.json | up:dNone:u48:pNone
2026-09-30 19:56:02,441 | prediction 4096/105181
2026-09-30 19:56:09,642 | prediction 8192/105181
2026-09-30 19:56:16,851 | prediction 12288/105181
2026-09-30 19:56:24,027 | prediction 16384/105181
2026-09-30 19:56:31,202 | prediction 20480/105181
2026-09-30 19:56:38,372 | prediction 24576/105181
2026-09-30 19:56:45,553 | prediction 28672/105181
2026-09-30 19:56:52,740 | prediction 32768/105181
2026-09-30 19:56:59,903 | prediction 36864/105181
2026-09-30 19:57:07,071 | prediction 40960/105181
2026-09-30 19:57:14,261 | prediction 45056/105181
2026-09-30 19:57:21,420 | prediction 49152/105181
2026-09-30 19:57:28,618 | prediction 53248/105181
2026-09-30 19:57:35,796 | prediction 57344/105181
2026-09-30 19:57:42,965 | prediction 61440/105181
2026-09-30 19:57:50,135 | prediction 65536/105181
2026-09-30 19:57:57,311 | prediction 69632/105181
2026-09-30 19:58:04,481 | prediction 73728/105181
2026-09-30 19:58:11,650 | prediction 77824/105181
2026-09-30 19:58:18,817 | prediction 81920/105181
2026-09-30 19:58:25,993 | prediction 86016/105181
2026-09-30 19:58:33,163 | prediction 90112/105181
2026-09-30 19:58:40,341 | prediction 94208/105181
2026-09-30 19:58:47,515 | prediction 98304/105181
2026-09-30 19:58:54,689 | prediction 102400/105181
2026-09-30 19:59:01,135 | experiments/exp03/seeds/seed45/static/aligned/online_frozen.json | up:dNone:u64:pNone
2026-09-30 19:59:08,340 | prediction 4096/105181
2026-09-30 19:59:15,516 | prediction 8192/105181
2026-09-30 19:59:22,689 | prediction 12288/105181
2026-09-30 19:59:29,867 | prediction 16384/105181
2026-09-30 19:59:37,038 | prediction 20480/105181
2026-09-30 19:59:44,215 | prediction 24576/105181
2026-09-30 19:59:51,386 | prediction 28672/105181
2026-09-30 19:59:58,564 | prediction 32768/105181
2026-09-30 20:00:05,736 | prediction 36864/105181
2026-09-30 20:00:12,902 | prediction 40960/105181
2026-09-30 20:00:20,062 | prediction 45056/105181
2026-09-30 20:00:27,227 | prediction 49152/105181
2026-09-30 20:00:34,386 | prediction 53248/105181
2026-09-30 20:00:41,556 | prediction 57344/105181
2026-09-30 20:00:48,716 | prediction 61440/105181
2026-09-30 20:00:55,898 | prediction 65536/105181
2026-09-30 20:01:03,086 | prediction 69632/105181
2026-09-30 20:01:10,280 | prediction 73728/105181
2026-09-30 20:01:17,438 | prediction 77824/105181
2026-09-30 20:01:24,598 | prediction 81920/105181
2026-09-30 20:01:31,754 | prediction 86016/105181
2026-09-30 20:01:38,916 | prediction 90112/105181
2026-09-30 20:01:46,069 | prediction 94208/105181
2026-09-30 20:01:53,236 | prediction 98304/105181
2026-09-30 20:02:00,396 | prediction 102400/105181
2026-09-30 20:02:06,817 | experiments/exp03/seeds/seed45/static/aligned/online_frozen.json | up:dNone:u76:pNone
2026-09-30 20:02:14,014 | prediction 4096/105181
2026-09-30 20:02:21,174 | prediction 8192/105181
2026-09-30 20:02:28,342 | prediction 12288/105181
2026-09-30 20:02:35,502 | prediction 16384/105181
2026-09-30 20:02:42,667 | prediction 20480/105181
2026-09-30 20:02:49,826 | prediction 24576/105181
2026-09-30 20:02:56,992 | prediction 28672/105181
2026-09-30 20:03:04,152 | prediction 32768/105181
2026-09-30 20:03:11,327 | prediction 36864/105181
2026-09-30 20:03:18,515 | prediction 40960/105181
2026-09-30 20:03:25,691 | prediction 45056/105181
2026-09-30 20:03:32,846 | prediction 49152/105181
2026-09-30 20:03:40,034 | prediction 53248/105181
2026-09-30 20:03:47,216 | prediction 57344/105181
2026-09-30 20:03:54,403 | prediction 61440/105181
2026-09-30 20:04:01,587 | prediction 65536/105181
2026-09-30 20:04:08,783 | prediction 69632/105181
2026-09-30 20:04:15,953 | prediction 73728/105181
2026-09-30 20:04:23,109 | prediction 77824/105181
2026-09-30 20:04:30,259 | prediction 81920/105181
2026-09-30 20:04:37,417 | prediction 86016/105181
2026-09-30 20:04:44,573 | prediction 90112/105181
2026-09-30 20:04:51,732 | prediction 94208/105181
2026-09-30 20:04:58,886 | prediction 98304/105181
2026-09-30 20:05:06,066 | prediction 102400/105181
2026-09-30 20:05:13,395 | experiments/exp03/seeds/seed45/static/aligned/online_frozen.json | both:d0:u0:pNone
2026-09-30 20:05:20,603 | prediction 4096/105181
2026-09-30 20:05:27,804 | prediction 8192/105181
2026-09-30 20:05:34,986 | prediction 12288/105181
2026-09-30 20:05:42,143 | prediction 16384/105181
2026-09-30 20:05:49,305 | prediction 20480/105181
2026-09-30 20:05:56,466 | prediction 24576/105181
2026-09-30 20:06:03,642 | prediction 28672/105181
2026-09-30 20:06:10,803 | prediction 32768/105181
2026-09-30 20:06:17,972 | prediction 36864/105181
2026-09-30 20:06:25,135 | prediction 40960/105181
2026-09-30 20:06:32,303 | prediction 45056/105181
2026-09-30 20:06:39,469 | prediction 49152/105181
2026-09-30 20:06:46,634 | prediction 53248/105181
2026-09-30 20:06:53,804 | prediction 57344/105181
2026-09-30 20:07:00,970 | prediction 61440/105181
2026-09-30 20:07:08,136 | prediction 65536/105181
2026-09-30 20:07:15,302 | prediction 69632/105181
2026-09-30 20:07:22,468 | prediction 73728/105181
2026-09-30 20:07:29,628 | prediction 77824/105181
2026-09-30 20:07:36,809 | prediction 81920/105181
2026-09-30 20:07:44,008 | prediction 86016/105181
2026-09-30 20:07:51,208 | prediction 90112/105181
2026-09-30 20:07:58,409 | prediction 94208/105181
2026-09-30 20:08:05,613 | prediction 98304/105181
2026-09-30 20:08:12,822 | prediction 102400/105181
2026-09-30 20:08:19,318 | experiments/exp03/seeds/seed45/static/aligned/online_frozen.json | both:d1:u1:pNone
2026-09-30 20:08:26,530 | prediction 4096/105181
2026-09-30 20:08:33,706 | prediction 8192/105181
2026-09-30 20:08:40,880 | prediction 12288/105181
2026-09-30 20:08:48,058 | prediction 16384/105181
2026-09-30 20:08:55,228 | prediction 20480/105181
2026-09-30 20:09:02,402 | prediction 24576/105181
2026-09-30 20:09:09,572 | prediction 28672/105181
2026-09-30 20:09:16,745 | prediction 32768/105181
2026-09-30 20:09:23,910 | prediction 36864/105181
2026-09-30 20:09:31,082 | prediction 40960/105181
2026-09-30 20:09:38,250 | prediction 45056/105181
2026-09-30 20:09:45,421 | prediction 49152/105181
2026-09-30 20:09:52,587 | prediction 53248/105181
2026-09-30 20:09:59,759 | prediction 57344/105181
2026-09-30 20:10:06,925 | prediction 61440/105181
2026-09-30 20:10:14,096 | prediction 65536/105181
2026-09-30 20:10:21,265 | prediction 69632/105181
2026-09-30 20:10:28,441 | prediction 73728/105181
2026-09-30 20:10:35,612 | prediction 77824/105181
2026-09-30 20:10:42,785 | prediction 81920/105181
2026-09-30 20:10:49,953 | prediction 86016/105181
2026-09-30 20:10:57,124 | prediction 90112/105181
2026-09-30 20:11:04,292 | prediction 94208/105181
2026-09-30 20:11:11,459 | prediction 98304/105181
2026-09-30 20:11:18,627 | prediction 102400/105181
2026-09-30 20:11:25,052 | experiments/exp03/seeds/seed45/static/aligned/online_frozen.json | both:d2:u2:pNone
2026-09-30 20:11:32,241 | prediction 4096/105181
2026-09-30 20:11:39,418 | prediction 8192/105181
2026-09-30 20:11:46,596 | prediction 12288/105181
2026-09-30 20:11:53,765 | prediction 16384/105181
2026-09-30 20:12:00,963 | prediction 20480/105181
2026-09-30 20:12:08,170 | prediction 24576/105181
2026-09-30 20:12:15,375 | prediction 28672/105181
2026-09-30 20:12:22,571 | prediction 32768/105181
2026-09-30 20:12:29,776 | prediction 36864/105181
2026-09-30 20:12:36,983 | prediction 40960/105181
2026-09-30 20:12:44,193 | prediction 45056/105181
2026-09-30 20:12:51,393 | prediction 49152/105181
2026-09-30 20:12:58,606 | prediction 53248/105181
2026-09-30 20:13:05,812 | prediction 57344/105181
2026-09-30 20:13:13,017 | prediction 61440/105181
2026-09-30 20:13:20,216 | prediction 65536/105181
2026-09-30 20:13:27,428 | prediction 69632/105181
2026-09-30 20:13:34,634 | prediction 73728/105181
2026-09-30 20:13:41,844 | prediction 77824/105181
2026-09-30 20:13:49,052 | prediction 81920/105181
2026-09-30 20:13:56,268 | prediction 86016/105181
2026-09-30 20:14:03,471 | prediction 90112/105181
2026-09-30 20:14:10,677 | prediction 94208/105181
2026-09-30 20:14:17,883 | prediction 98304/105181
2026-09-30 20:14:25,092 | prediction 102400/105181
2026-09-30 20:14:31,553 | experiments/exp03/seeds/seed45/static/aligned/online_frozen.json | both:d4:u4:pNone
2026-09-30 20:14:38,775 | prediction 4096/105181
2026-09-30 20:14:45,990 | prediction 8192/105181
2026-09-30 20:14:53,169 | prediction 12288/105181
2026-09-30 20:15:00,335 | prediction 16384/105181
2026-09-30 20:15:07,507 | prediction 20480/105181
2026-09-30 20:15:14,678 | prediction 24576/105181
2026-09-30 20:15:21,846 | prediction 28672/105181
2026-09-30 20:15:29,025 | prediction 32768/105181
2026-09-30 20:15:36,232 | prediction 36864/105181
2026-09-30 20:15:43,438 | prediction 40960/105181
2026-09-30 20:15:50,634 | prediction 45056/105181
2026-09-30 20:15:57,802 | prediction 49152/105181
2026-09-30 20:16:04,969 | prediction 53248/105181
2026-09-30 20:16:12,131 | prediction 57344/105181
2026-09-30 20:16:19,295 | prediction 61440/105181
2026-09-30 20:16:26,457 | prediction 65536/105181
2026-09-30 20:16:33,622 | prediction 69632/105181
2026-09-30 20:16:40,789 | prediction 73728/105181
2026-09-30 20:16:47,956 | prediction 77824/105181
2026-09-30 20:16:55,118 | prediction 81920/105181
2026-09-30 20:17:02,282 | prediction 86016/105181
2026-09-30 20:17:09,445 | prediction 90112/105181
2026-09-30 20:17:16,609 | prediction 94208/105181
2026-09-30 20:17:23,771 | prediction 98304/105181
2026-09-30 20:17:30,935 | prediction 102400/105181
2026-09-30 20:17:37,369 | experiments/exp03/seeds/seed45/static/aligned/online_frozen.json | both:d8:u8:pNone
2026-09-30 20:17:44,569 | prediction 4096/105181
2026-09-30 20:17:51,754 | prediction 8192/105181
2026-09-30 20:17:58,935 | prediction 12288/105181
2026-09-30 20:18:06,116 | prediction 16384/105181
2026-09-30 20:18:13,296 | prediction 20480/105181
2026-09-30 20:18:20,475 | prediction 24576/105181
2026-09-30 20:18:27,672 | prediction 28672/105181
2026-09-30 20:18:34,880 | prediction 32768/105181
2026-09-30 20:18:42,095 | prediction 36864/105181
2026-09-30 20:18:49,304 | prediction 40960/105181
2026-09-30 20:18:56,512 | prediction 45056/105181
2026-09-30 20:19:03,722 | prediction 49152/105181
2026-09-30 20:19:10,929 | prediction 53248/105181
2026-09-30 20:19:18,133 | prediction 57344/105181
2026-09-30 20:19:25,341 | prediction 61440/105181
2026-09-30 20:19:32,547 | prediction 65536/105181
2026-09-30 20:19:39,758 | prediction 69632/105181
2026-09-30 20:19:46,940 | prediction 73728/105181
2026-09-30 20:19:54,120 | prediction 77824/105181
2026-09-30 20:20:01,291 | prediction 81920/105181
2026-09-30 20:20:08,469 | prediction 86016/105181
2026-09-30 20:20:15,642 | prediction 90112/105181
2026-09-30 20:20:22,818 | prediction 94208/105181
2026-09-30 20:20:29,990 | prediction 98304/105181
2026-09-30 20:20:37,167 | prediction 102400/105181
2026-09-30 20:20:43,607 | experiments/exp03/seeds/seed45/static/aligned/online_frozen.json | both:d16:u16:pNone
2026-09-30 20:20:50,789 | prediction 4096/105181
2026-09-30 20:20:57,969 | prediction 8192/105181
2026-09-30 20:21:05,146 | prediction 12288/105181
2026-09-30 20:21:12,344 | prediction 16384/105181
2026-09-30 20:21:19,548 | prediction 20480/105181
2026-09-30 20:21:26,748 | prediction 24576/105181
2026-09-30 20:21:33,943 | prediction 28672/105181
2026-09-30 20:21:41,144 | prediction 32768/105181
2026-09-30 20:21:48,314 | prediction 36864/105181
2026-09-30 20:21:55,485 | prediction 40960/105181
2026-09-30 20:22:02,651 | prediction 45056/105181
2026-09-30 20:22:09,819 | prediction 49152/105181
2026-09-30 20:22:16,975 | prediction 53248/105181
2026-09-30 20:22:24,139 | prediction 57344/105181
2026-09-30 20:22:31,311 | prediction 61440/105181
2026-09-30 20:22:38,499 | prediction 65536/105181
2026-09-30 20:22:45,672 | prediction 69632/105181
2026-09-30 20:22:52,854 | prediction 73728/105181
2026-09-30 20:23:00,034 | prediction 77824/105181
2026-09-30 20:23:07,210 | prediction 81920/105181
2026-09-30 20:23:14,400 | prediction 86016/105181
2026-09-30 20:23:21,606 | prediction 90112/105181
2026-09-30 20:23:28,801 | prediction 94208/105181
2026-09-30 20:23:36,006 | prediction 98304/105181
2026-09-30 20:23:43,204 | prediction 102400/105181
2026-09-30 20:23:49,674 | experiments/exp03/seeds/seed45/static/aligned/online_frozen.json | both:d32:u32:pNone
2026-09-30 20:23:56,877 | prediction 4096/105181
2026-09-30 20:24:04,047 | prediction 8192/105181
2026-09-30 20:24:11,238 | prediction 12288/105181
2026-09-30 20:24:18,436 | prediction 16384/105181
2026-09-30 20:24:25,633 | prediction 20480/105181
2026-09-30 20:24:32,834 | prediction 24576/105181
2026-09-30 20:24:40,025 | prediction 28672/105181
2026-09-30 20:24:47,190 | prediction 32768/105181
2026-09-30 20:24:54,357 | prediction 36864/105181
2026-09-30 20:25:01,541 | prediction 40960/105181
2026-09-30 20:25:08,732 | prediction 45056/105181
2026-09-30 20:25:15,904 | prediction 49152/105181
2026-09-30 20:25:23,076 | prediction 53248/105181
2026-09-30 20:25:30,247 | prediction 57344/105181
2026-09-30 20:25:37,423 | prediction 61440/105181
2026-09-30 20:25:44,596 | prediction 65536/105181
2026-09-30 20:25:51,771 | prediction 69632/105181
2026-09-30 20:25:58,943 | prediction 73728/105181
2026-09-30 20:26:06,110 | prediction 77824/105181
2026-09-30 20:26:13,275 | prediction 81920/105181
2026-09-30 20:26:20,440 | prediction 86016/105181
2026-09-30 20:26:27,603 | prediction 90112/105181
2026-09-30 20:26:34,775 | prediction 94208/105181
2026-09-30 20:26:41,947 | prediction 98304/105181
2026-09-30 20:26:49,119 | prediction 102400/105181
2026-09-30 20:26:55,556 | experiments/exp03/seeds/seed45/static/aligned/online_frozen.json | both:d48:u48:pNone
2026-09-30 20:27:02,771 | prediction 4096/105181
2026-09-30 20:27:09,943 | prediction 8192/105181
2026-09-30 20:27:17,147 | prediction 12288/105181
2026-09-30 20:27:24,344 | prediction 16384/105181
2026-09-30 20:27:31,525 | prediction 20480/105181
2026-09-30 20:27:38,725 | prediction 24576/105181
2026-09-30 20:27:45,933 | prediction 28672/105181
2026-09-30 20:27:53,133 | prediction 32768/105181
2026-09-30 20:28:00,338 | prediction 36864/105181
2026-09-30 20:28:07,536 | prediction 40960/105181
2026-09-30 20:28:14,712 | prediction 45056/105181
2026-09-30 20:28:21,870 | prediction 49152/105181
2026-09-30 20:28:29,050 | prediction 53248/105181
2026-09-30 20:28:36,205 | prediction 57344/105181
2026-09-30 20:28:43,364 | prediction 61440/105181
2026-09-30 20:28:50,518 | prediction 65536/105181
2026-09-30 20:28:57,677 | prediction 69632/105181
2026-09-30 20:29:04,848 | prediction 73728/105181
2026-09-30 20:29:12,043 | prediction 77824/105181
2026-09-30 20:29:19,253 | prediction 81920/105181
2026-09-30 20:29:26,465 | prediction 86016/105181
2026-09-30 20:29:33,671 | prediction 90112/105181
2026-09-30 20:29:40,852 | prediction 94208/105181
2026-09-30 20:29:48,019 | prediction 98304/105181
2026-09-30 20:29:55,190 | prediction 102400/105181
2026-09-30 20:30:01,616 | experiments/exp03/seeds/seed45/static/aligned/online_frozen.json | both:d64:u64:pNone
2026-09-30 20:30:08,842 | prediction 4096/105181
2026-09-30 20:30:16,044 | prediction 8192/105181
2026-09-30 20:30:23,234 | prediction 12288/105181
2026-09-30 20:30:30,426 | prediction 16384/105181
2026-09-30 20:30:37,618 | prediction 20480/105181
2026-09-30 20:30:44,796 | prediction 24576/105181
2026-09-30 20:30:51,956 | prediction 28672/105181
2026-09-30 20:30:59,115 | prediction 32768/105181
2026-09-30 20:31:06,277 | prediction 36864/105181
2026-09-30 20:31:13,468 | prediction 40960/105181
2026-09-30 20:31:20,656 | prediction 45056/105181
2026-09-30 20:31:27,853 | prediction 49152/105181
2026-09-30 20:31:35,045 | prediction 53248/105181
2026-09-30 20:31:42,238 | prediction 57344/105181
2026-09-30 20:31:49,427 | prediction 61440/105181
2026-09-30 20:31:56,624 | prediction 65536/105181
2026-09-30 20:32:03,815 | prediction 69632/105181
2026-09-30 20:32:11,018 | prediction 73728/105181
2026-09-30 20:32:18,190 | prediction 77824/105181
2026-09-30 20:32:25,360 | prediction 81920/105181
2026-09-30 20:32:32,520 | prediction 86016/105181
2026-09-30 20:32:39,687 | prediction 90112/105181
2026-09-30 20:32:46,845 | prediction 94208/105181
2026-09-30 20:32:53,999 | prediction 98304/105181
2026-09-30 20:33:01,145 | prediction 102400/105181
2026-09-30 20:33:07,558 | experiments/exp03/seeds/seed45/static/aligned/online_frozen.json | both:d76:u76:pNone
2026-09-30 20:33:14,754 | prediction 4096/105181
2026-09-30 20:33:21,911 | prediction 8192/105181
2026-09-30 20:33:29,073 | prediction 12288/105181
2026-09-30 20:33:36,246 | prediction 16384/105181
2026-09-30 20:33:43,451 | prediction 20480/105181
2026-09-30 20:33:50,656 | prediction 24576/105181
2026-09-30 20:33:57,840 | prediction 28672/105181
2026-09-30 20:34:05,009 | prediction 32768/105181
2026-09-30 20:34:12,184 | prediction 36864/105181
2026-09-30 20:34:19,353 | prediction 40960/105181
2026-09-30 20:34:26,528 | prediction 45056/105181
2026-09-30 20:34:33,689 | prediction 49152/105181
2026-09-30 20:34:40,858 | prediction 53248/105181
2026-09-30 20:34:48,022 | prediction 57344/105181
2026-09-30 20:34:55,190 | prediction 61440/105181
2026-09-30 20:35:02,387 | prediction 65536/105181
2026-09-30 20:35:09,558 | prediction 69632/105181
2026-09-30 20:35:16,715 | prediction 73728/105181
2026-09-30 20:35:23,887 | prediction 77824/105181
2026-09-30 20:35:31,066 | prediction 81920/105181
2026-09-30 20:35:38,233 | prediction 86016/105181
2026-09-30 20:35:45,399 | prediction 90112/105181
2026-09-30 20:35:52,567 | prediction 94208/105181
2026-09-30 20:35:59,727 | prediction 98304/105181
2026-09-30 20:36:06,893 | prediction 102400/105181
2026-09-30 20:36:51,117 | Original online 1000/105181 updates=673
2026-09-30 20:37:15,692 | Original online 2000/105181 updates=1328
2026-09-30 20:37:31,814 | Original online 3000/105181 updates=1656
2026-09-30 20:37:48,798 | Original online 4000/105181 updates=2017
2026-09-30 20:38:13,970 | Original online 5000/105181 updates=2689
2026-09-30 20:38:37,878 | Original online 6000/105181 updates=3312
2026-09-30 20:38:54,044 | Original online 7000/105181 updates=3640
2026-09-30 20:39:11,928 | Original online 8000/105181 updates=4033
2026-09-30 20:39:37,222 | Original online 9000/105181 updates=4705
2026-09-30 20:40:00,363 | Original online 10000/105181 updates=5296
2026-09-30 20:40:16,558 | Original online 11000/105181 updates=5624
2026-09-30 20:40:35,301 | Original online 12000/105181 updates=6049
2026-09-30 20:41:00,586 | Original online 13000/105181 updates=6721
2026-09-30 20:41:22,892 | Original online 14000/105181 updates=7280
2026-09-30 20:41:39,111 | Original online 15000/105181 updates=7608
2026-09-30 20:41:58,730 | Original online 16000/105181 updates=8065
2026-09-30 20:42:24,040 | Original online 17000/105181 updates=8737
2026-09-30 20:42:45,534 | Original online 18000/105181 updates=9264
2026-09-30 20:43:01,760 | Original online 19000/105181 updates=9592
2026-09-30 20:43:22,288 | Original online 20000/105181 updates=10081
2026-09-30 20:43:47,640 | Original online 21000/105181 updates=10753
2026-09-30 20:44:08,284 | Original online 22000/105181 updates=11248
2026-09-30 20:44:24,537 | Original online 23000/105181 updates=11576
2026-09-30 20:44:45,916 | Original online 24000/105181 updates=12097
2026-09-30 20:45:11,306 | Original online 25000/105181 updates=12769
2026-09-30 20:45:31,111 | Original online 26000/105181 updates=13232
2026-09-30 20:45:47,399 | Original online 27000/105181 updates=13560
2026-09-30 20:46:09,610 | Original online 28000/105181 updates=14113
2026-09-30 20:46:34,993 | Original online 29000/105181 updates=14785
2026-09-30 20:46:53,969 | Original online 30000/105181 updates=15216
2026-09-30 20:47:10,254 | Original online 31000/105181 updates=15544
2026-09-30 20:47:33,432 | Original online 32000/105181 updates=16129
2026-09-30 20:47:58,894 | Original online 33000/105181 updates=16801
2026-09-30 20:48:17,025 | Original online 34000/105181 updates=17200
2026-09-30 20:48:33,327 | Original online 35000/105181 updates=17528
2026-09-30 20:48:57,320 | Original online 36000/105181 updates=18145
2026-09-30 20:49:22,781 | Original online 37000/105181 updates=18817
2026-09-30 20:49:40,105 | Original online 38000/105181 updates=19184
2026-09-30 20:49:56,456 | Original online 39000/105181 updates=19512
2026-09-30 20:50:21,373 | Original online 40000/105181 updates=20161
2026-09-30 20:50:46,968 | Original online 41000/105181 updates=20833
2026-09-30 20:51:03,477 | Original online 42000/105181 updates=21168
2026-09-30 20:51:20,063 | Original online 43000/105181 updates=21505
2026-09-30 20:51:45,590 | Original online 44000/105181 updates=22177
2026-09-30 20:52:10,432 | Original online 45000/105181 updates=22824
2026-09-30 20:52:26,763 | Original online 46000/105181 updates=23152
2026-09-30 20:52:44,174 | Original online 47000/105181 updates=23521
2026-09-30 20:53:09,693 | Original online 48000/105181 updates=24193
2026-09-30 20:53:33,694 | Original online 49000/105181 updates=24808
2026-09-30 20:53:50,009 | Original online 50000/105181 updates=25136
2026-09-30 20:54:08,313 | Original online 51000/105181 updates=25537
2026-09-30 20:54:33,856 | Original online 52000/105181 updates=26209
2026-09-30 20:54:57,017 | Original online 53000/105181 updates=26792
2026-09-30 20:55:13,359 | Original online 54000/105181 updates=27120
2026-09-30 20:55:32,546 | Original online 55000/105181 updates=27553
2026-09-30 20:55:58,106 | Original online 56000/105181 updates=28225
2026-09-30 20:56:20,382 | Original online 57000/105181 updates=28776
2026-09-30 20:56:36,735 | Original online 58000/105181 updates=29104
2026-09-30 20:56:56,738 | Original online 59000/105181 updates=29569
2026-09-30 20:57:22,304 | Original online 60000/105181 updates=30241
2026-09-30 20:57:43,758 | Original online 61000/105181 updates=30760
2026-09-30 20:58:00,107 | Original online 62000/105181 updates=31088
2026-09-30 20:58:21,015 | Original online 63000/105181 updates=31585
2026-09-30 20:58:46,624 | Original online 64000/105181 updates=32257
2026-09-30 20:59:07,235 | Original online 65000/105181 updates=32744
2026-09-30 20:59:23,651 | Original online 66000/105181 updates=33072
2026-09-30 20:59:45,428 | Original online 67000/105181 updates=33601
2026-09-30 21:00:11,065 | Original online 68000/105181 updates=34273
2026-09-30 21:00:30,825 | Original online 69000/105181 updates=34728
2026-09-30 21:00:47,207 | Original online 70000/105181 updates=35056
2026-09-30 21:01:09,816 | Original online 71000/105181 updates=35617
2026-09-30 21:01:35,408 | Original online 72000/105181 updates=36289
2026-09-30 21:01:54,308 | Original online 73000/105181 updates=36712
2026-09-30 21:02:10,686 | Original online 74000/105181 updates=37040
2026-09-30 21:02:34,242 | Original online 75000/105181 updates=37633
2026-09-30 21:02:59,959 | Original online 76000/105181 updates=38305
2026-09-30 21:03:18,033 | Original online 77000/105181 updates=38696
2026-09-30 21:03:34,478 | Original online 78000/105181 updates=39024
2026-09-30 21:03:58,894 | Original online 79000/105181 updates=39649
2026-09-30 21:04:24,554 | Original online 80000/105181 updates=40321
2026-09-30 21:04:41,752 | Original online 81000/105181 updates=40680
2026-09-30 21:04:58,199 | Original online 82000/105181 updates=41008
2026-09-30 21:05:23,480 | Original online 83000/105181 updates=41665
2026-09-30 21:05:49,219 | Original online 84000/105181 updates=42336
2026-09-30 21:06:05,652 | Original online 85000/105181 updates=42664
2026-09-30 21:06:22,574 | Original online 86000/105181 updates=43009
2026-09-30 21:06:48,299 | Original online 87000/105181 updates=43681
2026-09-30 21:07:13,116 | Original online 88000/105181 updates=44320
2026-09-30 21:07:29,538 | Original online 89000/105181 updates=44648
2026-09-30 21:07:47,342 | Original online 90000/105181 updates=45025
2026-09-30 21:08:13,186 | Original online 91000/105181 updates=45697
2026-09-30 21:08:37,234 | Original online 92000/105181 updates=46304
2026-09-30 21:08:54,142 | Original online 93000/105181 updates=46632
2026-09-30 21:09:12,781 | Original online 94000/105181 updates=47041
2026-09-30 21:09:38,882 | Original online 95000/105181 updates=47713
2026-09-30 21:10:02,181 | Original online 96000/105181 updates=48288
2026-09-30 21:10:18,923 | Original online 97000/105181 updates=48616
2026-09-30 21:10:38,721 | Original online 98000/105181 updates=49057
2026-09-30 21:11:04,962 | Original online 99000/105181 updates=49729
2026-09-30 21:11:27,498 | Original online 100000/105181 updates=50272
2026-09-30 21:11:44,059 | Original online 101000/105181 updates=50600
2026-09-30 21:12:04,452 | Original online 102000/105181 updates=51073
2026-09-30 21:12:30,205 | Original online 103000/105181 updates=51745
2026-09-30 21:12:51,551 | Original online 104000/105181 updates=52256
2026-09-30 21:13:07,987 | Original online 105000/105181 updates=52584
2026-09-30 21:13:14,236 | Original online 105181/105181 updates=52765
2026-09-30 21:13:17,637 | snapshot analysis step=-1
2026-09-30 21:13:56,427 | snapshot analysis step=671
2026-09-30 21:14:35,249 | snapshot analysis step=1343
2026-09-30 21:15:14,100 | snapshot analysis step=2015
2026-09-30 21:15:52,897 | snapshot analysis step=2687
2026-09-30 21:16:31,605 | snapshot analysis step=3359
2026-09-30 21:17:10,432 | snapshot analysis step=4031
2026-09-30 21:17:49,301 | snapshot analysis step=4703
2026-09-30 21:18:28,047 | snapshot analysis step=5375
2026-09-30 21:19:06,823 | snapshot analysis step=6047
2026-09-30 21:19:45,694 | snapshot analysis step=6719
2026-09-30 21:20:24,614 | snapshot analysis step=7391
2026-09-30 21:21:03,480 | snapshot analysis step=8063
2026-09-30 21:21:42,458 | snapshot analysis step=8735
2026-09-30 21:22:21,439 | snapshot analysis step=9407
2026-09-30 21:23:00,396 | snapshot analysis step=10079
2026-09-30 21:23:39,325 | snapshot analysis step=10751
2026-09-30 21:24:18,251 | snapshot analysis step=11423
2026-09-30 21:24:57,278 | snapshot analysis step=12095
2026-09-30 21:25:36,190 | snapshot analysis step=12767
2026-09-30 21:26:15,090 | snapshot analysis step=13439
2026-09-30 21:26:54,128 | snapshot analysis step=14111
2026-09-30 21:27:33,208 | snapshot analysis step=14783
2026-09-30 21:28:12,310 | snapshot analysis step=15455
2026-09-30 21:28:51,330 | snapshot analysis step=16127
2026-09-30 21:29:30,398 | snapshot analysis step=16799
2026-09-30 21:30:09,510 | snapshot analysis step=17471
2026-09-30 21:30:48,624 | snapshot analysis step=18143
2026-09-30 21:31:27,812 | snapshot analysis step=18815
2026-09-30 21:32:06,946 | snapshot analysis step=19487
2026-09-30 21:32:46,064 | snapshot analysis step=20159
2026-09-30 21:33:25,226 | snapshot analysis step=20831
2026-09-30 21:34:04,354 | snapshot analysis step=21503
2026-09-30 21:34:43,558 | snapshot analysis step=22175
2026-09-30 21:35:22,796 | snapshot analysis step=22847
2026-09-30 21:36:02,047 | snapshot analysis step=23519
2026-09-30 21:36:41,266 | snapshot analysis step=24191
2026-09-30 21:37:20,551 | snapshot analysis step=24863
2026-09-30 21:37:59,822 | snapshot analysis step=25535
2026-09-30 21:38:39,027 | snapshot analysis step=26207
2026-09-30 21:39:18,336 | snapshot analysis step=26879
2026-09-30 21:39:57,654 | snapshot analysis step=27551
2026-09-30 21:40:36,980 | snapshot analysis step=28223
2026-09-30 21:41:16,307 | snapshot analysis step=28895
2026-09-30 21:41:55,661 | snapshot analysis step=29567
2026-09-30 21:42:34,932 | snapshot analysis step=30239
2026-09-30 21:43:14,285 | snapshot analysis step=30911
2026-09-30 21:43:53,485 | snapshot analysis step=31583
2026-09-30 21:44:32,597 | snapshot analysis step=32255
2026-09-30 21:45:11,790 | snapshot analysis step=32927
2026-09-30 21:45:51,065 | snapshot analysis step=33599
2026-09-30 21:46:30,301 | snapshot analysis step=34271
2026-09-30 21:47:09,619 | snapshot analysis step=34943
2026-09-30 21:47:48,854 | snapshot analysis step=35615
2026-09-30 21:48:28,123 | snapshot analysis step=36287
2026-09-30 21:49:07,373 | snapshot analysis step=36959
2026-09-30 21:49:46,692 | snapshot analysis step=37631
2026-09-30 21:50:26,091 | snapshot analysis step=38303
2026-09-30 21:51:05,505 | snapshot analysis step=38975
2026-09-30 21:51:44,925 | snapshot analysis step=39647
2026-09-30 21:52:24,350 | snapshot analysis step=40319
2026-09-30 21:53:03,725 | snapshot analysis step=40991
2026-09-30 21:53:43,111 | snapshot analysis step=41663
2026-09-30 21:54:22,597 | snapshot analysis step=42335
2026-09-30 21:55:02,015 | snapshot analysis step=43007
2026-09-30 21:55:41,334 | snapshot analysis step=43679
2026-09-30 21:56:20,832 | snapshot analysis step=44351
2026-09-30 21:57:00,304 | snapshot analysis step=45023
2026-09-30 21:57:39,753 | snapshot analysis step=45695
2026-09-30 21:58:19,225 | snapshot analysis step=46367
2026-09-30 21:58:58,758 | snapshot analysis step=47039
2026-09-30 21:59:38,268 | snapshot analysis step=47711
2026-09-30 22:00:17,747 | snapshot analysis step=48383
2026-09-30 22:00:57,258 | snapshot analysis step=49055
2026-09-30 22:01:36,880 | snapshot analysis step=49727
2026-09-30 22:02:16,429 | snapshot analysis step=50399
2026-09-30 22:02:55,929 | snapshot analysis step=51071
2026-09-30 22:03:35,436 | snapshot analysis step=51743
2026-09-30 22:04:15,005 | snapshot analysis step=52415
2026-09-30 22:04:54,519 | snapshot analysis step=53087
2026-09-30 22:05:34,010 | snapshot analysis step=53759
2026-09-30 22:06:13,527 | snapshot analysis step=54431
2026-09-30 22:06:53,140 | snapshot analysis step=55103
2026-09-30 22:07:32,784 | snapshot analysis step=55775
2026-09-30 22:08:12,384 | snapshot analysis step=56447
2026-09-30 22:08:51,949 | snapshot analysis step=57119
2026-09-30 22:09:31,551 | snapshot analysis step=57791
2026-09-30 22:10:11,155 | snapshot analysis step=58463
2026-09-30 22:10:50,848 | snapshot analysis step=59135
2026-09-30 22:11:30,555 | snapshot analysis step=59807
2026-09-30 22:12:10,324 | snapshot analysis step=60479
2026-09-30 22:12:50,043 | snapshot analysis step=61151
2026-09-30 22:13:29,673 | snapshot analysis step=61823
2026-09-30 22:14:09,379 | snapshot analysis step=62495
2026-09-30 22:14:48,937 | snapshot analysis step=63167
2026-09-30 22:15:28,515 | snapshot analysis step=63839
2026-09-30 22:16:08,108 | snapshot analysis step=64511
2026-09-30 22:16:47,702 | snapshot analysis step=65183
2026-09-30 22:17:27,359 | snapshot analysis step=65855
2026-09-30 22:18:06,920 | snapshot analysis step=66527
2026-09-30 22:18:46,558 | snapshot analysis step=67199
2026-09-30 22:19:26,358 | snapshot analysis step=67871
2026-09-30 22:20:06,212 | snapshot analysis step=68543
2026-09-30 22:20:45,833 | snapshot analysis step=69215
2026-09-30 22:21:25,659 | snapshot analysis step=69887
2026-09-30 22:22:05,321 | snapshot analysis step=70559
2026-09-30 22:22:44,968 | snapshot analysis step=71231
2026-09-30 22:23:24,599 | snapshot analysis step=71903
2026-09-30 22:24:04,277 | snapshot analysis step=72575
2026-09-30 22:24:43,896 | snapshot analysis step=73247
2026-09-30 22:25:23,706 | snapshot analysis step=73919
2026-09-30 22:26:03,467 | snapshot analysis step=74591
2026-09-30 22:26:43,272 | snapshot analysis step=75263
2026-09-30 22:27:22,996 | snapshot analysis step=75935
2026-09-30 22:28:02,763 | snapshot analysis step=76607
2026-09-30 22:28:42,655 | snapshot analysis step=77279
2026-09-30 22:29:22,495 | snapshot analysis step=77951
2026-09-30 22:30:02,306 | snapshot analysis step=78623
2026-09-30 22:30:42,184 | snapshot analysis step=79295
2026-09-30 22:31:22,147 | snapshot analysis step=79967
2026-09-30 22:32:01,994 | snapshot analysis step=80639
2026-09-30 22:32:41,832 | snapshot analysis step=81311
2026-09-30 22:33:21,898 | snapshot analysis step=81983
2026-09-30 22:34:01,751 | snapshot analysis step=82655
2026-09-30 22:34:41,745 | snapshot analysis step=83327
2026-09-30 22:35:21,587 | snapshot analysis step=83999
2026-09-30 22:36:01,621 | snapshot analysis step=84671
2026-09-30 22:36:41,636 | snapshot analysis step=85343
2026-09-30 22:37:21,697 | snapshot analysis step=86015
2026-09-30 22:38:01,735 | snapshot analysis step=86687
2026-09-30 22:38:41,798 | snapshot analysis step=87359
2026-09-30 22:39:21,805 | snapshot analysis step=88031
2026-09-30 22:40:01,889 | snapshot analysis step=88703
2026-09-30 22:40:41,972 | snapshot analysis step=89375
2026-09-30 22:41:22,125 | snapshot analysis step=90047
2026-09-30 22:42:02,135 | snapshot analysis step=90719
2026-09-30 22:42:42,138 | snapshot analysis step=91391
2026-09-30 22:43:22,164 | snapshot analysis step=92063
2026-09-30 22:44:02,243 | snapshot analysis step=92735
2026-09-30 22:44:42,334 | snapshot analysis step=93407
2026-09-30 22:45:22,388 | snapshot analysis step=94079
2026-09-30 22:46:02,510 | snapshot analysis step=94751
2026-09-30 22:46:42,603 | snapshot analysis step=95423
2026-09-30 22:47:22,626 | snapshot analysis step=96095
2026-09-30 22:48:02,684 | snapshot analysis step=96767
2026-09-30 22:48:42,761 | snapshot analysis step=97439
2026-09-30 22:49:22,856 | snapshot analysis step=98111
2026-09-30 22:50:02,985 | snapshot analysis step=98783
2026-09-30 22:50:43,110 | snapshot analysis step=99455
2026-09-30 22:51:23,284 | snapshot analysis step=100127
2026-09-30 22:52:03,399 | snapshot analysis step=100799
2026-09-30 22:52:43,636 | snapshot analysis step=101471
2026-09-30 22:53:23,788 | snapshot analysis step=102143
2026-09-30 22:54:04,094 | snapshot analysis step=102815
2026-09-30 22:54:44,266 | snapshot analysis step=103487
2026-09-30 22:55:24,538 | snapshot analysis step=104159
2026-09-30 22:56:04,777 | snapshot analysis step=104831
