2026-09-29 17:32:50,849 | exp03 seed=42 stage=all scope=full
2026-09-29 17:33:10,663 | prediction 4096/7002
2026-09-29 17:33:15,784 | experiments/exp03/seeds/seed42/static/as_stored/validation.json | original:dNone:uNone:pNone
2026-09-29 17:33:16,533 | experiments/exp03/seeds/seed42/static/as_stored/validation.json | bypass:dNone:uNone:pNone
2026-09-29 17:33:23,676 | prediction 4096/7002
2026-09-29 17:33:29,436 | experiments/exp03/seeds/seed42/static/as_stored/validation.json | down:d0:uNone:pNone
2026-09-29 17:33:36,580 | prediction 4096/7002
2026-09-29 17:33:42,335 | experiments/exp03/seeds/seed42/static/as_stored/validation.json | down:d1:uNone:pNone
2026-09-29 17:33:49,479 | prediction 4096/7002
2026-09-29 17:33:55,252 | experiments/exp03/seeds/seed42/static/as_stored/validation.json | down:d2:uNone:pNone
2026-09-29 17:34:02,406 | prediction 4096/7002
2026-09-29 17:34:08,150 | experiments/exp03/seeds/seed42/static/as_stored/validation.json | down:d4:uNone:pNone
2026-09-29 17:34:15,239 | prediction 4096/7002
2026-09-29 17:34:20,960 | experiments/exp03/seeds/seed42/static/as_stored/validation.json | down:d8:uNone:pNone
2026-09-29 17:34:28,054 | prediction 4096/7002
2026-09-29 17:34:33,772 | experiments/exp03/seeds/seed42/static/as_stored/validation.json | down:d16:uNone:pNone
2026-09-29 17:34:40,859 | prediction 4096/7002
2026-09-29 17:34:46,598 | experiments/exp03/seeds/seed42/static/as_stored/validation.json | down:d32:uNone:pNone
2026-09-29 17:34:53,713 | prediction 4096/7002
2026-09-29 17:34:59,442 | experiments/exp03/seeds/seed42/static/as_stored/validation.json | down:d48:uNone:pNone
2026-09-29 17:35:06,560 | prediction 4096/7002
2026-09-29 17:35:12,277 | experiments/exp03/seeds/seed42/static/as_stored/validation.json | down:d64:uNone:pNone
2026-09-29 17:35:19,389 | prediction 4096/7002
2026-09-29 17:35:25,128 | experiments/exp03/seeds/seed42/static/as_stored/validation.json | down:d76:uNone:pNone
2026-09-29 17:35:32,247 | prediction 4096/7002
2026-09-29 17:35:37,998 | experiments/exp03/seeds/seed42/static/as_stored/validation.json | up:dNone:u0:pNone
2026-09-29 17:35:45,089 | prediction 4096/7002
2026-09-29 17:35:50,826 | experiments/exp03/seeds/seed42/static/as_stored/validation.json | up:dNone:u1:pNone
2026-09-29 17:35:57,924 | prediction 4096/7002
2026-09-29 17:36:03,649 | experiments/exp03/seeds/seed42/static/as_stored/validation.json | up:dNone:u2:pNone
2026-09-29 17:36:10,742 | prediction 4096/7002
2026-09-29 17:36:16,460 | experiments/exp03/seeds/seed42/static/as_stored/validation.json | up:dNone:u4:pNone
2026-09-29 17:36:23,546 | prediction 4096/7002
2026-09-29 17:36:29,286 | experiments/exp03/seeds/seed42/static/as_stored/validation.json | up:dNone:u8:pNone
2026-09-29 17:36:36,379 | prediction 4096/7002
2026-09-29 17:36:42,109 | experiments/exp03/seeds/seed42/static/as_stored/validation.json | up:dNone:u16:pNone
2026-09-29 17:36:49,192 | prediction 4096/7002
2026-09-29 17:36:54,911 | experiments/exp03/seeds/seed42/static/as_stored/validation.json | up:dNone:u32:pNone
2026-09-29 17:37:02,020 | prediction 4096/7002
2026-09-29 17:37:07,760 | experiments/exp03/seeds/seed42/static/as_stored/validation.json | up:dNone:u48:pNone
2026-09-29 17:37:14,877 | prediction 4096/7002
2026-09-29 17:37:20,611 | experiments/exp03/seeds/seed42/static/as_stored/validation.json | up:dNone:u64:pNone
2026-09-29 17:37:27,729 | prediction 4096/7002
2026-09-29 17:37:33,453 | experiments/exp03/seeds/seed42/static/as_stored/validation.json | up:dNone:u76:pNone
2026-09-29 17:37:40,566 | prediction 4096/7002
2026-09-29 17:37:46,354 | experiments/exp03/seeds/seed42/static/as_stored/validation.json | both:d0:u0:pNone
2026-09-29 17:37:53,447 | prediction 4096/7002
2026-09-29 17:37:59,173 | experiments/exp03/seeds/seed42/static/as_stored/validation.json | both:d0:u1:pNone
2026-09-29 17:38:06,260 | prediction 4096/7002
2026-09-29 17:38:11,975 | experiments/exp03/seeds/seed42/static/as_stored/validation.json | both:d0:u2:pNone
2026-09-29 17:38:19,062 | prediction 4096/7002
2026-09-29 17:38:24,804 | experiments/exp03/seeds/seed42/static/as_stored/validation.json | both:d0:u4:pNone
2026-09-29 17:38:31,897 | prediction 4096/7002
2026-09-29 17:38:37,632 | experiments/exp03/seeds/seed42/static/as_stored/validation.json | both:d0:u8:pNone
2026-09-29 17:38:44,722 | prediction 4096/7002
2026-09-29 17:38:50,442 | experiments/exp03/seeds/seed42/static/as_stored/validation.json | both:d0:u16:pNone
2026-09-29 17:38:57,528 | prediction 4096/7002
2026-09-29 17:39:03,256 | experiments/exp03/seeds/seed42/static/as_stored/validation.json | both:d0:u32:pNone
2026-09-29 17:39:10,357 | prediction 4096/7002
2026-09-29 17:39:16,390 | experiments/exp03/seeds/seed42/static/as_stored/validation.json | both:d0:u48:pNone
2026-09-29 17:39:23,498 | prediction 4096/7002
2026-09-29 17:39:29,558 | experiments/exp03/seeds/seed42/static/as_stored/validation.json | both:d0:u64:pNone
2026-09-29 17:39:36,712 | prediction 4096/7002
2026-09-29 17:39:42,478 | experiments/exp03/seeds/seed42/static/as_stored/validation.json | both:d0:u76:pNone
2026-09-29 17:39:49,647 | prediction 4096/7002
2026-09-29 17:39:55,406 | experiments/exp03/seeds/seed42/static/as_stored/validation.json | both:d1:u0:pNone
2026-09-29 17:40:02,549 | prediction 4096/7002
2026-09-29 17:40:08,290 | experiments/exp03/seeds/seed42/static/as_stored/validation.json | both:d1:u1:pNone
2026-09-29 17:40:15,374 | prediction 4096/7002
2026-09-29 17:40:21,099 | experiments/exp03/seeds/seed42/static/as_stored/validation.json | both:d1:u2:pNone
2026-09-29 17:40:28,180 | prediction 4096/7002
2026-09-29 17:40:33,913 | experiments/exp03/seeds/seed42/static/as_stored/validation.json | both:d1:u4:pNone
2026-09-29 17:40:41,000 | prediction 4096/7002
2026-09-29 17:40:46,761 | experiments/exp03/seeds/seed42/static/as_stored/validation.json | both:d1:u8:pNone
2026-09-29 17:40:53,850 | prediction 4096/7002
2026-09-29 17:40:59,612 | experiments/exp03/seeds/seed42/static/as_stored/validation.json | both:d1:u16:pNone
2026-09-29 17:41:06,708 | prediction 4096/7002
2026-09-29 17:41:12,442 | experiments/exp03/seeds/seed42/static/as_stored/validation.json | both:d1:u32:pNone
2026-09-29 17:41:19,552 | prediction 4096/7002
2026-09-29 17:41:25,269 | experiments/exp03/seeds/seed42/static/as_stored/validation.json | both:d1:u48:pNone
2026-09-29 17:41:32,374 | prediction 4096/7002
2026-09-29 17:41:38,111 | experiments/exp03/seeds/seed42/static/as_stored/validation.json | both:d1:u64:pNone
2026-09-29 17:41:45,221 | prediction 4096/7002
2026-09-29 17:41:50,957 | experiments/exp03/seeds/seed42/static/as_stored/validation.json | both:d1:u76:pNone
2026-09-29 17:41:58,064 | prediction 4096/7002
2026-09-29 17:42:03,804 | experiments/exp03/seeds/seed42/static/as_stored/validation.json | both:d2:u0:pNone
2026-09-29 17:42:10,887 | prediction 4096/7002
2026-09-29 17:42:16,612 | experiments/exp03/seeds/seed42/static/as_stored/validation.json | both:d2:u1:pNone
2026-09-29 17:42:23,690 | prediction 4096/7002
2026-09-29 17:42:29,408 | experiments/exp03/seeds/seed42/static/as_stored/validation.json | both:d2:u2:pNone
2026-09-29 17:42:36,489 | prediction 4096/7002
2026-09-29 17:42:42,230 | experiments/exp03/seeds/seed42/static/as_stored/validation.json | both:d2:u4:pNone
2026-09-29 17:42:49,315 | prediction 4096/7002
2026-09-29 17:42:55,071 | experiments/exp03/seeds/seed42/static/as_stored/validation.json | both:d2:u8:pNone
2026-09-29 17:43:02,214 | prediction 4096/7002
2026-09-29 17:43:07,974 | experiments/exp03/seeds/seed42/static/as_stored/validation.json | both:d2:u16:pNone
2026-09-29 17:43:15,109 | prediction 4096/7002
2026-09-29 17:43:20,858 | experiments/exp03/seeds/seed42/static/as_stored/validation.json | both:d2:u32:pNone
2026-09-29 17:43:27,968 | prediction 4096/7002
2026-09-29 17:43:33,720 | experiments/exp03/seeds/seed42/static/as_stored/validation.json | both:d2:u48:pNone
2026-09-29 17:43:40,883 | prediction 4096/7002
2026-09-29 17:43:46,668 | experiments/exp03/seeds/seed42/static/as_stored/validation.json | both:d2:u64:pNone
2026-09-29 17:43:53,780 | prediction 4096/7002
2026-09-29 17:43:59,526 | experiments/exp03/seeds/seed42/static/as_stored/validation.json | both:d2:u76:pNone
2026-09-29 17:44:06,636 | prediction 4096/7002
2026-09-29 17:44:12,360 | experiments/exp03/seeds/seed42/static/as_stored/validation.json | both:d4:u0:pNone
2026-09-29 17:44:19,440 | prediction 4096/7002
2026-09-29 17:44:25,191 | experiments/exp03/seeds/seed42/static/as_stored/validation.json | both:d4:u1:pNone
2026-09-29 17:44:32,287 | prediction 4096/7002
2026-09-29 17:44:38,032 | experiments/exp03/seeds/seed42/static/as_stored/validation.json | both:d4:u2:pNone
2026-09-29 17:44:45,124 | prediction 4096/7002
2026-09-29 17:44:50,854 | experiments/exp03/seeds/seed42/static/as_stored/validation.json | both:d4:u4:pNone
2026-09-29 17:44:57,936 | prediction 4096/7002
2026-09-29 17:45:03,684 | experiments/exp03/seeds/seed42/static/as_stored/validation.json | both:d4:u8:pNone
2026-09-29 17:45:10,768 | prediction 4096/7002
2026-09-29 17:45:16,494 | experiments/exp03/seeds/seed42/static/as_stored/validation.json | both:d4:u16:pNone
2026-09-29 17:45:23,577 | prediction 4096/7002
2026-09-29 17:45:29,329 | experiments/exp03/seeds/seed42/static/as_stored/validation.json | both:d4:u32:pNone
2026-09-29 17:45:36,440 | prediction 4096/7002
2026-09-29 17:45:42,186 | experiments/exp03/seeds/seed42/static/as_stored/validation.json | both:d4:u48:pNone
2026-09-29 17:45:49,299 | prediction 4096/7002
2026-09-29 17:45:55,028 | experiments/exp03/seeds/seed42/static/as_stored/validation.json | both:d4:u64:pNone
2026-09-29 17:46:02,143 | prediction 4096/7002
2026-09-29 17:46:07,902 | experiments/exp03/seeds/seed42/static/as_stored/validation.json | both:d4:u76:pNone
2026-09-29 17:46:15,021 | prediction 4096/7002
2026-09-29 17:46:20,763 | experiments/exp03/seeds/seed42/static/as_stored/validation.json | both:d8:u0:pNone
2026-09-29 17:46:27,842 | prediction 4096/7002
2026-09-29 17:46:33,565 | experiments/exp03/seeds/seed42/static/as_stored/validation.json | both:d8:u1:pNone
2026-09-29 17:46:40,644 | prediction 4096/7002
2026-09-29 17:46:46,394 | experiments/exp03/seeds/seed42/static/as_stored/validation.json | both:d8:u2:pNone
2026-09-29 17:46:53,478 | prediction 4096/7002
2026-09-29 17:46:59,213 | experiments/exp03/seeds/seed42/static/as_stored/validation.json | both:d8:u4:pNone
2026-09-29 17:47:06,296 | prediction 4096/7002
2026-09-29 17:47:12,024 | experiments/exp03/seeds/seed42/static/as_stored/validation.json | both:d8:u8:pNone
2026-09-29 17:47:19,101 | prediction 4096/7002
2026-09-29 17:47:24,848 | experiments/exp03/seeds/seed42/static/as_stored/validation.json | both:d8:u16:pNone
2026-09-29 17:47:31,932 | prediction 4096/7002
2026-09-29 17:47:37,669 | experiments/exp03/seeds/seed42/static/as_stored/validation.json | both:d8:u32:pNone
2026-09-29 17:47:44,781 | prediction 4096/7002
2026-09-29 17:47:50,514 | experiments/exp03/seeds/seed42/static/as_stored/validation.json | both:d8:u48:pNone
2026-09-29 17:47:57,620 | prediction 4096/7002
2026-09-29 17:48:03,377 | experiments/exp03/seeds/seed42/static/as_stored/validation.json | both:d8:u64:pNone
2026-09-29 17:48:10,487 | prediction 4096/7002
2026-09-29 17:48:16,215 | experiments/exp03/seeds/seed42/static/as_stored/validation.json | both:d8:u76:pNone
2026-09-29 17:48:23,322 | prediction 4096/7002
2026-09-29 17:48:29,052 | experiments/exp03/seeds/seed42/static/as_stored/validation.json | both:d16:u0:pNone
2026-09-29 17:48:36,130 | prediction 4096/7002
2026-09-29 17:48:41,919 | experiments/exp03/seeds/seed42/static/as_stored/validation.json | both:d16:u1:pNone
2026-09-29 17:48:49,003 | prediction 4096/7002
2026-09-29 17:48:54,746 | experiments/exp03/seeds/seed42/static/as_stored/validation.json | both:d16:u2:pNone
2026-09-29 17:49:01,825 | prediction 4096/7002
2026-09-29 17:49:07,547 | experiments/exp03/seeds/seed42/static/as_stored/validation.json | both:d16:u4:pNone
2026-09-29 17:49:14,630 | prediction 4096/7002
2026-09-29 17:49:20,382 | experiments/exp03/seeds/seed42/static/as_stored/validation.json | both:d16:u8:pNone
2026-09-29 17:49:27,463 | prediction 4096/7002
2026-09-29 17:49:33,214 | experiments/exp03/seeds/seed42/static/as_stored/validation.json | both:d16:u16:pNone
2026-09-29 17:49:40,294 | prediction 4096/7002
2026-09-29 17:49:46,022 | experiments/exp03/seeds/seed42/static/as_stored/validation.json | both:d16:u32:pNone
2026-09-29 17:49:53,131 | prediction 4096/7002
2026-09-29 17:49:58,917 | experiments/exp03/seeds/seed42/static/as_stored/validation.json | both:d16:u48:pNone
2026-09-29 17:50:06,031 | prediction 4096/7002
2026-09-29 17:50:11,769 | experiments/exp03/seeds/seed42/static/as_stored/validation.json | both:d16:u64:pNone
2026-09-29 17:50:18,879 | prediction 4096/7002
2026-09-29 17:50:24,614 | experiments/exp03/seeds/seed42/static/as_stored/validation.json | both:d16:u76:pNone
2026-09-29 17:50:31,717 | prediction 4096/7002
2026-09-29 17:50:37,471 | experiments/exp03/seeds/seed42/static/as_stored/validation.json | both:d32:u0:pNone
2026-09-29 17:50:44,586 | prediction 4096/7002
2026-09-29 17:50:50,330 | experiments/exp03/seeds/seed42/static/as_stored/validation.json | both:d32:u1:pNone
2026-09-29 17:50:57,442 | prediction 4096/7002
2026-09-29 17:51:03,209 | experiments/exp03/seeds/seed42/static/as_stored/validation.json | both:d32:u2:pNone
2026-09-29 17:51:10,316 | prediction 4096/7002
2026-09-29 17:51:16,074 | experiments/exp03/seeds/seed42/static/as_stored/validation.json | both:d32:u4:pNone
2026-09-29 17:51:23,187 | prediction 4096/7002
2026-09-29 17:51:28,937 | experiments/exp03/seeds/seed42/static/as_stored/validation.json | both:d32:u8:pNone
2026-09-29 17:51:36,049 | prediction 4096/7002
2026-09-29 17:51:41,789 | experiments/exp03/seeds/seed42/static/as_stored/validation.json | both:d32:u16:pNone
2026-09-29 17:51:48,900 | prediction 4096/7002
2026-09-29 17:51:54,653 | experiments/exp03/seeds/seed42/static/as_stored/validation.json | both:d32:u32:pNone
2026-09-29 17:52:01,767 | prediction 4096/7002
2026-09-29 17:52:07,512 | experiments/exp03/seeds/seed42/static/as_stored/validation.json | both:d32:u48:pNone
2026-09-29 17:52:14,625 | prediction 4096/7002
2026-09-29 17:52:20,394 | experiments/exp03/seeds/seed42/static/as_stored/validation.json | both:d32:u64:pNone
2026-09-29 17:52:27,501 | prediction 4096/7002
2026-09-29 17:52:33,266 | experiments/exp03/seeds/seed42/static/as_stored/validation.json | both:d32:u76:pNone
2026-09-29 17:52:40,383 | prediction 4096/7002
2026-09-29 17:52:46,140 | experiments/exp03/seeds/seed42/static/as_stored/validation.json | both:d48:u0:pNone
2026-09-29 17:52:53,260 | prediction 4096/7002
2026-09-29 17:52:59,002 | experiments/exp03/seeds/seed42/static/as_stored/validation.json | both:d48:u1:pNone
2026-09-29 17:53:06,117 | prediction 4096/7002
2026-09-29 17:53:11,884 | experiments/exp03/seeds/seed42/static/as_stored/validation.json | both:d48:u2:pNone
2026-09-29 17:53:19,005 | prediction 4096/7002
2026-09-29 17:53:24,757 | experiments/exp03/seeds/seed42/static/as_stored/validation.json | both:d48:u4:pNone
2026-09-29 17:53:31,875 | prediction 4096/7002
2026-09-29 17:53:37,657 | experiments/exp03/seeds/seed42/static/as_stored/validation.json | both:d48:u8:pNone
2026-09-29 17:53:44,774 | prediction 4096/7002
2026-09-29 17:53:50,548 | experiments/exp03/seeds/seed42/static/as_stored/validation.json | both:d48:u16:pNone
2026-09-29 17:53:57,670 | prediction 4096/7002
2026-09-29 17:54:03,478 | experiments/exp03/seeds/seed42/static/as_stored/validation.json | both:d48:u32:pNone
2026-09-29 17:54:10,650 | prediction 4096/7002
2026-09-29 17:54:16,435 | experiments/exp03/seeds/seed42/static/as_stored/validation.json | both:d48:u48:pNone
2026-09-29 17:54:23,603 | prediction 4096/7002
2026-09-29 17:54:29,366 | experiments/exp03/seeds/seed42/static/as_stored/validation.json | both:d48:u64:pNone
2026-09-29 17:54:36,485 | prediction 4096/7002
2026-09-29 17:54:42,240 | experiments/exp03/seeds/seed42/static/as_stored/validation.json | both:d48:u76:pNone
2026-09-29 17:54:49,357 | prediction 4096/7002
2026-09-29 17:54:55,136 | experiments/exp03/seeds/seed42/static/as_stored/validation.json | both:d64:u0:pNone
2026-09-29 17:55:02,255 | prediction 4096/7002
2026-09-29 17:55:08,028 | experiments/exp03/seeds/seed42/static/as_stored/validation.json | both:d64:u1:pNone
2026-09-29 17:55:15,147 | prediction 4096/7002
2026-09-29 17:55:20,907 | experiments/exp03/seeds/seed42/static/as_stored/validation.json | both:d64:u2:pNone
2026-09-29 17:55:28,030 | prediction 4096/7002
2026-09-29 17:55:33,778 | experiments/exp03/seeds/seed42/static/as_stored/validation.json | both:d64:u4:pNone
2026-09-29 17:55:40,892 | prediction 4096/7002
2026-09-29 17:55:46,659 | experiments/exp03/seeds/seed42/static/as_stored/validation.json | both:d64:u8:pNone
2026-09-29 17:55:53,777 | prediction 4096/7002
2026-09-29 17:55:59,541 | experiments/exp03/seeds/seed42/static/as_stored/validation.json | both:d64:u16:pNone
2026-09-29 17:56:06,655 | prediction 4096/7002
2026-09-29 17:56:12,436 | experiments/exp03/seeds/seed42/static/as_stored/validation.json | both:d64:u32:pNone
2026-09-29 17:56:19,547 | prediction 4096/7002
2026-09-29 17:56:25,317 | experiments/exp03/seeds/seed42/static/as_stored/validation.json | both:d64:u48:pNone
2026-09-29 17:56:32,436 | prediction 4096/7002
2026-09-29 17:56:38,193 | experiments/exp03/seeds/seed42/static/as_stored/validation.json | both:d64:u64:pNone
2026-09-29 17:56:45,312 | prediction 4096/7002
2026-09-29 17:56:51,060 | experiments/exp03/seeds/seed42/static/as_stored/validation.json | both:d64:u76:pNone
2026-09-29 17:56:58,171 | prediction 4096/7002
2026-09-29 17:57:03,945 | experiments/exp03/seeds/seed42/static/as_stored/validation.json | both:d76:u0:pNone
2026-09-29 17:57:11,064 | prediction 4096/7002
2026-09-29 17:57:16,824 | experiments/exp03/seeds/seed42/static/as_stored/validation.json | both:d76:u1:pNone
2026-09-29 17:57:23,946 | prediction 4096/7002
2026-09-29 17:57:29,740 | experiments/exp03/seeds/seed42/static/as_stored/validation.json | both:d76:u2:pNone
2026-09-29 17:57:36,855 | prediction 4096/7002
2026-09-29 17:57:42,626 | experiments/exp03/seeds/seed42/static/as_stored/validation.json | both:d76:u4:pNone
2026-09-29 17:57:49,746 | prediction 4096/7002
2026-09-29 17:57:55,497 | experiments/exp03/seeds/seed42/static/as_stored/validation.json | both:d76:u8:pNone
2026-09-29 17:58:02,617 | prediction 4096/7002
2026-09-29 17:58:08,396 | experiments/exp03/seeds/seed42/static/as_stored/validation.json | both:d76:u16:pNone
2026-09-29 17:58:15,515 | prediction 4096/7002
2026-09-29 17:58:21,271 | experiments/exp03/seeds/seed42/static/as_stored/validation.json | both:d76:u32:pNone
2026-09-29 17:58:28,390 | prediction 4096/7002
2026-09-29 17:58:34,171 | experiments/exp03/seeds/seed42/static/as_stored/validation.json | both:d76:u48:pNone
2026-09-29 17:58:41,293 | prediction 4096/7002
2026-09-29 17:58:47,083 | experiments/exp03/seeds/seed42/static/as_stored/validation.json | both:d76:u64:pNone
2026-09-29 17:58:54,202 | prediction 4096/7002
2026-09-29 17:58:59,955 | experiments/exp03/seeds/seed42/static/as_stored/validation.json | both:d76:u76:pNone
2026-09-29 17:59:07,072 | prediction 4096/7002
2026-09-29 17:59:12,872 | experiments/exp03/seeds/seed42/static/as_stored/validation.json | random:d4:u4:p0
2026-09-29 17:59:19,977 | prediction 4096/7002
2026-09-29 17:59:25,735 | experiments/exp03/seeds/seed42/static/as_stored/validation.json | random:d4:u4:p1
2026-09-29 17:59:32,857 | prediction 4096/7002
2026-09-29 17:59:38,671 | experiments/exp03/seeds/seed42/static/as_stored/validation.json | random:d4:u4:p2
2026-09-29 17:59:45,779 | prediction 4096/7002
2026-09-29 17:59:51,581 | experiments/exp03/seeds/seed42/static/as_stored/validation.json | random:d8:u8:p0
2026-09-29 17:59:58,691 | prediction 4096/7002
2026-09-29 18:00:04,450 | experiments/exp03/seeds/seed42/static/as_stored/validation.json | random:d8:u8:p1
2026-09-29 18:00:11,555 | prediction 4096/7002
2026-09-29 18:00:17,340 | experiments/exp03/seeds/seed42/static/as_stored/validation.json | random:d8:u8:p2
2026-09-29 18:00:24,452 | prediction 4096/7002
2026-09-29 18:00:30,221 | experiments/exp03/seeds/seed42/static/as_stored/validation.json | random:d16:u16:p0
2026-09-29 18:00:37,328 | prediction 4096/7002
2026-09-29 18:00:43,092 | experiments/exp03/seeds/seed42/static/as_stored/validation.json | random:d16:u16:p1
2026-09-29 18:00:50,198 | prediction 4096/7002
2026-09-29 18:00:55,978 | experiments/exp03/seeds/seed42/static/as_stored/validation.json | random:d16:u16:p2
2026-09-29 18:01:03,087 | prediction 4096/7002
2026-09-29 18:01:08,886 | experiments/exp03/seeds/seed42/static/as_stored/validation.json | random:d32:u32:p0
2026-09-29 18:01:16,010 | prediction 4096/7002
2026-09-29 18:01:21,795 | experiments/exp03/seeds/seed42/static/as_stored/validation.json | random:d32:u32:p1
2026-09-29 18:01:28,921 | prediction 4096/7002
2026-09-29 18:01:34,676 | experiments/exp03/seeds/seed42/static/as_stored/validation.json | random:d32:u32:p2
2026-09-29 18:01:41,801 | prediction 4096/7002
2026-09-29 18:01:54,771 | prediction 4096/7002
2026-09-29 18:01:59,834 | experiments/exp03/seeds/seed42/static/aligned/validation.json | original:dNone:uNone:pNone
2026-09-29 18:02:00,562 | experiments/exp03/seeds/seed42/static/aligned/validation.json | bypass:dNone:uNone:pNone
2026-09-29 18:02:07,694 | prediction 4096/7002
2026-09-29 18:02:13,439 | experiments/exp03/seeds/seed42/static/aligned/validation.json | down:d0:uNone:pNone
2026-09-29 18:02:20,553 | prediction 4096/7002
2026-09-29 18:02:26,296 | experiments/exp03/seeds/seed42/static/aligned/validation.json | down:d1:uNone:pNone
2026-09-29 18:02:33,377 | prediction 4096/7002
2026-09-29 18:02:39,087 | experiments/exp03/seeds/seed42/static/aligned/validation.json | down:d2:uNone:pNone
2026-09-29 18:02:46,165 | prediction 4096/7002
2026-09-29 18:02:51,873 | experiments/exp03/seeds/seed42/static/aligned/validation.json | down:d4:uNone:pNone
2026-09-29 18:02:58,954 | prediction 4096/7002
2026-09-29 18:03:04,659 | experiments/exp03/seeds/seed42/static/aligned/validation.json | down:d8:uNone:pNone
2026-09-29 18:03:11,743 | prediction 4096/7002
2026-09-29 18:03:17,452 | experiments/exp03/seeds/seed42/static/aligned/validation.json | down:d16:uNone:pNone
2026-09-29 18:03:24,531 | prediction 4096/7002
2026-09-29 18:03:30,241 | experiments/exp03/seeds/seed42/static/aligned/validation.json | down:d32:uNone:pNone
2026-09-29 18:03:37,344 | prediction 4096/7002
2026-09-29 18:03:43,080 | experiments/exp03/seeds/seed42/static/aligned/validation.json | down:d48:uNone:pNone
2026-09-29 18:03:50,201 | prediction 4096/7002
2026-09-29 18:03:55,918 | experiments/exp03/seeds/seed42/static/aligned/validation.json | down:d64:uNone:pNone
2026-09-29 18:04:03,012 | prediction 4096/7002
2026-09-29 18:04:08,715 | experiments/exp03/seeds/seed42/static/aligned/validation.json | down:d76:uNone:pNone
2026-09-29 18:04:15,817 | prediction 4096/7002
2026-09-29 18:04:21,559 | experiments/exp03/seeds/seed42/static/aligned/validation.json | up:dNone:u0:pNone
2026-09-29 18:04:28,640 | prediction 4096/7002
2026-09-29 18:04:34,350 | experiments/exp03/seeds/seed42/static/aligned/validation.json | up:dNone:u1:pNone
2026-09-29 18:04:41,428 | prediction 4096/7002
2026-09-29 18:04:47,133 | experiments/exp03/seeds/seed42/static/aligned/validation.json | up:dNone:u2:pNone
2026-09-29 18:04:54,208 | prediction 4096/7002
2026-09-29 18:04:59,947 | experiments/exp03/seeds/seed42/static/aligned/validation.json | up:dNone:u4:pNone
2026-09-29 18:05:07,027 | prediction 4096/7002
2026-09-29 18:05:12,730 | experiments/exp03/seeds/seed42/static/aligned/validation.json | up:dNone:u8:pNone
2026-09-29 18:05:19,809 | prediction 4096/7002
2026-09-29 18:05:25,520 | experiments/exp03/seeds/seed42/static/aligned/validation.json | up:dNone:u16:pNone
2026-09-29 18:05:32,597 | prediction 4096/7002
2026-09-29 18:05:38,304 | experiments/exp03/seeds/seed42/static/aligned/validation.json | up:dNone:u32:pNone
2026-09-29 18:05:45,412 | prediction 4096/7002
2026-09-29 18:05:51,117 | experiments/exp03/seeds/seed42/static/aligned/validation.json | up:dNone:u48:pNone
2026-09-29 18:05:58,224 | prediction 4096/7002
2026-09-29 18:06:03,931 | experiments/exp03/seeds/seed42/static/aligned/validation.json | up:dNone:u64:pNone
2026-09-29 18:06:11,035 | prediction 4096/7002
2026-09-29 18:06:16,781 | experiments/exp03/seeds/seed42/static/aligned/validation.json | up:dNone:u76:pNone
2026-09-29 18:06:23,883 | prediction 4096/7002
2026-09-29 18:06:29,633 | experiments/exp03/seeds/seed42/static/aligned/validation.json | both:d0:u0:pNone
2026-09-29 18:06:36,754 | prediction 4096/7002
2026-09-29 18:06:42,468 | experiments/exp03/seeds/seed42/static/aligned/validation.json | both:d0:u1:pNone
2026-09-29 18:06:49,539 | prediction 4096/7002
2026-09-29 18:06:55,246 | experiments/exp03/seeds/seed42/static/aligned/validation.json | both:d0:u2:pNone
2026-09-29 18:07:02,324 | prediction 4096/7002
2026-09-29 18:07:08,030 | experiments/exp03/seeds/seed42/static/aligned/validation.json | both:d0:u4:pNone
2026-09-29 18:07:15,108 | prediction 4096/7002
2026-09-29 18:07:20,816 | experiments/exp03/seeds/seed42/static/aligned/validation.json | both:d0:u8:pNone
2026-09-29 18:07:27,896 | prediction 4096/7002
2026-09-29 18:07:33,637 | experiments/exp03/seeds/seed42/static/aligned/validation.json | both:d0:u16:pNone
2026-09-29 18:07:40,714 | prediction 4096/7002
2026-09-29 18:07:46,427 | experiments/exp03/seeds/seed42/static/aligned/validation.json | both:d0:u32:pNone
2026-09-29 18:07:53,531 | prediction 4096/7002
2026-09-29 18:07:59,244 | experiments/exp03/seeds/seed42/static/aligned/validation.json | both:d0:u48:pNone
2026-09-29 18:08:06,346 | prediction 4096/7002
2026-09-29 18:08:12,058 | experiments/exp03/seeds/seed42/static/aligned/validation.json | both:d0:u64:pNone
2026-09-29 18:08:19,164 | prediction 4096/7002
2026-09-29 18:08:24,878 | experiments/exp03/seeds/seed42/static/aligned/validation.json | both:d0:u76:pNone
2026-09-29 18:08:31,975 | prediction 4096/7002
2026-09-29 18:08:37,725 | experiments/exp03/seeds/seed42/static/aligned/validation.json | both:d1:u0:pNone
2026-09-29 18:08:44,813 | prediction 4096/7002
2026-09-29 18:08:50,540 | experiments/exp03/seeds/seed42/static/aligned/validation.json | both:d1:u1:pNone
2026-09-29 18:08:57,612 | prediction 4096/7002
2026-09-29 18:09:03,328 | experiments/exp03/seeds/seed42/static/aligned/validation.json | both:d1:u2:pNone
2026-09-29 18:09:10,406 | prediction 4096/7002
2026-09-29 18:09:16,129 | experiments/exp03/seeds/seed42/static/aligned/validation.json | both:d1:u4:pNone
2026-09-29 18:09:23,206 | prediction 4096/7002
2026-09-29 18:09:28,923 | experiments/exp03/seeds/seed42/static/aligned/validation.json | both:d1:u8:pNone
2026-09-29 18:09:36,000 | prediction 4096/7002
2026-09-29 18:09:41,725 | experiments/exp03/seeds/seed42/static/aligned/validation.json | both:d1:u16:pNone
2026-09-29 18:09:48,810 | prediction 4096/7002
2026-09-29 18:09:54,563 | experiments/exp03/seeds/seed42/static/aligned/validation.json | both:d1:u32:pNone
2026-09-29 18:10:01,671 | prediction 4096/7002
2026-09-29 18:10:07,390 | experiments/exp03/seeds/seed42/static/aligned/validation.json | both:d1:u48:pNone
2026-09-29 18:10:14,499 | prediction 4096/7002
2026-09-29 18:10:20,222 | experiments/exp03/seeds/seed42/static/aligned/validation.json | both:d1:u64:pNone
2026-09-29 18:10:27,329 | prediction 4096/7002
2026-09-29 18:10:33,051 | experiments/exp03/seeds/seed42/static/aligned/validation.json | both:d1:u76:pNone
2026-09-29 18:10:40,156 | prediction 4096/7002
2026-09-29 18:10:45,870 | experiments/exp03/seeds/seed42/static/aligned/validation.json | both:d2:u0:pNone
2026-09-29 18:10:52,948 | prediction 4096/7002
2026-09-29 18:10:58,675 | experiments/exp03/seeds/seed42/static/aligned/validation.json | both:d2:u1:pNone
2026-09-29 18:11:05,791 | prediction 4096/7002
2026-09-29 18:11:11,553 | experiments/exp03/seeds/seed42/static/aligned/validation.json | both:d2:u2:pNone
2026-09-29 18:11:18,638 | prediction 4096/7002
2026-09-29 18:11:24,367 | experiments/exp03/seeds/seed42/static/aligned/validation.json | both:d2:u4:pNone
2026-09-29 18:11:31,487 | prediction 4096/7002
2026-09-29 18:11:37,249 | experiments/exp03/seeds/seed42/static/aligned/validation.json | both:d2:u8:pNone
2026-09-29 18:11:44,390 | prediction 4096/7002
2026-09-29 18:11:50,156 | experiments/exp03/seeds/seed42/static/aligned/validation.json | both:d2:u16:pNone
2026-09-29 18:11:57,248 | prediction 4096/7002
2026-09-29 18:12:02,974 | experiments/exp03/seeds/seed42/static/aligned/validation.json | both:d2:u32:pNone
2026-09-29 18:12:10,083 | prediction 4096/7002
2026-09-29 18:12:15,809 | experiments/exp03/seeds/seed42/static/aligned/validation.json | both:d2:u48:pNone
2026-09-29 18:12:22,921 | prediction 4096/7002
2026-09-29 18:12:28,679 | experiments/exp03/seeds/seed42/static/aligned/validation.json | both:d2:u64:pNone
2026-09-29 18:12:35,789 | prediction 4096/7002
2026-09-29 18:12:41,689 | experiments/exp03/seeds/seed42/static/aligned/validation.json | both:d2:u76:pNone
2026-09-29 18:12:48,803 | prediction 4096/7002
2026-09-29 18:12:54,669 | experiments/exp03/seeds/seed42/static/aligned/validation.json | both:d4:u0:pNone
2026-09-29 18:13:01,754 | prediction 4096/7002
2026-09-29 18:13:07,483 | experiments/exp03/seeds/seed42/static/aligned/validation.json | both:d4:u1:pNone
2026-09-29 18:13:14,568 | prediction 4096/7002
2026-09-29 18:13:20,303 | experiments/exp03/seeds/seed42/static/aligned/validation.json | both:d4:u2:pNone
2026-09-29 18:13:27,388 | prediction 4096/7002
2026-09-29 18:13:33,117 | experiments/exp03/seeds/seed42/static/aligned/validation.json | both:d4:u4:pNone
2026-09-29 18:13:40,202 | prediction 4096/7002
2026-09-29 18:13:45,961 | experiments/exp03/seeds/seed42/static/aligned/validation.json | both:d4:u8:pNone
2026-09-29 18:13:53,048 | prediction 4096/7002
2026-09-29 18:13:58,783 | experiments/exp03/seeds/seed42/static/aligned/validation.json | both:d4:u16:pNone
2026-09-29 18:14:05,868 | prediction 4096/7002
2026-09-29 18:14:11,598 | experiments/exp03/seeds/seed42/static/aligned/validation.json | both:d4:u32:pNone
2026-09-29 18:14:18,709 | prediction 4096/7002
2026-09-29 18:14:24,434 | experiments/exp03/seeds/seed42/static/aligned/validation.json | both:d4:u48:pNone
2026-09-29 18:14:31,548 | prediction 4096/7002
2026-09-29 18:14:37,275 | experiments/exp03/seeds/seed42/static/aligned/validation.json | both:d4:u64:pNone
2026-09-29 18:14:44,387 | prediction 4096/7002
2026-09-29 18:14:50,115 | experiments/exp03/seeds/seed42/static/aligned/validation.json | both:d4:u76:pNone
2026-09-29 18:14:57,231 | prediction 4096/7002
2026-09-29 18:15:03,060 | experiments/exp03/seeds/seed42/static/aligned/validation.json | both:d8:u0:pNone
2026-09-29 18:15:10,205 | prediction 4096/7002
2026-09-29 18:15:15,970 | experiments/exp03/seeds/seed42/static/aligned/validation.json | both:d8:u1:pNone
2026-09-29 18:15:23,050 | prediction 4096/7002
2026-09-29 18:15:28,777 | experiments/exp03/seeds/seed42/static/aligned/validation.json | both:d8:u2:pNone
2026-09-29 18:15:35,856 | prediction 4096/7002
2026-09-29 18:15:41,591 | experiments/exp03/seeds/seed42/static/aligned/validation.json | both:d8:u4:pNone
2026-09-29 18:15:48,678 | prediction 4096/7002
2026-09-29 18:15:54,407 | experiments/exp03/seeds/seed42/static/aligned/validation.json | both:d8:u8:pNone
2026-09-29 18:16:01,487 | prediction 4096/7002
2026-09-29 18:16:07,213 | experiments/exp03/seeds/seed42/static/aligned/validation.json | both:d8:u16:pNone
2026-09-29 18:16:14,293 | prediction 4096/7002
2026-09-29 18:16:20,053 | experiments/exp03/seeds/seed42/static/aligned/validation.json | both:d8:u32:pNone
2026-09-29 18:16:27,160 | prediction 4096/7002
2026-09-29 18:16:32,894 | experiments/exp03/seeds/seed42/static/aligned/validation.json | both:d8:u48:pNone
2026-09-29 18:16:40,008 | prediction 4096/7002
2026-09-29 18:16:45,750 | experiments/exp03/seeds/seed42/static/aligned/validation.json | both:d8:u64:pNone
2026-09-29 18:16:52,867 | prediction 4096/7002
2026-09-29 18:16:58,793 | experiments/exp03/seeds/seed42/static/aligned/validation.json | both:d8:u76:pNone
2026-09-29 18:17:05,901 | prediction 4096/7002
2026-09-29 18:17:11,658 | experiments/exp03/seeds/seed42/static/aligned/validation.json | both:d16:u0:pNone
2026-09-29 18:17:18,796 | prediction 4096/7002
2026-09-29 18:17:24,599 | experiments/exp03/seeds/seed42/static/aligned/validation.json | both:d16:u1:pNone
2026-09-29 18:17:31,724 | prediction 4096/7002
2026-09-29 18:17:37,444 | experiments/exp03/seeds/seed42/static/aligned/validation.json | both:d16:u2:pNone
2026-09-29 18:17:44,522 | prediction 4096/7002
2026-09-29 18:17:50,244 | experiments/exp03/seeds/seed42/static/aligned/validation.json | both:d16:u4:pNone
2026-09-29 18:17:57,328 | prediction 4096/7002
2026-09-29 18:18:03,070 | experiments/exp03/seeds/seed42/static/aligned/validation.json | both:d16:u8:pNone
2026-09-29 18:18:10,155 | prediction 4096/7002
2026-09-29 18:18:15,883 | experiments/exp03/seeds/seed42/static/aligned/validation.json | both:d16:u16:pNone
2026-09-29 18:18:22,966 | prediction 4096/7002
2026-09-29 18:18:28,697 | experiments/exp03/seeds/seed42/static/aligned/validation.json | both:d16:u32:pNone
2026-09-29 18:18:35,807 | prediction 4096/7002
2026-09-29 18:18:41,570 | experiments/exp03/seeds/seed42/static/aligned/validation.json | both:d16:u48:pNone
2026-09-29 18:18:48,683 | prediction 4096/7002
2026-09-29 18:18:54,419 | experiments/exp03/seeds/seed42/static/aligned/validation.json | both:d16:u64:pNone
2026-09-29 18:19:01,529 | prediction 4096/7002
2026-09-29 18:19:07,259 | experiments/exp03/seeds/seed42/static/aligned/validation.json | both:d16:u76:pNone
2026-09-29 18:19:14,370 | prediction 4096/7002
2026-09-29 18:19:20,104 | experiments/exp03/seeds/seed42/static/aligned/validation.json | both:d32:u0:pNone
2026-09-29 18:19:27,214 | prediction 4096/7002
2026-09-29 18:19:33,715 | experiments/exp03/seeds/seed42/static/aligned/validation.json | both:d32:u1:pNone
2026-09-29 18:19:40,887 | prediction 4096/7002
2026-09-29 18:19:48,337 | experiments/exp03/seeds/seed42/static/aligned/validation.json | both:d32:u2:pNone
2026-09-29 18:19:55,510 | prediction 4096/7002
2026-09-29 18:20:01,358 | experiments/exp03/seeds/seed42/static/aligned/validation.json | both:d32:u4:pNone
2026-09-29 18:20:08,529 | prediction 4096/7002
2026-09-29 18:20:15,197 | experiments/exp03/seeds/seed42/static/aligned/validation.json | both:d32:u8:pNone
2026-09-29 18:20:22,372 | prediction 4096/7002
2026-09-29 18:20:28,330 | experiments/exp03/seeds/seed42/static/aligned/validation.json | both:d32:u16:pNone
2026-09-29 18:20:35,475 | prediction 4096/7002
2026-09-29 18:20:42,328 | experiments/exp03/seeds/seed42/static/aligned/validation.json | both:d32:u32:pNone
2026-09-29 18:20:49,436 | prediction 4096/7002
2026-09-29 18:20:55,182 | experiments/exp03/seeds/seed42/static/aligned/validation.json | both:d32:u48:pNone
2026-09-29 18:21:02,285 | prediction 4096/7002
2026-09-29 18:21:08,268 | experiments/exp03/seeds/seed42/static/aligned/validation.json | both:d32:u64:pNone
2026-09-29 18:21:15,376 | prediction 4096/7002
2026-09-29 18:21:21,143 | experiments/exp03/seeds/seed42/static/aligned/validation.json | both:d32:u76:pNone
2026-09-29 18:21:28,245 | prediction 4096/7002
2026-09-29 18:21:33,973 | experiments/exp03/seeds/seed42/static/aligned/validation.json | both:d48:u0:pNone
2026-09-29 18:21:41,075 | prediction 4096/7002
2026-09-29 18:21:46,814 | experiments/exp03/seeds/seed42/static/aligned/validation.json | both:d48:u1:pNone
2026-09-29 18:21:53,918 | prediction 4096/7002
2026-09-29 18:21:59,656 | experiments/exp03/seeds/seed42/static/aligned/validation.json | both:d48:u2:pNone
2026-09-29 18:22:06,760 | prediction 4096/7002
2026-09-29 18:22:12,492 | experiments/exp03/seeds/seed42/static/aligned/validation.json | both:d48:u4:pNone
2026-09-29 18:22:19,597 | prediction 4096/7002
2026-09-29 18:22:25,555 | experiments/exp03/seeds/seed42/static/aligned/validation.json | both:d48:u8:pNone
2026-09-29 18:22:32,662 | prediction 4096/7002
2026-09-29 18:22:38,442 | experiments/exp03/seeds/seed42/static/aligned/validation.json | both:d48:u16:pNone
2026-09-29 18:22:45,543 | prediction 4096/7002
2026-09-29 18:22:51,468 | experiments/exp03/seeds/seed42/static/aligned/validation.json | both:d48:u32:pNone
2026-09-29 18:22:58,577 | prediction 4096/7002
2026-09-29 18:23:04,485 | experiments/exp03/seeds/seed42/static/aligned/validation.json | both:d48:u48:pNone
2026-09-29 18:23:11,591 | prediction 4096/7002
2026-09-29 18:23:17,526 | experiments/exp03/seeds/seed42/static/aligned/validation.json | both:d48:u64:pNone
2026-09-29 18:23:24,634 | prediction 4096/7002
2026-09-29 18:23:30,437 | experiments/exp03/seeds/seed42/static/aligned/validation.json | both:d48:u76:pNone
2026-09-29 18:23:37,546 | prediction 4096/7002
2026-09-29 18:23:43,321 | experiments/exp03/seeds/seed42/static/aligned/validation.json | both:d64:u0:pNone
2026-09-29 18:23:50,435 | prediction 4096/7002
2026-09-29 18:23:56,218 | experiments/exp03/seeds/seed42/static/aligned/validation.json | both:d64:u1:pNone
2026-09-29 18:24:03,352 | prediction 4096/7002
2026-09-29 18:24:09,156 | experiments/exp03/seeds/seed42/static/aligned/validation.json | both:d64:u2:pNone
2026-09-29 18:24:16,270 | prediction 4096/7002
2026-09-29 18:24:22,267 | experiments/exp03/seeds/seed42/static/aligned/validation.json | both:d64:u4:pNone
2026-09-29 18:24:29,387 | prediction 4096/7002
2026-09-29 18:24:35,311 | experiments/exp03/seeds/seed42/static/aligned/validation.json | both:d64:u8:pNone
2026-09-29 18:24:42,433 | prediction 4096/7002
2026-09-29 18:24:48,185 | experiments/exp03/seeds/seed42/static/aligned/validation.json | both:d64:u16:pNone
2026-09-29 18:24:55,302 | prediction 4096/7002
2026-09-29 18:25:01,185 | experiments/exp03/seeds/seed42/static/aligned/validation.json | both:d64:u32:pNone
2026-09-29 18:25:08,298 | prediction 4096/7002
2026-09-29 18:25:14,141 | experiments/exp03/seeds/seed42/static/aligned/validation.json | both:d64:u48:pNone
2026-09-29 18:25:21,260 | prediction 4096/7002
2026-09-29 18:25:27,113 | experiments/exp03/seeds/seed42/static/aligned/validation.json | both:d64:u64:pNone
2026-09-29 18:25:34,228 | prediction 4096/7002
2026-09-29 18:25:39,974 | experiments/exp03/seeds/seed42/static/aligned/validation.json | both:d64:u76:pNone
2026-09-29 18:25:47,087 | prediction 4096/7002
2026-09-29 18:25:52,852 | experiments/exp03/seeds/seed42/static/aligned/validation.json | both:d76:u0:pNone
2026-09-29 18:25:59,972 | prediction 4096/7002
2026-09-29 18:26:05,727 | experiments/exp03/seeds/seed42/static/aligned/validation.json | both:d76:u1:pNone
2026-09-29 18:26:12,840 | prediction 4096/7002
2026-09-29 18:26:18,781 | experiments/exp03/seeds/seed42/static/aligned/validation.json | both:d76:u2:pNone
2026-09-29 18:26:25,900 | prediction 4096/7002
2026-09-29 18:26:31,676 | experiments/exp03/seeds/seed42/static/aligned/validation.json | both:d76:u4:pNone
2026-09-29 18:26:38,787 | prediction 4096/7002
2026-09-29 18:26:44,558 | experiments/exp03/seeds/seed42/static/aligned/validation.json | both:d76:u8:pNone
2026-09-29 18:26:51,679 | prediction 4096/7002
2026-09-29 18:26:57,469 | experiments/exp03/seeds/seed42/static/aligned/validation.json | both:d76:u16:pNone
2026-09-29 18:27:04,639 | prediction 4096/7002
2026-09-29 18:27:10,425 | experiments/exp03/seeds/seed42/static/aligned/validation.json | both:d76:u32:pNone
2026-09-29 18:27:17,591 | prediction 4096/7002
2026-09-29 18:27:23,376 | experiments/exp03/seeds/seed42/static/aligned/validation.json | both:d76:u48:pNone
2026-09-29 18:27:30,512 | prediction 4096/7002
2026-09-29 18:27:36,291 | experiments/exp03/seeds/seed42/static/aligned/validation.json | both:d76:u64:pNone
2026-09-29 18:27:43,403 | prediction 4096/7002
2026-09-29 18:27:49,152 | experiments/exp03/seeds/seed42/static/aligned/validation.json | both:d76:u76:pNone
2026-09-29 18:27:56,264 | prediction 4096/7002
2026-09-29 18:28:09,307 | prediction 4096/105181
2026-09-29 18:28:16,393 | prediction 8192/105181
2026-09-29 18:28:23,480 | prediction 12288/105181
2026-09-29 18:28:30,566 | prediction 16384/105181
2026-09-29 18:28:37,650 | prediction 20480/105181
2026-09-29 18:28:44,736 | prediction 24576/105181
2026-09-29 18:28:51,823 | prediction 28672/105181
2026-09-29 18:28:58,908 | prediction 32768/105181
2026-09-29 18:29:05,992 | prediction 36864/105181
2026-09-29 18:29:13,077 | prediction 40960/105181
2026-09-29 18:29:20,163 | prediction 45056/105181
2026-09-29 18:29:27,247 | prediction 49152/105181
2026-09-29 18:29:34,333 | prediction 53248/105181
2026-09-29 18:29:41,419 | prediction 57344/105181
2026-09-29 18:29:48,556 | prediction 61440/105181
2026-09-29 18:29:55,703 | prediction 65536/105181
2026-09-29 18:30:02,852 | prediction 69632/105181
2026-09-29 18:30:09,998 | prediction 73728/105181
2026-09-29 18:30:17,144 | prediction 77824/105181
2026-09-29 18:30:24,291 | prediction 81920/105181
2026-09-29 18:30:31,438 | prediction 86016/105181
2026-09-29 18:30:38,584 | prediction 90112/105181
2026-09-29 18:30:45,731 | prediction 94208/105181
2026-09-29 18:30:52,877 | prediction 98304/105181
2026-09-29 18:31:00,022 | prediction 102400/105181
2026-09-29 18:31:05,412 | experiments/exp03/seeds/seed42/static/as_stored/online_frozen.json | original:dNone:uNone:pNone
2026-09-29 18:31:07,765 | experiments/exp03/seeds/seed42/static/as_stored/online_frozen.json | bypass:dNone:uNone:pNone
2026-09-29 18:31:14,933 | prediction 4096/105181
2026-09-29 18:31:22,088 | prediction 8192/105181
2026-09-29 18:31:29,243 | prediction 12288/105181
2026-09-29 18:31:36,398 | prediction 16384/105181
2026-09-29 18:31:43,555 | prediction 20480/105181
2026-09-29 18:31:50,713 | prediction 24576/105181
2026-09-29 18:31:57,869 | prediction 28672/105181
2026-09-29 18:32:05,031 | prediction 32768/105181
2026-09-29 18:32:12,189 | prediction 36864/105181
2026-09-29 18:32:19,347 | prediction 40960/105181
2026-09-29 18:32:26,503 | prediction 45056/105181
2026-09-29 18:32:33,659 | prediction 49152/105181
2026-09-29 18:32:40,815 | prediction 53248/105181
2026-09-29 18:32:47,974 | prediction 57344/105181
2026-09-29 18:32:55,129 | prediction 61440/105181
2026-09-29 18:33:02,257 | prediction 65536/105181
2026-09-29 18:33:09,353 | prediction 69632/105181
2026-09-29 18:33:16,448 | prediction 73728/105181
2026-09-29 18:33:23,542 | prediction 77824/105181
2026-09-29 18:33:30,636 | prediction 81920/105181
2026-09-29 18:33:37,727 | prediction 86016/105181
2026-09-29 18:33:44,823 | prediction 90112/105181
2026-09-29 18:33:51,916 | prediction 94208/105181
2026-09-29 18:33:59,005 | prediction 98304/105181
2026-09-29 18:34:06,097 | prediction 102400/105181
2026-09-29 18:34:12,418 | experiments/exp03/seeds/seed42/static/as_stored/online_frozen.json | down:d0:uNone:pNone
2026-09-29 18:34:19,515 | prediction 4096/105181
2026-09-29 18:34:26,607 | prediction 8192/105181
2026-09-29 18:34:33,699 | prediction 12288/105181
2026-09-29 18:34:40,790 | prediction 16384/105181
2026-09-29 18:34:47,881 | prediction 20480/105181
2026-09-29 18:34:54,971 | prediction 24576/105181
2026-09-29 18:35:02,060 | prediction 28672/105181
2026-09-29 18:35:09,149 | prediction 32768/105181
2026-09-29 18:35:16,238 | prediction 36864/105181
2026-09-29 18:35:23,327 | prediction 40960/105181
2026-09-29 18:35:30,418 | prediction 45056/105181
2026-09-29 18:35:37,507 | prediction 49152/105181
2026-09-29 18:35:44,597 | prediction 53248/105181
2026-09-29 18:35:51,688 | prediction 57344/105181
2026-09-29 18:35:58,776 | prediction 61440/105181
2026-09-29 18:36:05,869 | prediction 65536/105181
2026-09-29 18:36:12,959 | prediction 69632/105181
2026-09-29 18:36:20,049 | prediction 73728/105181
2026-09-29 18:36:27,137 | prediction 77824/105181
2026-09-29 18:36:34,227 | prediction 81920/105181
2026-09-29 18:36:41,314 | prediction 86016/105181
2026-09-29 18:36:48,402 | prediction 90112/105181
2026-09-29 18:36:55,490 | prediction 94208/105181
2026-09-29 18:37:02,577 | prediction 98304/105181
2026-09-29 18:37:09,665 | prediction 102400/105181
2026-09-29 18:37:15,995 | experiments/exp03/seeds/seed42/static/as_stored/online_frozen.json | down:d1:uNone:pNone
2026-09-29 18:37:23,118 | prediction 4096/105181
2026-09-29 18:37:30,258 | prediction 8192/105181
2026-09-29 18:37:37,397 | prediction 12288/105181
2026-09-29 18:37:44,540 | prediction 16384/105181
2026-09-29 18:37:51,681 | prediction 20480/105181
2026-09-29 18:37:58,822 | prediction 24576/105181
2026-09-29 18:38:05,968 | prediction 28672/105181
2026-09-29 18:38:13,108 | prediction 32768/105181
2026-09-29 18:38:20,249 | prediction 36864/105181
2026-09-29 18:38:27,391 | prediction 40960/105181
2026-09-29 18:38:34,531 | prediction 45056/105181
2026-09-29 18:38:41,672 | prediction 49152/105181
2026-09-29 18:38:48,813 | prediction 53248/105181
2026-09-29 18:38:55,955 | prediction 57344/105181
2026-09-29 18:39:03,095 | prediction 61440/105181
2026-09-29 18:39:10,236 | prediction 65536/105181
2026-09-29 18:39:17,376 | prediction 69632/105181
2026-09-29 18:39:24,517 | prediction 73728/105181
2026-09-29 18:39:31,658 | prediction 77824/105181
2026-09-29 18:39:38,796 | prediction 81920/105181
2026-09-29 18:39:45,940 | prediction 86016/105181
2026-09-29 18:39:53,081 | prediction 90112/105181
2026-09-29 18:40:00,225 | prediction 94208/105181
2026-09-29 18:40:07,365 | prediction 98304/105181
2026-09-29 18:40:14,506 | prediction 102400/105181
2026-09-29 18:40:20,903 | experiments/exp03/seeds/seed42/static/as_stored/online_frozen.json | down:d2:uNone:pNone
2026-09-29 18:40:28,059 | prediction 4096/105181
2026-09-29 18:40:35,207 | prediction 8192/105181
2026-09-29 18:40:42,353 | prediction 12288/105181
2026-09-29 18:40:49,503 | prediction 16384/105181
2026-09-29 18:40:56,654 | prediction 20480/105181
2026-09-29 18:41:03,804 | prediction 24576/105181
2026-09-29 18:41:10,951 | prediction 28672/105181
2026-09-29 18:41:18,095 | prediction 32768/105181
2026-09-29 18:41:25,242 | prediction 36864/105181
2026-09-29 18:41:32,389 | prediction 40960/105181
2026-09-29 18:41:39,534 | prediction 45056/105181
2026-09-29 18:41:46,681 | prediction 49152/105181
2026-09-29 18:41:53,830 | prediction 53248/105181
2026-09-29 18:42:00,980 | prediction 57344/105181
2026-09-29 18:42:08,128 | prediction 61440/105181
2026-09-29 18:42:15,274 | prediction 65536/105181
2026-09-29 18:42:22,421 | prediction 69632/105181
2026-09-29 18:42:29,568 | prediction 73728/105181
2026-09-29 18:42:36,714 | prediction 77824/105181
2026-09-29 18:42:43,862 | prediction 81920/105181
2026-09-29 18:42:51,008 | prediction 86016/105181
2026-09-29 18:42:58,153 | prediction 90112/105181
2026-09-29 18:43:05,297 | prediction 94208/105181
2026-09-29 18:43:12,441 | prediction 98304/105181
2026-09-29 18:43:19,586 | prediction 102400/105181
2026-09-29 18:43:25,959 | experiments/exp03/seeds/seed42/static/as_stored/online_frozen.json | down:d4:uNone:pNone
2026-09-29 18:43:33,096 | prediction 4096/105181
2026-09-29 18:43:40,182 | prediction 8192/105181
2026-09-29 18:43:47,270 | prediction 12288/105181
2026-09-29 18:43:54,354 | prediction 16384/105181
2026-09-29 18:44:01,444 | prediction 20480/105181
2026-09-29 18:44:08,536 | prediction 24576/105181
2026-09-29 18:44:15,629 | prediction 28672/105181
2026-09-29 18:44:22,721 | prediction 32768/105181
2026-09-29 18:44:29,814 | prediction 36864/105181
2026-09-29 18:44:36,907 | prediction 40960/105181
2026-09-29 18:44:43,998 | prediction 45056/105181
2026-09-29 18:44:51,090 | prediction 49152/105181
2026-09-29 18:44:58,182 | prediction 53248/105181
2026-09-29 18:45:05,275 | prediction 57344/105181
2026-09-29 18:45:12,366 | prediction 61440/105181
2026-09-29 18:45:19,458 | prediction 65536/105181
2026-09-29 18:45:26,550 | prediction 69632/105181
2026-09-29 18:45:33,641 | prediction 73728/105181
2026-09-29 18:45:40,733 | prediction 77824/105181
2026-09-29 18:45:47,818 | prediction 81920/105181
2026-09-29 18:45:54,903 | prediction 86016/105181
2026-09-29 18:46:01,991 | prediction 90112/105181
2026-09-29 18:46:09,083 | prediction 94208/105181
2026-09-29 18:46:16,179 | prediction 98304/105181
2026-09-29 18:46:23,270 | prediction 102400/105181
2026-09-29 18:46:29,607 | experiments/exp03/seeds/seed42/static/as_stored/online_frozen.json | down:d8:uNone:pNone
2026-09-29 18:46:36,712 | prediction 4096/105181
2026-09-29 18:46:43,810 | prediction 8192/105181
2026-09-29 18:46:50,909 | prediction 12288/105181
2026-09-29 18:46:58,006 | prediction 16384/105181
2026-09-29 18:47:05,098 | prediction 20480/105181
2026-09-29 18:47:12,188 | prediction 24576/105181
2026-09-29 18:47:19,278 | prediction 28672/105181
2026-09-29 18:47:26,366 | prediction 32768/105181
2026-09-29 18:47:33,456 | prediction 36864/105181
2026-09-29 18:47:40,543 | prediction 40960/105181
2026-09-29 18:47:47,634 | prediction 45056/105181
2026-09-29 18:47:54,724 | prediction 49152/105181
2026-09-29 18:48:01,820 | prediction 53248/105181
2026-09-29 18:48:08,918 | prediction 57344/105181
2026-09-29 18:48:16,016 | prediction 61440/105181
2026-09-29 18:48:23,115 | prediction 65536/105181
2026-09-29 18:48:30,212 | prediction 69632/105181
2026-09-29 18:48:37,310 | prediction 73728/105181
2026-09-29 18:48:44,407 | prediction 77824/105181
2026-09-29 18:48:51,503 | prediction 81920/105181
2026-09-29 18:48:58,601 | prediction 86016/105181
2026-09-29 18:49:05,698 | prediction 90112/105181
2026-09-29 18:49:12,793 | prediction 94208/105181
2026-09-29 18:49:19,891 | prediction 98304/105181
2026-09-29 18:49:26,986 | prediction 102400/105181
2026-09-29 18:49:33,322 | experiments/exp03/seeds/seed42/static/as_stored/online_frozen.json | down:d16:uNone:pNone
2026-09-29 18:49:40,420 | prediction 4096/105181
2026-09-29 18:49:47,511 | prediction 8192/105181
2026-09-29 18:49:54,601 | prediction 12288/105181
2026-09-29 18:50:01,695 | prediction 16384/105181
2026-09-29 18:50:08,792 | prediction 20480/105181
2026-09-29 18:50:15,889 | prediction 24576/105181
2026-09-29 18:50:22,987 | prediction 28672/105181
2026-09-29 18:50:30,084 | prediction 32768/105181
2026-09-29 18:50:37,181 | prediction 36864/105181
2026-09-29 18:50:44,277 | prediction 40960/105181
2026-09-29 18:50:51,371 | prediction 45056/105181
2026-09-29 18:50:58,469 | prediction 49152/105181
2026-09-29 18:51:05,567 | prediction 53248/105181
2026-09-29 18:51:12,665 | prediction 57344/105181
2026-09-29 18:51:19,763 | prediction 61440/105181
2026-09-29 18:51:26,861 | prediction 65536/105181
2026-09-29 18:51:33,959 | prediction 69632/105181
2026-09-29 18:51:41,055 | prediction 73728/105181
2026-09-29 18:51:48,151 | prediction 77824/105181
2026-09-29 18:51:55,249 | prediction 81920/105181
2026-09-29 18:52:02,349 | prediction 86016/105181
2026-09-29 18:52:09,439 | prediction 90112/105181
2026-09-29 18:52:16,528 | prediction 94208/105181
2026-09-29 18:52:23,617 | prediction 98304/105181
2026-09-29 18:52:30,706 | prediction 102400/105181
2026-09-29 18:52:37,041 | experiments/exp03/seeds/seed42/static/as_stored/online_frozen.json | down:d32:uNone:pNone
2026-09-29 18:52:44,163 | prediction 4096/105181
2026-09-29 18:52:51,250 | prediction 8192/105181
2026-09-29 18:52:58,337 | prediction 12288/105181
2026-09-29 18:53:05,426 | prediction 16384/105181
2026-09-29 18:53:12,515 | prediction 20480/105181
2026-09-29 18:53:19,603 | prediction 24576/105181
2026-09-29 18:53:26,692 | prediction 28672/105181
2026-09-29 18:53:33,780 | prediction 32768/105181
2026-09-29 18:53:40,873 | prediction 36864/105181
2026-09-29 18:53:47,964 | prediction 40960/105181
2026-09-29 18:53:55,052 | prediction 45056/105181
2026-09-29 18:54:02,149 | prediction 49152/105181
2026-09-29 18:54:09,249 | prediction 53248/105181
2026-09-29 18:54:16,346 | prediction 57344/105181
2026-09-29 18:54:23,445 | prediction 61440/105181
2026-09-29 18:54:30,545 | prediction 65536/105181
2026-09-29 18:54:37,644 | prediction 69632/105181
2026-09-29 18:54:44,743 | prediction 73728/105181
2026-09-29 18:54:51,840 | prediction 77824/105181
2026-09-29 18:54:58,937 | prediction 81920/105181
2026-09-29 18:55:06,038 | prediction 86016/105181
2026-09-29 18:55:13,138 | prediction 90112/105181
2026-09-29 18:55:20,237 | prediction 94208/105181
2026-09-29 18:55:27,337 | prediction 98304/105181
2026-09-29 18:55:34,438 | prediction 102400/105181
2026-09-29 18:55:40,814 | experiments/exp03/seeds/seed42/static/as_stored/online_frozen.json | down:d48:uNone:pNone
2026-09-29 18:55:47,943 | prediction 4096/105181
2026-09-29 18:55:55,052 | prediction 8192/105181
2026-09-29 18:56:02,206 | prediction 12288/105181
2026-09-29 18:56:09,359 | prediction 16384/105181
2026-09-29 18:56:16,509 | prediction 20480/105181
2026-09-29 18:56:23,661 | prediction 24576/105181
2026-09-29 18:56:30,812 | prediction 28672/105181
2026-09-29 18:56:37,963 | prediction 32768/105181
2026-09-29 18:56:45,116 | prediction 36864/105181
2026-09-29 18:56:52,266 | prediction 40960/105181
2026-09-29 18:56:59,419 | prediction 45056/105181
2026-09-29 18:57:06,570 | prediction 49152/105181
2026-09-29 18:57:13,721 | prediction 53248/105181
2026-09-29 18:57:20,875 | prediction 57344/105181
2026-09-29 18:57:28,026 | prediction 61440/105181
2026-09-29 18:57:35,178 | prediction 65536/105181
2026-09-29 18:57:42,327 | prediction 69632/105181
2026-09-29 18:57:49,470 | prediction 73728/105181
2026-09-29 18:57:56,614 | prediction 77824/105181
2026-09-29 18:58:03,759 | prediction 81920/105181
2026-09-29 18:58:10,902 | prediction 86016/105181
2026-09-29 18:58:18,043 | prediction 90112/105181
2026-09-29 18:58:25,186 | prediction 94208/105181
2026-09-29 18:58:32,329 | prediction 98304/105181
2026-09-29 18:58:39,475 | prediction 102400/105181
2026-09-29 18:58:45,850 | experiments/exp03/seeds/seed42/static/as_stored/online_frozen.json | down:d64:uNone:pNone
2026-09-29 18:58:53,028 | prediction 4096/105181
2026-09-29 18:59:00,178 | prediction 8192/105181
2026-09-29 18:59:07,325 | prediction 12288/105181
2026-09-29 18:59:14,474 | prediction 16384/105181
2026-09-29 18:59:21,623 | prediction 20480/105181
2026-09-29 18:59:28,771 | prediction 24576/105181
2026-09-29 18:59:35,918 | prediction 28672/105181
2026-09-29 18:59:43,064 | prediction 32768/105181
2026-09-29 18:59:50,211 | prediction 36864/105181
2026-09-29 18:59:57,360 | prediction 40960/105181
2026-09-29 19:00:04,508 | prediction 45056/105181
2026-09-29 19:00:11,654 | prediction 49152/105181
2026-09-29 19:00:18,799 | prediction 53248/105181
2026-09-29 19:00:25,944 | prediction 57344/105181
2026-09-29 19:00:33,090 | prediction 61440/105181
2026-09-29 19:00:40,234 | prediction 65536/105181
2026-09-29 19:00:47,381 | prediction 69632/105181
2026-09-29 19:00:54,526 | prediction 73728/105181
2026-09-29 19:01:01,672 | prediction 77824/105181
2026-09-29 19:01:08,817 | prediction 81920/105181
2026-09-29 19:01:15,961 | prediction 86016/105181
2026-09-29 19:01:23,106 | prediction 90112/105181
2026-09-29 19:01:30,251 | prediction 94208/105181
2026-09-29 19:01:37,397 | prediction 98304/105181
2026-09-29 19:01:44,544 | prediction 102400/105181
2026-09-29 19:01:50,921 | experiments/exp03/seeds/seed42/static/as_stored/online_frozen.json | down:d76:uNone:pNone
2026-09-29 19:01:58,097 | prediction 4096/105181
2026-09-29 19:02:05,198 | prediction 8192/105181
2026-09-29 19:02:12,282 | prediction 12288/105181
2026-09-29 19:02:19,368 | prediction 16384/105181
2026-09-29 19:02:26,450 | prediction 20480/105181
2026-09-29 19:02:33,537 | prediction 24576/105181
2026-09-29 19:02:40,622 | prediction 28672/105181
2026-09-29 19:02:47,705 | prediction 32768/105181
2026-09-29 19:02:54,790 | prediction 36864/105181
2026-09-29 19:03:01,873 | prediction 40960/105181
2026-09-29 19:03:08,959 | prediction 45056/105181
2026-09-29 19:03:16,042 | prediction 49152/105181
2026-09-29 19:03:23,128 | prediction 53248/105181
2026-09-29 19:03:30,212 | prediction 57344/105181
2026-09-29 19:03:37,297 | prediction 61440/105181
2026-09-29 19:03:44,379 | prediction 65536/105181
2026-09-29 19:03:51,463 | prediction 69632/105181
2026-09-29 19:03:58,549 | prediction 73728/105181
2026-09-29 19:04:05,636 | prediction 77824/105181
2026-09-29 19:04:12,722 | prediction 81920/105181
2026-09-29 19:04:19,808 | prediction 86016/105181
2026-09-29 19:04:26,893 | prediction 90112/105181
2026-09-29 19:04:33,979 | prediction 94208/105181
2026-09-29 19:04:41,063 | prediction 98304/105181
2026-09-29 19:04:48,148 | prediction 102400/105181
2026-09-29 19:04:55,348 | experiments/exp03/seeds/seed42/static/as_stored/online_frozen.json | up:dNone:u0:pNone
2026-09-29 19:05:02,450 | prediction 4096/105181
2026-09-29 19:05:09,541 | prediction 8192/105181
2026-09-29 19:05:16,627 | prediction 12288/105181
2026-09-29 19:05:23,713 | prediction 16384/105181
2026-09-29 19:05:30,801 | prediction 20480/105181
2026-09-29 19:05:37,887 | prediction 24576/105181
2026-09-29 19:05:44,978 | prediction 28672/105181
2026-09-29 19:05:52,066 | prediction 32768/105181
2026-09-29 19:05:59,154 | prediction 36864/105181
2026-09-29 19:06:06,248 | prediction 40960/105181
2026-09-29 19:06:13,341 | prediction 45056/105181
2026-09-29 19:06:20,433 | prediction 49152/105181
2026-09-29 19:06:27,524 | prediction 53248/105181
2026-09-29 19:06:34,616 | prediction 57344/105181
2026-09-29 19:06:41,710 | prediction 61440/105181
2026-09-29 19:06:48,806 | prediction 65536/105181
2026-09-29 19:06:55,900 | prediction 69632/105181
2026-09-29 19:07:02,990 | prediction 73728/105181
2026-09-29 19:07:10,084 | prediction 77824/105181
2026-09-29 19:07:17,174 | prediction 81920/105181
2026-09-29 19:07:24,264 | prediction 86016/105181
2026-09-29 19:07:31,351 | prediction 90112/105181
2026-09-29 19:07:38,438 | prediction 94208/105181
2026-09-29 19:07:45,527 | prediction 98304/105181
2026-09-29 19:07:52,615 | prediction 102400/105181
2026-09-29 19:07:58,945 | experiments/exp03/seeds/seed42/static/as_stored/online_frozen.json | up:dNone:u1:pNone
2026-09-29 19:08:06,078 | prediction 4096/105181
2026-09-29 19:08:13,201 | prediction 8192/105181
2026-09-29 19:08:20,304 | prediction 12288/105181
2026-09-29 19:08:27,392 | prediction 16384/105181
2026-09-29 19:08:34,462 | prediction 20480/105181
2026-09-29 19:08:41,564 | prediction 24576/105181
2026-09-29 19:08:48,681 | prediction 28672/105181
2026-09-29 19:08:55,798 | prediction 32768/105181
2026-09-29 19:09:02,916 | prediction 36864/105181
2026-09-29 19:09:10,016 | prediction 40960/105181
2026-09-29 19:09:17,085 | prediction 45056/105181
2026-09-29 19:09:24,156 | prediction 49152/105181
2026-09-29 19:09:31,225 | prediction 53248/105181
2026-09-29 19:09:38,294 | prediction 57344/105181
2026-09-29 19:09:45,367 | prediction 61440/105181
2026-09-29 19:09:52,484 | prediction 65536/105181
2026-09-29 19:09:59,588 | prediction 69632/105181
2026-09-29 19:10:06,659 | prediction 73728/105181
2026-09-29 19:10:13,730 | prediction 77824/105181
2026-09-29 19:10:20,799 | prediction 81920/105181
2026-09-29 19:10:27,868 | prediction 86016/105181
2026-09-29 19:10:34,933 | prediction 90112/105181
2026-09-29 19:10:42,003 | prediction 94208/105181
2026-09-29 19:10:49,072 | prediction 98304/105181
2026-09-29 19:10:56,142 | prediction 102400/105181
2026-09-29 19:11:02,477 | experiments/exp03/seeds/seed42/static/as_stored/online_frozen.json | up:dNone:u2:pNone
2026-09-29 19:11:09,564 | prediction 4096/105181
2026-09-29 19:11:16,640 | prediction 8192/105181
2026-09-29 19:11:23,714 | prediction 12288/105181
2026-09-29 19:11:30,791 | prediction 16384/105181
2026-09-29 19:11:37,866 | prediction 20480/105181
2026-09-29 19:11:44,942 | prediction 24576/105181
2026-09-29 19:11:52,045 | prediction 28672/105181
2026-09-29 19:11:59,141 | prediction 32768/105181
2026-09-29 19:12:06,219 | prediction 36864/105181
2026-09-29 19:12:13,296 | prediction 40960/105181
2026-09-29 19:12:20,365 | prediction 45056/105181
2026-09-29 19:12:27,435 | prediction 49152/105181
2026-09-29 19:12:34,508 | prediction 53248/105181
2026-09-29 19:12:41,578 | prediction 57344/105181
2026-09-29 19:12:48,648 | prediction 61440/105181
2026-09-29 19:12:55,718 | prediction 65536/105181
2026-09-29 19:13:02,787 | prediction 69632/105181
2026-09-29 19:13:09,857 | prediction 73728/105181
2026-09-29 19:13:16,927 | prediction 77824/105181
2026-09-29 19:13:23,998 | prediction 81920/105181
2026-09-29 19:13:31,069 | prediction 86016/105181
2026-09-29 19:13:38,139 | prediction 90112/105181
2026-09-29 19:13:45,210 | prediction 94208/105181
2026-09-29 19:13:52,282 | prediction 98304/105181
2026-09-29 19:13:59,353 | prediction 102400/105181
2026-09-29 19:14:05,715 | experiments/exp03/seeds/seed42/static/as_stored/online_frozen.json | up:dNone:u4:pNone
2026-09-29 19:14:12,796 | prediction 4096/105181
2026-09-29 19:14:19,869 | prediction 8192/105181
2026-09-29 19:14:26,944 | prediction 12288/105181
2026-09-29 19:14:34,020 | prediction 16384/105181
2026-09-29 19:14:41,096 | prediction 20480/105181
2026-09-29 19:14:48,189 | prediction 24576/105181
2026-09-29 19:14:55,264 | prediction 28672/105181
2026-09-29 19:15:02,341 | prediction 32768/105181
2026-09-29 19:15:09,413 | prediction 36864/105181
2026-09-29 19:15:16,483 | prediction 40960/105181
2026-09-29 19:15:23,554 | prediction 45056/105181
2026-09-29 19:15:30,625 | prediction 49152/105181
2026-09-29 19:15:37,698 | prediction 53248/105181
2026-09-29 19:15:44,771 | prediction 57344/105181
2026-09-29 19:15:51,844 | prediction 61440/105181
2026-09-29 19:15:58,915 | prediction 65536/105181
2026-09-29 19:16:05,990 | prediction 69632/105181
2026-09-29 19:16:13,062 | prediction 73728/105181
2026-09-29 19:16:20,133 | prediction 77824/105181
2026-09-29 19:16:27,202 | prediction 81920/105181
2026-09-29 19:16:34,272 | prediction 86016/105181
2026-09-29 19:16:41,342 | prediction 90112/105181
2026-09-29 19:16:48,411 | prediction 94208/105181
2026-09-29 19:16:55,484 | prediction 98304/105181
2026-09-29 19:17:02,592 | prediction 102400/105181
2026-09-29 19:17:08,923 | experiments/exp03/seeds/seed42/static/as_stored/online_frozen.json | up:dNone:u8:pNone
2026-09-29 19:17:16,008 | prediction 4096/105181
2026-09-29 19:17:23,082 | prediction 8192/105181
2026-09-29 19:17:30,155 | prediction 12288/105181
2026-09-29 19:17:37,229 | prediction 16384/105181
2026-09-29 19:17:44,303 | prediction 20480/105181
2026-09-29 19:17:51,378 | prediction 24576/105181
2026-09-29 19:17:58,452 | prediction 28672/105181
2026-09-29 19:18:05,530 | prediction 32768/105181
2026-09-29 19:18:12,604 | prediction 36864/105181
2026-09-29 19:18:19,676 | prediction 40960/105181
2026-09-29 19:18:26,748 | prediction 45056/105181
2026-09-29 19:18:33,821 | prediction 49152/105181
2026-09-29 19:18:40,893 | prediction 53248/105181
2026-09-29 19:18:47,966 | prediction 57344/105181
2026-09-29 19:18:55,039 | prediction 61440/105181
2026-09-29 19:19:02,113 | prediction 65536/105181
2026-09-29 19:19:09,187 | prediction 69632/105181
2026-09-29 19:19:16,262 | prediction 73728/105181
2026-09-29 19:19:23,336 | prediction 77824/105181
2026-09-29 19:19:30,410 | prediction 81920/105181
2026-09-29 19:19:37,488 | prediction 86016/105181
2026-09-29 19:19:44,562 | prediction 90112/105181
2026-09-29 19:19:51,636 | prediction 94208/105181
2026-09-29 19:19:58,711 | prediction 98304/105181
2026-09-29 19:20:05,790 | prediction 102400/105181
2026-09-29 19:20:12,119 | experiments/exp03/seeds/seed42/static/as_stored/online_frozen.json | up:dNone:u16:pNone
2026-09-29 19:20:19,200 | prediction 4096/105181
2026-09-29 19:20:26,276 | prediction 8192/105181
2026-09-29 19:20:33,350 | prediction 12288/105181
2026-09-29 19:20:40,426 | prediction 16384/105181
2026-09-29 19:20:47,503 | prediction 20480/105181
2026-09-29 19:20:54,578 | prediction 24576/105181
2026-09-29 19:21:01,653 | prediction 28672/105181
2026-09-29 19:21:08,729 | prediction 32768/105181
2026-09-29 19:21:15,802 | prediction 36864/105181
2026-09-29 19:21:22,877 | prediction 40960/105181
2026-09-29 19:21:29,950 | prediction 45056/105181
2026-09-29 19:21:37,022 | prediction 49152/105181
2026-09-29 19:21:44,096 | prediction 53248/105181
2026-09-29 19:21:51,170 | prediction 57344/105181
2026-09-29 19:21:58,243 | prediction 61440/105181
2026-09-29 19:22:05,325 | prediction 65536/105181
2026-09-29 19:22:12,403 | prediction 69632/105181
2026-09-29 19:22:19,474 | prediction 73728/105181
2026-09-29 19:22:26,547 | prediction 77824/105181
2026-09-29 19:22:33,619 | prediction 81920/105181
2026-09-29 19:22:40,692 | prediction 86016/105181
2026-09-29 19:22:47,765 | prediction 90112/105181
2026-09-29 19:22:54,839 | prediction 94208/105181
2026-09-29 19:23:01,913 | prediction 98304/105181
2026-09-29 19:23:08,992 | prediction 102400/105181
2026-09-29 19:23:15,328 | experiments/exp03/seeds/seed42/static/as_stored/online_frozen.json | up:dNone:u32:pNone
2026-09-29 19:23:22,444 | prediction 4096/105181
2026-09-29 19:23:29,526 | prediction 8192/105181
2026-09-29 19:23:36,607 | prediction 12288/105181
2026-09-29 19:23:43,690 | prediction 16384/105181
2026-09-29 19:23:50,773 | prediction 20480/105181
2026-09-29 19:23:57,855 | prediction 24576/105181
2026-09-29 19:24:04,940 | prediction 28672/105181
2026-09-29 19:24:12,022 | prediction 32768/105181
2026-09-29 19:24:19,104 | prediction 36864/105181
2026-09-29 19:24:26,189 | prediction 40960/105181
2026-09-29 19:24:33,272 | prediction 45056/105181
2026-09-29 19:24:40,348 | prediction 49152/105181
2026-09-29 19:24:47,425 | prediction 53248/105181
2026-09-29 19:24:54,501 | prediction 57344/105181
2026-09-29 19:25:01,575 | prediction 61440/105181
2026-09-29 19:25:08,648 | prediction 65536/105181
2026-09-29 19:25:15,722 | prediction 69632/105181
2026-09-29 19:25:22,796 | prediction 73728/105181
2026-09-29 19:25:29,870 | prediction 77824/105181
2026-09-29 19:25:36,946 | prediction 81920/105181
2026-09-29 19:25:44,026 | prediction 86016/105181
2026-09-29 19:25:51,105 | prediction 90112/105181
2026-09-29 19:25:58,182 | prediction 94208/105181
2026-09-29 19:26:05,260 | prediction 98304/105181
2026-09-29 19:26:12,335 | prediction 102400/105181
2026-09-29 19:26:18,662 | experiments/exp03/seeds/seed42/static/as_stored/online_frozen.json | up:dNone:u48:pNone
2026-09-29 19:26:25,771 | prediction 4096/105181
2026-09-29 19:26:32,845 | prediction 8192/105181
2026-09-29 19:26:39,930 | prediction 12288/105181
2026-09-29 19:26:47,012 | prediction 16384/105181
2026-09-29 19:26:54,093 | prediction 20480/105181
2026-09-29 19:27:01,175 | prediction 24576/105181
2026-09-29 19:27:08,258 | prediction 28672/105181
2026-09-29 19:27:15,343 | prediction 32768/105181
2026-09-29 19:27:22,425 | prediction 36864/105181
2026-09-29 19:27:29,509 | prediction 40960/105181
2026-09-29 19:27:36,590 | prediction 45056/105181
2026-09-29 19:27:43,668 | prediction 49152/105181
2026-09-29 19:27:50,752 | prediction 53248/105181
2026-09-29 19:27:57,835 | prediction 57344/105181
2026-09-29 19:28:04,922 | prediction 61440/105181
2026-09-29 19:28:12,007 | prediction 65536/105181
2026-09-29 19:28:19,090 | prediction 69632/105181
2026-09-29 19:28:26,172 | prediction 73728/105181
2026-09-29 19:28:33,255 | prediction 77824/105181
2026-09-29 19:28:40,340 | prediction 81920/105181
2026-09-29 19:28:47,420 | prediction 86016/105181
2026-09-29 19:28:54,497 | prediction 90112/105181
2026-09-29 19:29:01,573 | prediction 94208/105181
2026-09-29 19:29:08,648 | prediction 98304/105181
2026-09-29 19:29:15,722 | prediction 102400/105181
2026-09-29 19:29:22,085 | experiments/exp03/seeds/seed42/static/as_stored/online_frozen.json | up:dNone:u64:pNone
2026-09-29 19:29:29,204 | prediction 4096/105181
2026-09-29 19:29:36,285 | prediction 8192/105181
2026-09-29 19:29:43,371 | prediction 12288/105181
2026-09-29 19:29:50,454 | prediction 16384/105181
2026-09-29 19:29:57,535 | prediction 20480/105181
2026-09-29 19:30:04,623 | prediction 24576/105181
2026-09-29 19:30:11,705 | prediction 28672/105181
2026-09-29 19:30:18,784 | prediction 32768/105181
2026-09-29 19:30:25,864 | prediction 36864/105181
2026-09-29 19:30:32,998 | prediction 40960/105181
2026-09-29 19:30:40,134 | prediction 45056/105181
2026-09-29 19:30:47,274 | prediction 49152/105181
2026-09-29 19:30:54,409 | prediction 53248/105181
2026-09-29 19:31:01,545 | prediction 57344/105181
2026-09-29 19:31:08,682 | prediction 61440/105181
2026-09-29 19:31:15,818 | prediction 65536/105181
2026-09-29 19:31:22,953 | prediction 69632/105181
2026-09-29 19:31:30,056 | prediction 73728/105181
2026-09-29 19:31:37,133 | prediction 77824/105181
2026-09-29 19:31:44,210 | prediction 81920/105181
2026-09-29 19:31:51,289 | prediction 86016/105181
2026-09-29 19:31:58,367 | prediction 90112/105181
2026-09-29 19:32:05,447 | prediction 94208/105181
2026-09-29 19:32:12,525 | prediction 98304/105181
2026-09-29 19:32:19,603 | prediction 102400/105181
2026-09-29 19:32:25,934 | experiments/exp03/seeds/seed42/static/as_stored/online_frozen.json | up:dNone:u76:pNone
2026-09-29 19:32:33,050 | prediction 4096/105181
2026-09-29 19:32:40,188 | prediction 8192/105181
2026-09-29 19:32:47,324 | prediction 12288/105181
2026-09-29 19:32:54,461 | prediction 16384/105181
2026-09-29 19:33:01,598 | prediction 20480/105181
2026-09-29 19:33:08,734 | prediction 24576/105181
2026-09-29 19:33:15,870 | prediction 28672/105181
2026-09-29 19:33:23,006 | prediction 32768/105181
2026-09-29 19:33:30,144 | prediction 36864/105181
2026-09-29 19:33:37,270 | prediction 40960/105181
2026-09-29 19:33:44,348 | prediction 45056/105181
2026-09-29 19:33:51,428 | prediction 49152/105181
2026-09-29 19:33:58,506 | prediction 53248/105181
2026-09-29 19:34:05,587 | prediction 57344/105181
2026-09-29 19:34:12,668 | prediction 61440/105181
2026-09-29 19:34:19,749 | prediction 65536/105181
2026-09-29 19:34:26,830 | prediction 69632/105181
2026-09-29 19:34:33,910 | prediction 73728/105181
2026-09-29 19:34:40,993 | prediction 77824/105181
2026-09-29 19:34:48,074 | prediction 81920/105181
2026-09-29 19:34:55,153 | prediction 86016/105181
2026-09-29 19:35:02,235 | prediction 90112/105181
2026-09-29 19:35:09,318 | prediction 94208/105181
2026-09-29 19:35:16,398 | prediction 98304/105181
2026-09-29 19:35:23,479 | prediction 102400/105181
2026-09-29 19:35:30,679 | experiments/exp03/seeds/seed42/static/as_stored/online_frozen.json | both:d0:u0:pNone
2026-09-29 19:35:37,775 | prediction 4096/105181
2026-09-29 19:35:44,861 | prediction 8192/105181
2026-09-29 19:35:51,948 | prediction 12288/105181
2026-09-29 19:35:59,037 | prediction 16384/105181
2026-09-29 19:36:06,128 | prediction 20480/105181
2026-09-29 19:36:13,217 | prediction 24576/105181
2026-09-29 19:36:20,304 | prediction 28672/105181
2026-09-29 19:36:27,390 | prediction 32768/105181
2026-09-29 19:36:34,478 | prediction 36864/105181
2026-09-29 19:36:41,567 | prediction 40960/105181
2026-09-29 19:36:48,654 | prediction 45056/105181
2026-09-29 19:36:55,742 | prediction 49152/105181
2026-09-29 19:37:02,828 | prediction 53248/105181
2026-09-29 19:37:09,916 | prediction 57344/105181
2026-09-29 19:37:17,002 | prediction 61440/105181
2026-09-29 19:37:24,088 | prediction 65536/105181
2026-09-29 19:37:31,175 | prediction 69632/105181
2026-09-29 19:37:38,259 | prediction 73728/105181
2026-09-29 19:37:45,346 | prediction 77824/105181
2026-09-29 19:37:52,432 | prediction 81920/105181
2026-09-29 19:37:59,519 | prediction 86016/105181
2026-09-29 19:38:06,608 | prediction 90112/105181
2026-09-29 19:38:13,691 | prediction 94208/105181
2026-09-29 19:38:20,776 | prediction 98304/105181
2026-09-29 19:38:27,861 | prediction 102400/105181
2026-09-29 19:38:34,192 | experiments/exp03/seeds/seed42/static/as_stored/online_frozen.json | both:d1:u1:pNone
2026-09-29 19:38:41,282 | prediction 4096/105181
2026-09-29 19:38:48,362 | prediction 8192/105181
2026-09-29 19:38:55,444 | prediction 12288/105181
2026-09-29 19:39:02,525 | prediction 16384/105181
2026-09-29 19:39:09,605 | prediction 20480/105181
2026-09-29 19:39:16,688 | prediction 24576/105181
2026-09-29 19:39:23,768 | prediction 28672/105181
2026-09-29 19:39:30,849 | prediction 32768/105181
2026-09-29 19:39:37,931 | prediction 36864/105181
2026-09-29 19:39:45,014 | prediction 40960/105181
2026-09-29 19:39:52,097 | prediction 45056/105181
2026-09-29 19:39:59,178 | prediction 49152/105181
2026-09-29 19:40:06,261 | prediction 53248/105181
2026-09-29 19:40:13,346 | prediction 57344/105181
2026-09-29 19:40:20,432 | prediction 61440/105181
2026-09-29 19:40:27,517 | prediction 65536/105181
2026-09-29 19:40:34,600 | prediction 69632/105181
2026-09-29 19:40:41,680 | prediction 73728/105181
2026-09-29 19:40:48,763 | prediction 77824/105181
2026-09-29 19:40:55,846 | prediction 81920/105181
2026-09-29 19:41:02,930 | prediction 86016/105181
2026-09-29 19:41:10,017 | prediction 90112/105181
2026-09-29 19:41:17,099 | prediction 94208/105181
2026-09-29 19:41:24,180 | prediction 98304/105181
2026-09-29 19:41:31,261 | prediction 102400/105181
2026-09-29 19:41:37,598 | experiments/exp03/seeds/seed42/static/as_stored/online_frozen.json | both:d2:u2:pNone
2026-09-29 19:41:44,693 | prediction 4096/105181
2026-09-29 19:41:51,780 | prediction 8192/105181
2026-09-29 19:41:58,880 | prediction 12288/105181
2026-09-29 19:42:06,020 | prediction 16384/105181
2026-09-29 19:42:13,158 | prediction 20480/105181
2026-09-29 19:42:20,298 | prediction 24576/105181
2026-09-29 19:42:27,435 | prediction 28672/105181
2026-09-29 19:42:34,571 | prediction 32768/105181
2026-09-29 19:42:41,708 | prediction 36864/105181
2026-09-29 19:42:48,847 | prediction 40960/105181
2026-09-29 19:42:55,987 | prediction 45056/105181
2026-09-29 19:43:03,123 | prediction 49152/105181
2026-09-29 19:43:10,261 | prediction 53248/105181
2026-09-29 19:43:17,396 | prediction 57344/105181
2026-09-29 19:43:24,535 | prediction 61440/105181
2026-09-29 19:43:31,618 | prediction 65536/105181
2026-09-29 19:43:38,696 | prediction 69632/105181
2026-09-29 19:43:45,774 | prediction 73728/105181
2026-09-29 19:43:52,855 | prediction 77824/105181
2026-09-29 19:43:59,936 | prediction 81920/105181
2026-09-29 19:44:07,018 | prediction 86016/105181
2026-09-29 19:44:14,099 | prediction 90112/105181
2026-09-29 19:44:21,179 | prediction 94208/105181
2026-09-29 19:44:28,260 | prediction 98304/105181
2026-09-29 19:44:35,339 | prediction 102400/105181
2026-09-29 19:44:41,676 | experiments/exp03/seeds/seed42/static/as_stored/online_frozen.json | both:d4:u4:pNone
2026-09-29 19:44:48,763 | prediction 4096/105181
2026-09-29 19:44:55,847 | prediction 8192/105181
2026-09-29 19:45:02,933 | prediction 12288/105181
2026-09-29 19:45:10,017 | prediction 16384/105181
2026-09-29 19:45:17,097 | prediction 20480/105181
2026-09-29 19:45:24,181 | prediction 24576/105181
2026-09-29 19:45:31,263 | prediction 28672/105181
2026-09-29 19:45:38,347 | prediction 32768/105181
2026-09-29 19:45:45,429 | prediction 36864/105181
2026-09-29 19:45:52,512 | prediction 40960/105181
2026-09-29 19:45:59,595 | prediction 45056/105181
2026-09-29 19:46:06,680 | prediction 49152/105181
2026-09-29 19:46:13,764 | prediction 53248/105181
2026-09-29 19:46:20,847 | prediction 57344/105181
2026-09-29 19:46:27,931 | prediction 61440/105181
2026-09-29 19:46:35,015 | prediction 65536/105181
2026-09-29 19:46:42,099 | prediction 69632/105181
2026-09-29 19:46:49,183 | prediction 73728/105181
2026-09-29 19:46:56,265 | prediction 77824/105181
2026-09-29 19:47:03,348 | prediction 81920/105181
2026-09-29 19:47:10,431 | prediction 86016/105181
2026-09-29 19:47:17,513 | prediction 90112/105181
2026-09-29 19:47:24,599 | prediction 94208/105181
2026-09-29 19:47:31,683 | prediction 98304/105181
2026-09-29 19:47:38,781 | prediction 102400/105181
2026-09-29 19:47:45,184 | experiments/exp03/seeds/seed42/static/as_stored/online_frozen.json | both:d8:u8:pNone
2026-09-29 19:47:52,335 | prediction 4096/105181
2026-09-29 19:47:59,476 | prediction 8192/105181
2026-09-29 19:48:06,619 | prediction 12288/105181
2026-09-29 19:48:13,713 | prediction 16384/105181
2026-09-29 19:48:20,801 | prediction 20480/105181
2026-09-29 19:48:27,886 | prediction 24576/105181
2026-09-29 19:48:34,972 | prediction 28672/105181
2026-09-29 19:48:42,059 | prediction 32768/105181
2026-09-29 19:48:49,144 | prediction 36864/105181
2026-09-29 19:48:56,227 | prediction 40960/105181
2026-09-29 19:49:03,311 | prediction 45056/105181
2026-09-29 19:49:10,395 | prediction 49152/105181
2026-09-29 19:49:17,477 | prediction 53248/105181
2026-09-29 19:49:24,563 | prediction 57344/105181
2026-09-29 19:49:31,646 | prediction 61440/105181
2026-09-29 19:49:38,722 | prediction 65536/105181
2026-09-29 19:49:45,800 | prediction 69632/105181
2026-09-29 19:49:52,879 | prediction 73728/105181
2026-09-29 19:49:59,955 | prediction 77824/105181
2026-09-29 19:50:07,037 | prediction 81920/105181
2026-09-29 19:50:14,118 | prediction 86016/105181
2026-09-29 19:50:21,196 | prediction 90112/105181
2026-09-29 19:50:28,272 | prediction 94208/105181
2026-09-29 19:50:35,349 | prediction 98304/105181
2026-09-29 19:50:42,425 | prediction 102400/105181
2026-09-29 19:50:48,754 | experiments/exp03/seeds/seed42/static/as_stored/online_frozen.json | both:d16:u16:pNone
2026-09-29 19:50:55,843 | prediction 4096/105181
2026-09-29 19:51:02,924 | prediction 8192/105181
2026-09-29 19:51:10,010 | prediction 12288/105181
2026-09-29 19:51:17,087 | prediction 16384/105181
2026-09-29 19:51:24,165 | prediction 20480/105181
2026-09-29 19:51:31,245 | prediction 24576/105181
2026-09-29 19:51:38,321 | prediction 28672/105181
2026-09-29 19:51:45,399 | prediction 32768/105181
2026-09-29 19:51:52,480 | prediction 36864/105181
2026-09-29 19:51:59,559 | prediction 40960/105181
2026-09-29 19:52:06,641 | prediction 45056/105181
2026-09-29 19:52:13,719 | prediction 49152/105181
2026-09-29 19:52:20,798 | prediction 53248/105181
2026-09-29 19:52:27,878 | prediction 57344/105181
2026-09-29 19:52:34,960 | prediction 61440/105181
2026-09-29 19:52:42,040 | prediction 65536/105181
2026-09-29 19:52:49,119 | prediction 69632/105181
2026-09-29 19:52:56,198 | prediction 73728/105181
2026-09-29 19:53:03,279 | prediction 77824/105181
2026-09-29 19:53:10,383 | prediction 81920/105181
2026-09-29 19:53:17,491 | prediction 86016/105181
2026-09-29 19:53:24,564 | prediction 90112/105181
2026-09-29 19:53:31,636 | prediction 94208/105181
2026-09-29 19:53:38,711 | prediction 98304/105181
2026-09-29 19:53:45,784 | prediction 102400/105181
2026-09-29 19:53:52,117 | experiments/exp03/seeds/seed42/static/as_stored/online_frozen.json | both:d32:u32:pNone
2026-09-29 19:53:59,230 | prediction 4096/105181
2026-09-29 19:54:06,316 | prediction 8192/105181
2026-09-29 19:54:13,396 | prediction 12288/105181
2026-09-29 19:54:20,475 | prediction 16384/105181
2026-09-29 19:54:27,555 | prediction 20480/105181
2026-09-29 19:54:34,636 | prediction 24576/105181
2026-09-29 19:54:41,718 | prediction 28672/105181
2026-09-29 19:54:48,798 | prediction 32768/105181
2026-09-29 19:54:55,876 | prediction 36864/105181
2026-09-29 19:55:02,958 | prediction 40960/105181
2026-09-29 19:55:10,039 | prediction 45056/105181
2026-09-29 19:55:17,118 | prediction 49152/105181
2026-09-29 19:55:24,197 | prediction 53248/105181
2026-09-29 19:55:31,277 | prediction 57344/105181
2026-09-29 19:55:38,360 | prediction 61440/105181
2026-09-29 19:55:45,443 | prediction 65536/105181
2026-09-29 19:55:52,531 | prediction 69632/105181
2026-09-29 19:55:59,622 | prediction 73728/105181
2026-09-29 19:56:06,715 | prediction 77824/105181
2026-09-29 19:56:13,808 | prediction 81920/105181
2026-09-29 19:56:20,899 | prediction 86016/105181
2026-09-29 19:56:27,991 | prediction 90112/105181
2026-09-29 19:56:35,081 | prediction 94208/105181
2026-09-29 19:56:42,172 | prediction 98304/105181
2026-09-29 19:56:49,261 | prediction 102400/105181
2026-09-29 19:56:55,608 | experiments/exp03/seeds/seed42/static/as_stored/online_frozen.json | both:d48:u48:pNone
2026-09-29 19:57:02,734 | prediction 4096/105181
2026-09-29 19:57:09,824 | prediction 8192/105181
2026-09-29 19:57:16,912 | prediction 12288/105181
2026-09-29 19:57:24,000 | prediction 16384/105181
2026-09-29 19:57:31,087 | prediction 20480/105181
2026-09-29 19:57:38,175 | prediction 24576/105181
2026-09-29 19:57:45,265 | prediction 28672/105181
2026-09-29 19:57:52,353 | prediction 32768/105181
2026-09-29 19:57:59,441 | prediction 36864/105181
2026-09-29 19:58:06,532 | prediction 40960/105181
2026-09-29 19:58:13,621 | prediction 45056/105181
2026-09-29 19:58:20,710 | prediction 49152/105181
2026-09-29 19:58:27,799 | prediction 53248/105181
2026-09-29 19:58:34,888 | prediction 57344/105181
2026-09-29 19:58:41,976 | prediction 61440/105181
2026-09-29 19:58:49,066 | prediction 65536/105181
2026-09-29 19:58:56,157 | prediction 69632/105181
2026-09-29 19:59:03,242 | prediction 73728/105181
2026-09-29 19:59:10,327 | prediction 77824/105181
2026-09-29 19:59:17,407 | prediction 81920/105181
2026-09-29 19:59:24,490 | prediction 86016/105181
2026-09-29 19:59:31,570 | prediction 90112/105181
2026-09-29 19:59:38,651 | prediction 94208/105181
2026-09-29 19:59:45,731 | prediction 98304/105181
2026-09-29 19:59:52,814 | prediction 102400/105181
2026-09-29 19:59:59,151 | experiments/exp03/seeds/seed42/static/as_stored/online_frozen.json | both:d64:u64:pNone
2026-09-29 20:00:06,277 | prediction 4096/105181
2026-09-29 20:00:13,368 | prediction 8192/105181
2026-09-29 20:00:20,492 | prediction 12288/105181
2026-09-29 20:00:27,635 | prediction 16384/105181
2026-09-29 20:00:34,740 | prediction 20480/105181
2026-09-29 20:00:41,827 | prediction 24576/105181
2026-09-29 20:00:48,915 | prediction 28672/105181
2026-09-29 20:00:56,002 | prediction 32768/105181
2026-09-29 20:01:03,088 | prediction 36864/105181
2026-09-29 20:01:10,174 | prediction 40960/105181
2026-09-29 20:01:17,260 | prediction 45056/105181
2026-09-29 20:01:24,347 | prediction 49152/105181
2026-09-29 20:01:31,437 | prediction 53248/105181
2026-09-29 20:01:38,524 | prediction 57344/105181
2026-09-29 20:01:45,610 | prediction 61440/105181
2026-09-29 20:01:52,698 | prediction 65536/105181
2026-09-29 20:01:59,784 | prediction 69632/105181
2026-09-29 20:02:06,872 | prediction 73728/105181
2026-09-29 20:02:13,958 | prediction 77824/105181
2026-09-29 20:02:21,048 | prediction 81920/105181
2026-09-29 20:02:28,136 | prediction 86016/105181
2026-09-29 20:02:35,225 | prediction 90112/105181
2026-09-29 20:02:42,310 | prediction 94208/105181
2026-09-29 20:02:49,396 | prediction 98304/105181
2026-09-29 20:02:56,482 | prediction 102400/105181
2026-09-29 20:03:02,823 | experiments/exp03/seeds/seed42/static/as_stored/online_frozen.json | both:d76:u76:pNone
2026-09-29 20:03:09,947 | prediction 4096/105181
2026-09-29 20:03:17,035 | prediction 8192/105181
2026-09-29 20:03:24,124 | prediction 12288/105181
2026-09-29 20:03:31,214 | prediction 16384/105181
2026-09-29 20:03:38,303 | prediction 20480/105181
2026-09-29 20:03:45,393 | prediction 24576/105181
2026-09-29 20:03:52,485 | prediction 28672/105181
2026-09-29 20:03:59,574 | prediction 32768/105181
2026-09-29 20:04:06,699 | prediction 36864/105181
2026-09-29 20:04:13,842 | prediction 40960/105181
2026-09-29 20:04:20,987 | prediction 45056/105181
2026-09-29 20:04:28,123 | prediction 49152/105181
2026-09-29 20:04:35,240 | prediction 53248/105181
2026-09-29 20:04:42,384 | prediction 57344/105181
2026-09-29 20:04:49,529 | prediction 61440/105181
2026-09-29 20:04:56,673 | prediction 65536/105181
2026-09-29 20:05:03,771 | prediction 69632/105181
2026-09-29 20:05:10,857 | prediction 73728/105181
2026-09-29 20:05:17,941 | prediction 77824/105181
2026-09-29 20:05:25,025 | prediction 81920/105181
2026-09-29 20:05:32,108 | prediction 86016/105181
2026-09-29 20:05:39,192 | prediction 90112/105181
2026-09-29 20:05:46,277 | prediction 94208/105181
2026-09-29 20:05:53,363 | prediction 98304/105181
2026-09-29 20:06:00,449 | prediction 102400/105181
2026-09-29 20:06:07,686 | experiments/exp03/seeds/seed42/static/as_stored/online_frozen.json | random:d4:u4:p0
2026-09-29 20:06:14,852 | prediction 4096/105181
2026-09-29 20:06:22,003 | prediction 8192/105181
2026-09-29 20:06:29,153 | prediction 12288/105181
2026-09-29 20:06:36,300 | prediction 16384/105181
2026-09-29 20:06:43,408 | prediction 20480/105181
2026-09-29 20:06:50,507 | prediction 24576/105181
2026-09-29 20:06:57,602 | prediction 28672/105181
2026-09-29 20:07:04,746 | prediction 32768/105181
2026-09-29 20:07:11,889 | prediction 36864/105181
2026-09-29 20:07:19,033 | prediction 40960/105181
2026-09-29 20:07:26,147 | prediction 45056/105181
2026-09-29 20:07:33,289 | prediction 49152/105181
2026-09-29 20:07:40,432 | prediction 53248/105181
2026-09-29 20:07:47,553 | prediction 57344/105181
2026-09-29 20:07:54,638 | prediction 61440/105181
2026-09-29 20:08:01,725 | prediction 65536/105181
2026-09-29 20:08:08,812 | prediction 69632/105181
2026-09-29 20:08:15,897 | prediction 73728/105181
2026-09-29 20:08:22,984 | prediction 77824/105181
2026-09-29 20:08:30,067 | prediction 81920/105181
2026-09-29 20:08:37,144 | prediction 86016/105181
2026-09-29 20:08:44,221 | prediction 90112/105181
2026-09-29 20:08:51,299 | prediction 94208/105181
2026-09-29 20:08:58,376 | prediction 98304/105181
2026-09-29 20:09:05,453 | prediction 102400/105181
2026-09-29 20:09:11,789 | experiments/exp03/seeds/seed42/static/as_stored/online_frozen.json | random:d4:u4:p1
2026-09-29 20:09:18,900 | prediction 4096/105181
2026-09-29 20:09:25,994 | prediction 8192/105181
2026-09-29 20:09:33,088 | prediction 12288/105181
2026-09-29 20:09:40,182 | prediction 16384/105181
2026-09-29 20:09:47,275 | prediction 20480/105181
2026-09-29 20:09:54,371 | prediction 24576/105181
2026-09-29 20:10:01,467 | prediction 28672/105181
2026-09-29 20:10:08,560 | prediction 32768/105181
2026-09-29 20:10:15,653 | prediction 36864/105181
2026-09-29 20:10:22,746 | prediction 40960/105181
2026-09-29 20:10:29,867 | prediction 45056/105181
2026-09-29 20:10:37,012 | prediction 49152/105181
2026-09-29 20:10:44,158 | prediction 53248/105181
2026-09-29 20:10:51,305 | prediction 57344/105181
2026-09-29 20:10:58,451 | prediction 61440/105181
2026-09-29 20:11:05,589 | prediction 65536/105181
2026-09-29 20:11:12,735 | prediction 69632/105181
2026-09-29 20:11:19,880 | prediction 73728/105181
2026-09-29 20:11:26,994 | prediction 77824/105181
2026-09-29 20:11:34,081 | prediction 81920/105181
2026-09-29 20:11:41,168 | prediction 86016/105181
2026-09-29 20:11:48,256 | prediction 90112/105181
2026-09-29 20:11:55,344 | prediction 94208/105181
2026-09-29 20:12:02,433 | prediction 98304/105181
2026-09-29 20:12:09,520 | prediction 102400/105181
2026-09-29 20:12:15,865 | experiments/exp03/seeds/seed42/static/as_stored/online_frozen.json | random:d4:u4:p2
2026-09-29 20:12:22,976 | prediction 4096/105181
2026-09-29 20:12:30,071 | prediction 8192/105181
2026-09-29 20:12:37,163 | prediction 12288/105181
2026-09-29 20:12:44,257 | prediction 16384/105181
2026-09-29 20:12:51,350 | prediction 20480/105181
2026-09-29 20:12:58,440 | prediction 24576/105181
2026-09-29 20:13:05,533 | prediction 28672/105181
2026-09-29 20:13:12,625 | prediction 32768/105181
2026-09-29 20:13:19,716 | prediction 36864/105181
2026-09-29 20:13:26,808 | prediction 40960/105181
2026-09-29 20:13:33,902 | prediction 45056/105181
2026-09-29 20:13:40,998 | prediction 49152/105181
2026-09-29 20:13:48,146 | prediction 53248/105181
2026-09-29 20:13:55,269 | prediction 57344/105181
2026-09-29 20:14:02,417 | prediction 61440/105181
2026-09-29 20:14:09,561 | prediction 65536/105181
2026-09-29 20:14:16,709 | prediction 69632/105181
2026-09-29 20:14:23,803 | prediction 73728/105181
2026-09-29 20:14:30,891 | prediction 77824/105181
2026-09-29 20:14:37,979 | prediction 81920/105181
2026-09-29 20:14:45,086 | prediction 86016/105181
2026-09-29 20:14:52,176 | prediction 90112/105181
2026-09-29 20:14:59,264 | prediction 94208/105181
2026-09-29 20:15:06,352 | prediction 98304/105181
2026-09-29 20:15:13,467 | prediction 102400/105181
2026-09-29 20:15:19,814 | experiments/exp03/seeds/seed42/static/as_stored/online_frozen.json | random:d8:u8:p0
2026-09-29 20:15:26,925 | prediction 4096/105181
2026-09-29 20:15:34,021 | prediction 8192/105181
2026-09-29 20:15:41,126 | prediction 12288/105181
2026-09-29 20:15:48,266 | prediction 16384/105181
2026-09-29 20:15:55,373 | prediction 20480/105181
2026-09-29 20:16:02,465 | prediction 24576/105181
2026-09-29 20:16:09,559 | prediction 28672/105181
2026-09-29 20:16:16,706 | prediction 32768/105181
2026-09-29 20:16:23,852 | prediction 36864/105181
2026-09-29 20:16:30,989 | prediction 40960/105181
2026-09-29 20:16:38,140 | prediction 45056/105181
2026-09-29 20:16:45,290 | prediction 49152/105181
2026-09-29 20:16:52,442 | prediction 53248/105181
2026-09-29 20:16:59,593 | prediction 57344/105181
2026-09-29 20:17:06,743 | prediction 61440/105181
2026-09-29 20:17:13,885 | prediction 65536/105181
2026-09-29 20:17:21,026 | prediction 69632/105181
2026-09-29 20:17:28,171 | prediction 73728/105181
2026-09-29 20:17:35,314 | prediction 77824/105181
2026-09-29 20:17:42,457 | prediction 81920/105181
2026-09-29 20:17:49,599 | prediction 86016/105181
2026-09-29 20:17:56,742 | prediction 90112/105181
2026-09-29 20:18:03,892 | prediction 94208/105181
2026-09-29 20:18:11,037 | prediction 98304/105181
2026-09-29 20:18:18,180 | prediction 102400/105181
2026-09-29 20:18:24,557 | experiments/exp03/seeds/seed42/static/as_stored/online_frozen.json | random:d8:u8:p1
2026-09-29 20:18:31,733 | prediction 4096/105181
2026-09-29 20:18:38,890 | prediction 8192/105181
2026-09-29 20:18:46,046 | prediction 12288/105181
2026-09-29 20:18:53,203 | prediction 16384/105181
2026-09-29 20:19:00,358 | prediction 20480/105181
2026-09-29 20:19:07,515 | prediction 24576/105181
2026-09-29 20:19:14,671 | prediction 28672/105181
2026-09-29 20:19:21,826 | prediction 32768/105181
2026-09-29 20:19:28,979 | prediction 36864/105181
2026-09-29 20:19:36,133 | prediction 40960/105181
2026-09-29 20:19:43,289 | prediction 45056/105181
2026-09-29 20:19:50,446 | prediction 49152/105181
2026-09-29 20:19:57,600 | prediction 53248/105181
2026-09-29 20:20:04,761 | prediction 57344/105181
2026-09-29 20:20:11,861 | prediction 61440/105181
2026-09-29 20:20:18,951 | prediction 65536/105181
2026-09-29 20:20:26,039 | prediction 69632/105181
2026-09-29 20:20:33,128 | prediction 73728/105181
2026-09-29 20:20:40,216 | prediction 77824/105181
2026-09-29 20:20:47,321 | prediction 81920/105181
2026-09-29 20:20:54,427 | prediction 86016/105181
2026-09-29 20:21:01,515 | prediction 90112/105181
2026-09-29 20:21:08,601 | prediction 94208/105181
2026-09-29 20:21:15,689 | prediction 98304/105181
2026-09-29 20:21:22,775 | prediction 102400/105181
2026-09-29 20:21:29,145 | experiments/exp03/seeds/seed42/static/as_stored/online_frozen.json | random:d8:u8:p2
2026-09-29 20:21:36,257 | prediction 4096/105181
2026-09-29 20:21:43,356 | prediction 8192/105181
2026-09-29 20:21:50,454 | prediction 12288/105181
2026-09-29 20:21:57,545 | prediction 16384/105181
2026-09-29 20:22:04,645 | prediction 20480/105181
2026-09-29 20:22:11,740 | prediction 24576/105181
2026-09-29 20:22:18,834 | prediction 28672/105181
2026-09-29 20:22:25,926 | prediction 32768/105181
2026-09-29 20:22:33,018 | prediction 36864/105181
2026-09-29 20:22:40,116 | prediction 40960/105181
2026-09-29 20:22:47,262 | prediction 45056/105181
2026-09-29 20:22:54,408 | prediction 49152/105181
2026-09-29 20:23:01,521 | prediction 53248/105181
2026-09-29 20:23:08,609 | prediction 57344/105181
2026-09-29 20:23:15,699 | prediction 61440/105181
2026-09-29 20:23:22,789 | prediction 65536/105181
2026-09-29 20:23:29,878 | prediction 69632/105181
2026-09-29 20:23:36,968 | prediction 73728/105181
2026-09-29 20:23:44,058 | prediction 77824/105181
2026-09-29 20:23:51,170 | prediction 81920/105181
2026-09-29 20:23:58,316 | prediction 86016/105181
2026-09-29 20:24:05,464 | prediction 90112/105181
2026-09-29 20:24:12,607 | prediction 94208/105181
2026-09-29 20:24:19,750 | prediction 98304/105181
2026-09-29 20:24:26,882 | prediction 102400/105181
2026-09-29 20:24:33,233 | experiments/exp03/seeds/seed42/static/as_stored/online_frozen.json | random:d16:u16:p0
2026-09-29 20:24:40,344 | prediction 4096/105181
2026-09-29 20:24:47,437 | prediction 8192/105181
2026-09-29 20:24:54,520 | prediction 12288/105181
2026-09-29 20:25:01,601 | prediction 16384/105181
2026-09-29 20:25:08,683 | prediction 20480/105181
2026-09-29 20:25:15,764 | prediction 24576/105181
2026-09-29 20:25:22,846 | prediction 28672/105181
2026-09-29 20:25:29,929 | prediction 32768/105181
2026-09-29 20:25:37,017 | prediction 36864/105181
2026-09-29 20:25:44,101 | prediction 40960/105181
2026-09-29 20:25:51,186 | prediction 45056/105181
2026-09-29 20:25:58,269 | prediction 49152/105181
2026-09-29 20:26:05,354 | prediction 53248/105181
2026-09-29 20:26:12,438 | prediction 57344/105181
2026-09-29 20:26:19,519 | prediction 61440/105181
2026-09-29 20:26:26,601 | prediction 65536/105181
2026-09-29 20:26:33,684 | prediction 69632/105181
2026-09-29 20:26:40,765 | prediction 73728/105181
2026-09-29 20:26:47,846 | prediction 77824/105181
2026-09-29 20:26:54,927 | prediction 81920/105181
2026-09-29 20:27:02,007 | prediction 86016/105181
2026-09-29 20:27:09,088 | prediction 90112/105181
2026-09-29 20:27:16,171 | prediction 94208/105181
2026-09-29 20:27:23,252 | prediction 98304/105181
2026-09-29 20:27:30,365 | prediction 102400/105181
2026-09-29 20:27:36,742 | experiments/exp03/seeds/seed42/static/as_stored/online_frozen.json | random:d16:u16:p1
2026-09-29 20:27:43,914 | prediction 4096/105181
2026-09-29 20:27:51,069 | prediction 8192/105181
2026-09-29 20:27:58,224 | prediction 12288/105181
2026-09-29 20:28:05,381 | prediction 16384/105181
2026-09-29 20:28:12,472 | prediction 20480/105181
2026-09-29 20:28:19,558 | prediction 24576/105181
2026-09-29 20:28:26,640 | prediction 28672/105181
2026-09-29 20:28:33,775 | prediction 32768/105181
2026-09-29 20:28:40,917 | prediction 36864/105181
2026-09-29 20:28:48,054 | prediction 40960/105181
2026-09-29 20:28:55,134 | prediction 45056/105181
2026-09-29 20:29:02,215 | prediction 49152/105181
2026-09-29 20:29:09,296 | prediction 53248/105181
2026-09-29 20:29:16,377 | prediction 57344/105181
2026-09-29 20:29:23,458 | prediction 61440/105181
2026-09-29 20:29:30,538 | prediction 65536/105181
2026-09-29 20:29:37,617 | prediction 69632/105181
2026-09-29 20:29:44,698 | prediction 73728/105181
2026-09-29 20:29:51,778 | prediction 77824/105181
2026-09-29 20:29:58,870 | prediction 81920/105181
2026-09-29 20:30:06,013 | prediction 86016/105181
2026-09-29 20:30:13,153 | prediction 90112/105181
2026-09-29 20:30:20,257 | prediction 94208/105181
2026-09-29 20:30:27,341 | prediction 98304/105181
2026-09-29 20:30:34,423 | prediction 102400/105181
2026-09-29 20:30:40,763 | experiments/exp03/seeds/seed42/static/as_stored/online_frozen.json | random:d16:u16:p2
2026-09-29 20:30:47,880 | prediction 4096/105181
2026-09-29 20:30:54,976 | prediction 8192/105181
2026-09-29 20:31:02,062 | prediction 12288/105181
2026-09-29 20:31:09,149 | prediction 16384/105181
2026-09-29 20:31:16,234 | prediction 20480/105181
2026-09-29 20:31:23,320 | prediction 24576/105181
2026-09-29 20:31:30,405 | prediction 28672/105181
2026-09-29 20:31:37,491 | prediction 32768/105181
2026-09-29 20:31:44,574 | prediction 36864/105181
2026-09-29 20:31:51,663 | prediction 40960/105181
2026-09-29 20:31:58,757 | prediction 45056/105181
2026-09-29 20:32:05,851 | prediction 49152/105181
2026-09-29 20:32:12,942 | prediction 53248/105181
2026-09-29 20:32:20,036 | prediction 57344/105181
2026-09-29 20:32:27,127 | prediction 61440/105181
2026-09-29 20:32:34,218 | prediction 65536/105181
2026-09-29 20:32:41,311 | prediction 69632/105181
2026-09-29 20:32:48,403 | prediction 73728/105181
2026-09-29 20:32:55,496 | prediction 77824/105181
2026-09-29 20:33:02,588 | prediction 81920/105181
2026-09-29 20:33:09,681 | prediction 86016/105181
2026-09-29 20:33:16,774 | prediction 90112/105181
2026-09-29 20:33:23,865 | prediction 94208/105181
2026-09-29 20:33:30,957 | prediction 98304/105181
2026-09-29 20:33:38,048 | prediction 102400/105181
2026-09-29 20:33:44,394 | experiments/exp03/seeds/seed42/static/as_stored/online_frozen.json | random:d32:u32:p0
2026-09-29 20:33:51,515 | prediction 4096/105181
2026-09-29 20:33:58,600 | prediction 8192/105181
2026-09-29 20:34:05,687 | prediction 12288/105181
2026-09-29 20:34:12,771 | prediction 16384/105181
2026-09-29 20:34:19,853 | prediction 20480/105181
2026-09-29 20:34:26,939 | prediction 24576/105181
2026-09-29 20:34:34,023 | prediction 28672/105181
2026-09-29 20:34:41,109 | prediction 32768/105181
2026-09-29 20:34:48,193 | prediction 36864/105181
2026-09-29 20:34:55,277 | prediction 40960/105181
2026-09-29 20:35:02,362 | prediction 45056/105181
2026-09-29 20:35:09,445 | prediction 49152/105181
2026-09-29 20:35:16,529 | prediction 53248/105181
2026-09-29 20:35:23,613 | prediction 57344/105181
2026-09-29 20:35:30,697 | prediction 61440/105181
2026-09-29 20:35:37,781 | prediction 65536/105181
2026-09-29 20:35:44,863 | prediction 69632/105181
2026-09-29 20:35:51,946 | prediction 73728/105181
2026-09-29 20:35:59,028 | prediction 77824/105181
2026-09-29 20:36:06,116 | prediction 81920/105181
2026-09-29 20:36:13,201 | prediction 86016/105181
2026-09-29 20:36:20,279 | prediction 90112/105181
2026-09-29 20:36:27,357 | prediction 94208/105181
2026-09-29 20:36:34,439 | prediction 98304/105181
2026-09-29 20:36:41,522 | prediction 102400/105181
2026-09-29 20:36:47,862 | experiments/exp03/seeds/seed42/static/as_stored/online_frozen.json | random:d32:u32:p1
2026-09-29 20:36:54,983 | prediction 4096/105181
2026-09-29 20:37:02,066 | prediction 8192/105181
2026-09-29 20:37:09,145 | prediction 12288/105181
2026-09-29 20:37:16,224 | prediction 16384/105181
2026-09-29 20:37:23,301 | prediction 20480/105181
2026-09-29 20:37:30,382 | prediction 24576/105181
2026-09-29 20:37:37,461 | prediction 28672/105181
2026-09-29 20:37:44,542 | prediction 32768/105181
2026-09-29 20:37:51,624 | prediction 36864/105181
2026-09-29 20:37:58,701 | prediction 40960/105181
2026-09-29 20:38:05,783 | prediction 45056/105181
2026-09-29 20:38:12,860 | prediction 49152/105181
2026-09-29 20:38:19,939 | prediction 53248/105181
2026-09-29 20:38:27,020 | prediction 57344/105181
2026-09-29 20:38:34,097 | prediction 61440/105181
2026-09-29 20:38:41,176 | prediction 65536/105181
2026-09-29 20:38:48,253 | prediction 69632/105181
2026-09-29 20:38:55,329 | prediction 73728/105181
2026-09-29 20:39:02,404 | prediction 77824/105181
2026-09-29 20:39:09,480 | prediction 81920/105181
2026-09-29 20:39:16,556 | prediction 86016/105181
2026-09-29 20:39:23,631 | prediction 90112/105181
2026-09-29 20:39:30,762 | prediction 94208/105181
2026-09-29 20:39:37,904 | prediction 98304/105181
2026-09-29 20:39:45,045 | prediction 102400/105181
2026-09-29 20:39:51,428 | experiments/exp03/seeds/seed42/static/as_stored/online_frozen.json | random:d32:u32:p2
2026-09-29 20:39:58,606 | prediction 4096/105181
2026-09-29 20:40:05,754 | prediction 8192/105181
2026-09-29 20:40:12,905 | prediction 12288/105181
2026-09-29 20:40:20,049 | prediction 16384/105181
2026-09-29 20:40:27,192 | prediction 20480/105181
2026-09-29 20:40:34,334 | prediction 24576/105181
2026-09-29 20:40:41,478 | prediction 28672/105181
2026-09-29 20:40:48,628 | prediction 32768/105181
2026-09-29 20:40:55,777 | prediction 36864/105181
2026-09-29 20:41:02,919 | prediction 40960/105181
2026-09-29 20:41:10,063 | prediction 45056/105181
2026-09-29 20:41:17,212 | prediction 49152/105181
2026-09-29 20:41:24,358 | prediction 53248/105181
2026-09-29 20:41:31,501 | prediction 57344/105181
2026-09-29 20:41:38,643 | prediction 61440/105181
2026-09-29 20:41:45,786 | prediction 65536/105181
2026-09-29 20:41:52,933 | prediction 69632/105181
2026-09-29 20:42:00,075 | prediction 73728/105181
2026-09-29 20:42:07,223 | prediction 77824/105181
2026-09-29 20:42:14,367 | prediction 81920/105181
2026-09-29 20:42:21,511 | prediction 86016/105181
2026-09-29 20:42:28,654 | prediction 90112/105181
2026-09-29 20:42:35,751 | prediction 94208/105181
2026-09-29 20:42:42,835 | prediction 98304/105181
2026-09-29 20:42:49,918 | prediction 102400/105181
2026-09-29 20:43:03,474 | prediction 4096/105181
2026-09-29 20:43:10,566 | prediction 8192/105181
2026-09-29 20:43:17,658 | prediction 12288/105181
2026-09-29 20:43:24,751 | prediction 16384/105181
2026-09-29 20:43:31,844 | prediction 20480/105181
2026-09-29 20:43:38,936 | prediction 24576/105181
2026-09-29 20:43:46,029 | prediction 28672/105181
2026-09-29 20:43:53,121 | prediction 32768/105181
2026-09-29 20:44:00,214 | prediction 36864/105181
2026-09-29 20:44:07,306 | prediction 40960/105181
2026-09-29 20:44:14,401 | prediction 45056/105181
2026-09-29 20:44:21,493 | prediction 49152/105181
2026-09-29 20:44:28,585 | prediction 53248/105181
2026-09-29 20:44:35,675 | prediction 57344/105181
2026-09-29 20:44:42,769 | prediction 61440/105181
2026-09-29 20:44:49,859 | prediction 65536/105181
2026-09-29 20:44:56,948 | prediction 69632/105181
2026-09-29 20:45:04,040 | prediction 73728/105181
2026-09-29 20:45:11,130 | prediction 77824/105181
2026-09-29 20:45:18,221 | prediction 81920/105181
2026-09-29 20:45:25,316 | prediction 86016/105181
2026-09-29 20:45:32,409 | prediction 90112/105181
2026-09-29 20:45:39,499 | prediction 94208/105181
2026-09-29 20:45:46,592 | prediction 98304/105181
2026-09-29 20:45:53,683 | prediction 102400/105181
2026-09-29 20:45:59,013 | experiments/exp03/seeds/seed42/static/aligned/online_frozen.json | original:dNone:uNone:pNone
2026-09-29 20:46:01,358 | experiments/exp03/seeds/seed42/static/aligned/online_frozen.json | bypass:dNone:uNone:pNone
2026-09-29 20:46:08,507 | prediction 4096/105181
2026-09-29 20:46:15,649 | prediction 8192/105181
2026-09-29 20:46:22,791 | prediction 12288/105181
2026-09-29 20:46:29,931 | prediction 16384/105181
2026-09-29 20:46:37,073 | prediction 20480/105181
2026-09-29 20:46:44,213 | prediction 24576/105181
2026-09-29 20:46:51,355 | prediction 28672/105181
2026-09-29 20:46:58,495 | prediction 32768/105181
2026-09-29 20:47:05,643 | prediction 36864/105181
2026-09-29 20:47:12,789 | prediction 40960/105181
2026-09-29 20:47:19,930 | prediction 45056/105181
2026-09-29 20:47:27,072 | prediction 49152/105181
2026-09-29 20:47:34,212 | prediction 53248/105181
2026-09-29 20:47:41,354 | prediction 57344/105181
2026-09-29 20:47:48,496 | prediction 61440/105181
2026-09-29 20:47:55,637 | prediction 65536/105181
2026-09-29 20:48:02,780 | prediction 69632/105181
2026-09-29 20:48:09,922 | prediction 73728/105181
2026-09-29 20:48:17,063 | prediction 77824/105181
2026-09-29 20:48:24,205 | prediction 81920/105181
2026-09-29 20:48:31,347 | prediction 86016/105181
2026-09-29 20:48:38,491 | prediction 90112/105181
2026-09-29 20:48:45,646 | prediction 94208/105181
2026-09-29 20:48:52,796 | prediction 98304/105181
2026-09-29 20:48:59,949 | prediction 102400/105181
2026-09-29 20:49:06,310 | experiments/exp03/seeds/seed42/static/aligned/online_frozen.json | down:d0:uNone:pNone
2026-09-29 20:49:13,467 | prediction 4096/105181
2026-09-29 20:49:20,619 | prediction 8192/105181
2026-09-29 20:49:27,773 | prediction 12288/105181
2026-09-29 20:49:34,928 | prediction 16384/105181
2026-09-29 20:49:42,082 | prediction 20480/105181
2026-09-29 20:49:49,236 | prediction 24576/105181
2026-09-29 20:49:56,379 | prediction 28672/105181
2026-09-29 20:50:03,530 | prediction 32768/105181
2026-09-29 20:50:10,683 | prediction 36864/105181
2026-09-29 20:50:17,834 | prediction 40960/105181
2026-09-29 20:50:24,991 | prediction 45056/105181
2026-09-29 20:50:32,139 | prediction 49152/105181
2026-09-29 20:50:39,283 | prediction 53248/105181
2026-09-29 20:50:46,433 | prediction 57344/105181
2026-09-29 20:50:53,576 | prediction 61440/105181
2026-09-29 20:51:00,719 | prediction 65536/105181
2026-09-29 20:51:07,861 | prediction 69632/105181
2026-09-29 20:51:15,003 | prediction 73728/105181
2026-09-29 20:51:22,148 | prediction 77824/105181
2026-09-29 20:51:29,291 | prediction 81920/105181
2026-09-29 20:51:36,434 | prediction 86016/105181
2026-09-29 20:51:43,578 | prediction 90112/105181
2026-09-29 20:51:50,721 | prediction 94208/105181
2026-09-29 20:51:57,864 | prediction 98304/105181
2026-09-29 20:52:05,011 | prediction 102400/105181
2026-09-29 20:52:11,379 | experiments/exp03/seeds/seed42/static/aligned/online_frozen.json | down:d1:uNone:pNone
2026-09-29 20:52:18,531 | prediction 4096/105181
2026-09-29 20:52:25,674 | prediction 8192/105181
2026-09-29 20:52:32,818 | prediction 12288/105181
2026-09-29 20:52:39,963 | prediction 16384/105181
2026-09-29 20:52:47,106 | prediction 20480/105181
2026-09-29 20:52:54,248 | prediction 24576/105181
2026-09-29 20:53:01,391 | prediction 28672/105181
2026-09-29 20:53:08,533 | prediction 32768/105181
2026-09-29 20:53:15,676 | prediction 36864/105181
2026-09-29 20:53:22,818 | prediction 40960/105181
2026-09-29 20:53:29,964 | prediction 45056/105181
2026-09-29 20:53:37,108 | prediction 49152/105181
2026-09-29 20:53:44,256 | prediction 53248/105181
2026-09-29 20:53:51,401 | prediction 57344/105181
2026-09-29 20:53:58,545 | prediction 61440/105181
2026-09-29 20:54:05,691 | prediction 65536/105181
2026-09-29 20:54:12,836 | prediction 69632/105181
2026-09-29 20:54:19,979 | prediction 73728/105181
2026-09-29 20:54:27,124 | prediction 77824/105181
2026-09-29 20:54:34,269 | prediction 81920/105181
2026-09-29 20:54:41,412 | prediction 86016/105181
2026-09-29 20:54:48,556 | prediction 90112/105181
2026-09-29 20:54:55,699 | prediction 94208/105181
2026-09-29 20:55:02,843 | prediction 98304/105181
2026-09-29 20:55:09,988 | prediction 102400/105181
2026-09-29 20:55:16,353 | experiments/exp03/seeds/seed42/static/aligned/online_frozen.json | down:d2:uNone:pNone
2026-09-29 20:55:23,505 | prediction 4096/105181
2026-09-29 20:55:30,651 | prediction 8192/105181
2026-09-29 20:55:37,802 | prediction 12288/105181
2026-09-29 20:55:44,955 | prediction 16384/105181
2026-09-29 20:55:52,108 | prediction 20480/105181
2026-09-29 20:55:59,260 | prediction 24576/105181
2026-09-29 20:56:06,415 | prediction 28672/105181
2026-09-29 20:56:13,567 | prediction 32768/105181
2026-09-29 20:56:20,720 | prediction 36864/105181
2026-09-29 20:56:27,869 | prediction 40960/105181
2026-09-29 20:56:35,013 | prediction 45056/105181
2026-09-29 20:56:42,157 | prediction 49152/105181
2026-09-29 20:56:49,301 | prediction 53248/105181
2026-09-29 20:56:56,446 | prediction 57344/105181
2026-09-29 20:57:03,591 | prediction 61440/105181
2026-09-29 20:57:10,734 | prediction 65536/105181
2026-09-29 20:57:17,878 | prediction 69632/105181
2026-09-29 20:57:25,022 | prediction 73728/105181
2026-09-29 20:57:32,167 | prediction 77824/105181
2026-09-29 20:57:39,310 | prediction 81920/105181
2026-09-29 20:57:46,455 | prediction 86016/105181
2026-09-29 20:57:53,602 | prediction 90112/105181
2026-09-29 20:58:00,745 | prediction 94208/105181
2026-09-29 20:58:07,895 | prediction 98304/105181
2026-09-29 20:58:15,016 | prediction 102400/105181
2026-09-29 20:58:21,344 | experiments/exp03/seeds/seed42/static/aligned/online_frozen.json | down:d4:uNone:pNone
2026-09-29 20:58:28,485 | prediction 4096/105181
2026-09-29 20:58:35,635 | prediction 8192/105181
2026-09-29 20:58:42,785 | prediction 12288/105181
2026-09-29 20:58:49,934 | prediction 16384/105181
2026-09-29 20:58:57,077 | prediction 20480/105181
2026-09-29 20:59:04,218 | prediction 24576/105181
2026-09-29 20:59:11,360 | prediction 28672/105181
2026-09-29 20:59:18,497 | prediction 32768/105181
2026-09-29 20:59:25,636 | prediction 36864/105181
2026-09-29 20:59:32,777 | prediction 40960/105181
2026-09-29 20:59:39,917 | prediction 45056/105181
2026-09-29 20:59:47,057 | prediction 49152/105181
2026-09-29 20:59:54,199 | prediction 53248/105181
2026-09-29 21:00:01,339 | prediction 57344/105181
2026-09-29 21:00:08,479 | prediction 61440/105181
2026-09-29 21:00:15,616 | prediction 65536/105181
2026-09-29 21:00:22,756 | prediction 69632/105181
2026-09-29 21:00:29,895 | prediction 73728/105181
2026-09-29 21:00:37,033 | prediction 77824/105181
2026-09-29 21:00:44,175 | prediction 81920/105181
2026-09-29 21:00:51,314 | prediction 86016/105181
2026-09-29 21:00:58,451 | prediction 90112/105181
2026-09-29 21:01:05,590 | prediction 94208/105181
2026-09-29 21:01:12,731 | prediction 98304/105181
2026-09-29 21:01:19,871 | prediction 102400/105181
2026-09-29 21:01:26,268 | experiments/exp03/seeds/seed42/static/aligned/online_frozen.json | down:d8:uNone:pNone
2026-09-29 21:01:33,420 | prediction 4096/105181
2026-09-29 21:01:40,564 | prediction 8192/105181
2026-09-29 21:01:47,710 | prediction 12288/105181
2026-09-29 21:01:54,854 | prediction 16384/105181
2026-09-29 21:02:01,998 | prediction 20480/105181
2026-09-29 21:02:09,149 | prediction 24576/105181
2026-09-29 21:02:16,293 | prediction 28672/105181
2026-09-29 21:02:23,438 | prediction 32768/105181
2026-09-29 21:02:30,580 | prediction 36864/105181
2026-09-29 21:02:37,723 | prediction 40960/105181
2026-09-29 21:02:44,867 | prediction 45056/105181
2026-09-29 21:02:52,011 | prediction 49152/105181
2026-09-29 21:02:59,154 | prediction 53248/105181
2026-09-29 21:03:06,296 | prediction 57344/105181
2026-09-29 21:03:13,441 | prediction 61440/105181
2026-09-29 21:03:20,583 | prediction 65536/105181
2026-09-29 21:03:27,725 | prediction 69632/105181
2026-09-29 21:03:34,868 | prediction 73728/105181
2026-09-29 21:03:42,011 | prediction 77824/105181
2026-09-29 21:03:49,155 | prediction 81920/105181
2026-09-29 21:03:56,299 | prediction 86016/105181
2026-09-29 21:04:03,447 | prediction 90112/105181
2026-09-29 21:04:10,590 | prediction 94208/105181
2026-09-29 21:04:17,734 | prediction 98304/105181
2026-09-29 21:04:24,878 | prediction 102400/105181
2026-09-29 21:04:31,247 | experiments/exp03/seeds/seed42/static/aligned/online_frozen.json | down:d16:uNone:pNone
2026-09-29 21:04:38,399 | prediction 4096/105181
2026-09-29 21:04:45,544 | prediction 8192/105181
2026-09-29 21:04:52,688 | prediction 12288/105181
2026-09-29 21:04:59,829 | prediction 16384/105181
2026-09-29 21:05:06,970 | prediction 20480/105181
2026-09-29 21:05:14,111 | prediction 24576/105181
2026-09-29 21:05:21,253 | prediction 28672/105181
2026-09-29 21:05:28,396 | prediction 32768/105181
2026-09-29 21:05:35,538 | prediction 36864/105181
2026-09-29 21:05:42,681 | prediction 40960/105181
2026-09-29 21:05:49,827 | prediction 45056/105181
2026-09-29 21:05:56,972 | prediction 49152/105181
2026-09-29 21:06:04,117 | prediction 53248/105181
2026-09-29 21:06:11,259 | prediction 57344/105181
2026-09-29 21:06:18,402 | prediction 61440/105181
2026-09-29 21:06:25,544 | prediction 65536/105181
2026-09-29 21:06:32,684 | prediction 69632/105181
2026-09-29 21:06:39,826 | prediction 73728/105181
2026-09-29 21:06:46,970 | prediction 77824/105181
2026-09-29 21:06:54,110 | prediction 81920/105181
2026-09-29 21:07:01,252 | prediction 86016/105181
2026-09-29 21:07:08,392 | prediction 90112/105181
2026-09-29 21:07:15,533 | prediction 94208/105181
2026-09-29 21:07:22,674 | prediction 98304/105181
2026-09-29 21:07:29,816 | prediction 102400/105181
2026-09-29 21:07:36,181 | experiments/exp03/seeds/seed42/static/aligned/online_frozen.json | down:d32:uNone:pNone
2026-09-29 21:07:43,357 | prediction 4096/105181
2026-09-29 21:07:50,502 | prediction 8192/105181
2026-09-29 21:07:57,647 | prediction 12288/105181
2026-09-29 21:08:04,797 | prediction 16384/105181
2026-09-29 21:08:11,943 | prediction 20480/105181
2026-09-29 21:08:19,088 | prediction 24576/105181
2026-09-29 21:08:26,231 | prediction 28672/105181
2026-09-29 21:08:33,375 | prediction 32768/105181
2026-09-29 21:08:40,519 | prediction 36864/105181
2026-09-29 21:08:47,662 | prediction 40960/105181
2026-09-29 21:08:54,807 | prediction 45056/105181
2026-09-29 21:09:01,953 | prediction 49152/105181
2026-09-29 21:09:09,100 | prediction 53248/105181
2026-09-29 21:09:16,241 | prediction 57344/105181
2026-09-29 21:09:23,386 | prediction 61440/105181
2026-09-29 21:09:30,529 | prediction 65536/105181
2026-09-29 21:09:37,672 | prediction 69632/105181
2026-09-29 21:09:44,816 | prediction 73728/105181
2026-09-29 21:09:51,961 | prediction 77824/105181
2026-09-29 21:09:59,106 | prediction 81920/105181
2026-09-29 21:10:06,254 | prediction 86016/105181
2026-09-29 21:10:13,398 | prediction 90112/105181
2026-09-29 21:10:20,543 | prediction 94208/105181
2026-09-29 21:10:27,686 | prediction 98304/105181
2026-09-29 21:10:34,831 | prediction 102400/105181
2026-09-29 21:10:41,205 | experiments/exp03/seeds/seed42/static/aligned/online_frozen.json | down:d48:uNone:pNone
2026-09-29 21:10:48,380 | prediction 4096/105181
2026-09-29 21:10:55,523 | prediction 8192/105181
2026-09-29 21:11:02,666 | prediction 12288/105181
2026-09-29 21:11:09,812 | prediction 16384/105181
2026-09-29 21:11:16,957 | prediction 20480/105181
2026-09-29 21:11:24,100 | prediction 24576/105181
2026-09-29 21:11:31,244 | prediction 28672/105181
2026-09-29 21:11:38,387 | prediction 32768/105181
2026-09-29 21:11:45,532 | prediction 36864/105181
2026-09-29 21:11:52,676 | prediction 40960/105181
2026-09-29 21:11:59,821 | prediction 45056/105181
2026-09-29 21:12:06,969 | prediction 49152/105181
2026-09-29 21:12:14,113 | prediction 53248/105181
2026-09-29 21:12:21,257 | prediction 57344/105181
2026-09-29 21:12:28,399 | prediction 61440/105181
2026-09-29 21:12:35,543 | prediction 65536/105181
2026-09-29 21:12:42,687 | prediction 69632/105181
2026-09-29 21:12:49,830 | prediction 73728/105181
2026-09-29 21:12:56,972 | prediction 77824/105181
2026-09-29 21:13:04,116 | prediction 81920/105181
2026-09-29 21:13:11,262 | prediction 86016/105181
2026-09-29 21:13:18,406 | prediction 90112/105181
2026-09-29 21:13:25,553 | prediction 94208/105181
2026-09-29 21:13:32,696 | prediction 98304/105181
2026-09-29 21:13:39,840 | prediction 102400/105181
2026-09-29 21:13:46,212 | experiments/exp03/seeds/seed42/static/aligned/online_frozen.json | down:d64:uNone:pNone
2026-09-29 21:13:53,385 | prediction 4096/105181
2026-09-29 21:14:00,529 | prediction 8192/105181
2026-09-29 21:14:07,676 | prediction 12288/105181
2026-09-29 21:14:14,820 | prediction 16384/105181
2026-09-29 21:14:21,963 | prediction 20480/105181
2026-09-29 21:14:29,106 | prediction 24576/105181
2026-09-29 21:14:36,248 | prediction 28672/105181
2026-09-29 21:14:43,389 | prediction 32768/105181
2026-09-29 21:14:50,529 | prediction 36864/105181
2026-09-29 21:14:57,671 | prediction 40960/105181
2026-09-29 21:15:04,813 | prediction 45056/105181
2026-09-29 21:15:11,954 | prediction 49152/105181
2026-09-29 21:15:19,097 | prediction 53248/105181
2026-09-29 21:15:26,240 | prediction 57344/105181
2026-09-29 21:15:33,383 | prediction 61440/105181
2026-09-29 21:15:40,525 | prediction 65536/105181
2026-09-29 21:15:47,646 | prediction 69632/105181
2026-09-29 21:15:54,729 | prediction 73728/105181
2026-09-29 21:16:01,812 | prediction 77824/105181
2026-09-29 21:16:08,897 | prediction 81920/105181
2026-09-29 21:16:15,980 | prediction 86016/105181
2026-09-29 21:16:23,063 | prediction 90112/105181
2026-09-29 21:16:30,145 | prediction 94208/105181
2026-09-29 21:16:37,230 | prediction 98304/105181
2026-09-29 21:16:44,313 | prediction 102400/105181
2026-09-29 21:16:50,667 | experiments/exp03/seeds/seed42/static/aligned/online_frozen.json | down:d76:uNone:pNone
2026-09-29 21:16:57,791 | prediction 4096/105181
2026-09-29 21:17:04,879 | prediction 8192/105181
2026-09-29 21:17:11,966 | prediction 12288/105181
2026-09-29 21:17:19,051 | prediction 16384/105181
2026-09-29 21:17:26,136 | prediction 20480/105181
2026-09-29 21:17:33,221 | prediction 24576/105181
2026-09-29 21:17:40,305 | prediction 28672/105181
2026-09-29 21:17:47,389 | prediction 32768/105181
2026-09-29 21:17:54,473 | prediction 36864/105181
2026-09-29 21:18:01,555 | prediction 40960/105181
2026-09-29 21:18:08,646 | prediction 45056/105181
2026-09-29 21:18:15,732 | prediction 49152/105181
2026-09-29 21:18:22,817 | prediction 53248/105181
2026-09-29 21:18:29,903 | prediction 57344/105181
2026-09-29 21:18:36,990 | prediction 61440/105181
2026-09-29 21:18:44,077 | prediction 65536/105181
2026-09-29 21:18:51,165 | prediction 69632/105181
2026-09-29 21:18:58,251 | prediction 73728/105181
2026-09-29 21:19:05,338 | prediction 77824/105181
2026-09-29 21:19:12,425 | prediction 81920/105181
2026-09-29 21:19:19,512 | prediction 86016/105181
2026-09-29 21:19:26,596 | prediction 90112/105181
2026-09-29 21:19:33,682 | prediction 94208/105181
2026-09-29 21:19:40,766 | prediction 98304/105181
2026-09-29 21:19:47,851 | prediction 102400/105181
2026-09-29 21:19:55,045 | experiments/exp03/seeds/seed42/static/aligned/online_frozen.json | up:dNone:u0:pNone
2026-09-29 21:20:02,142 | prediction 4096/105181
2026-09-29 21:20:09,233 | prediction 8192/105181
2026-09-29 21:20:16,322 | prediction 12288/105181
2026-09-29 21:20:23,409 | prediction 16384/105181
2026-09-29 21:20:30,496 | prediction 20480/105181
2026-09-29 21:20:37,584 | prediction 24576/105181
2026-09-29 21:20:44,676 | prediction 28672/105181
2026-09-29 21:20:51,765 | prediction 32768/105181
2026-09-29 21:20:58,859 | prediction 36864/105181
2026-09-29 21:21:05,954 | prediction 40960/105181
2026-09-29 21:21:13,050 | prediction 45056/105181
2026-09-29 21:21:20,145 | prediction 49152/105181
2026-09-29 21:21:27,240 | prediction 53248/105181
2026-09-29 21:21:34,334 | prediction 57344/105181
2026-09-29 21:21:41,427 | prediction 61440/105181
2026-09-29 21:21:48,518 | prediction 65536/105181
2026-09-29 21:21:55,608 | prediction 69632/105181
2026-09-29 21:22:02,747 | prediction 73728/105181
2026-09-29 21:22:09,891 | prediction 77824/105181
2026-09-29 21:22:17,030 | prediction 81920/105181
2026-09-29 21:22:24,169 | prediction 86016/105181
2026-09-29 21:22:31,308 | prediction 90112/105181
2026-09-29 21:22:38,446 | prediction 94208/105181
2026-09-29 21:22:45,587 | prediction 98304/105181
2026-09-29 21:22:52,726 | prediction 102400/105181
2026-09-29 21:22:59,092 | experiments/exp03/seeds/seed42/static/aligned/online_frozen.json | up:dNone:u1:pNone
2026-09-29 21:23:06,239 | prediction 4096/105181
2026-09-29 21:23:13,381 | prediction 8192/105181
2026-09-29 21:23:20,523 | prediction 12288/105181
2026-09-29 21:23:27,667 | prediction 16384/105181
2026-09-29 21:23:34,809 | prediction 20480/105181
2026-09-29 21:23:41,951 | prediction 24576/105181
2026-09-29 21:23:49,096 | prediction 28672/105181
2026-09-29 21:23:56,239 | prediction 32768/105181
2026-09-29 21:24:03,381 | prediction 36864/105181
2026-09-29 21:24:10,527 | prediction 40960/105181
2026-09-29 21:24:17,668 | prediction 45056/105181
2026-09-29 21:24:24,809 | prediction 49152/105181
2026-09-29 21:24:31,951 | prediction 53248/105181
2026-09-29 21:24:39,093 | prediction 57344/105181
2026-09-29 21:24:46,236 | prediction 61440/105181
2026-09-29 21:24:53,377 | prediction 65536/105181
2026-09-29 21:25:00,517 | prediction 69632/105181
2026-09-29 21:25:07,658 | prediction 73728/105181
2026-09-29 21:25:14,798 | prediction 77824/105181
2026-09-29 21:25:21,938 | prediction 81920/105181
2026-09-29 21:25:29,080 | prediction 86016/105181
2026-09-29 21:25:36,221 | prediction 90112/105181
2026-09-29 21:25:43,363 | prediction 94208/105181
2026-09-29 21:25:50,507 | prediction 98304/105181
2026-09-29 21:25:57,648 | prediction 102400/105181
2026-09-29 21:26:04,019 | experiments/exp03/seeds/seed42/static/aligned/online_frozen.json | up:dNone:u2:pNone
2026-09-29 21:26:11,170 | prediction 4096/105181
2026-09-29 21:26:18,312 | prediction 8192/105181
2026-09-29 21:26:25,457 | prediction 12288/105181
2026-09-29 21:26:32,601 | prediction 16384/105181
2026-09-29 21:26:39,743 | prediction 20480/105181
2026-09-29 21:26:46,884 | prediction 24576/105181
2026-09-29 21:26:54,027 | prediction 28672/105181
2026-09-29 21:27:01,170 | prediction 32768/105181
2026-09-29 21:27:08,318 | prediction 36864/105181
2026-09-29 21:27:15,464 | prediction 40960/105181
2026-09-29 21:27:22,606 | prediction 45056/105181
2026-09-29 21:27:29,747 | prediction 49152/105181
2026-09-29 21:27:36,888 | prediction 53248/105181
2026-09-29 21:27:44,031 | prediction 57344/105181
2026-09-29 21:27:51,172 | prediction 61440/105181
2026-09-29 21:27:58,317 | prediction 65536/105181
2026-09-29 21:28:05,461 | prediction 69632/105181
2026-09-29 21:28:12,605 | prediction 73728/105181
2026-09-29 21:28:19,748 | prediction 77824/105181
2026-09-29 21:28:26,890 | prediction 81920/105181
2026-09-29 21:28:34,033 | prediction 86016/105181
2026-09-29 21:28:41,175 | prediction 90112/105181
2026-09-29 21:28:48,319 | prediction 94208/105181
2026-09-29 21:28:55,461 | prediction 98304/105181
2026-09-29 21:29:02,603 | prediction 102400/105181
2026-09-29 21:29:08,970 | experiments/exp03/seeds/seed42/static/aligned/online_frozen.json | up:dNone:u4:pNone
2026-09-29 21:29:16,122 | prediction 4096/105181
2026-09-29 21:29:23,264 | prediction 8192/105181
2026-09-29 21:29:30,408 | prediction 12288/105181
2026-09-29 21:29:37,551 | prediction 16384/105181
2026-09-29 21:29:44,696 | prediction 20480/105181
2026-09-29 21:29:51,839 | prediction 24576/105181
2026-09-29 21:29:58,983 | prediction 28672/105181
2026-09-29 21:30:06,133 | prediction 32768/105181
2026-09-29 21:30:13,276 | prediction 36864/105181
2026-09-29 21:30:20,419 | prediction 40960/105181
2026-09-29 21:30:27,565 | prediction 45056/105181
2026-09-29 21:30:34,708 | prediction 49152/105181
2026-09-29 21:30:41,851 | prediction 53248/105181
2026-09-29 21:30:48,993 | prediction 57344/105181
2026-09-29 21:30:56,134 | prediction 61440/105181
2026-09-29 21:31:03,276 | prediction 65536/105181
2026-09-29 21:31:10,419 | prediction 69632/105181
2026-09-29 21:31:17,561 | prediction 73728/105181
2026-09-29 21:31:24,704 | prediction 77824/105181
2026-09-29 21:31:31,845 | prediction 81920/105181
2026-09-29 21:31:38,985 | prediction 86016/105181
2026-09-29 21:31:46,127 | prediction 90112/105181
2026-09-29 21:31:53,270 | prediction 94208/105181
2026-09-29 21:32:00,412 | prediction 98304/105181
2026-09-29 21:32:07,555 | prediction 102400/105181
2026-09-29 21:32:13,925 | experiments/exp03/seeds/seed42/static/aligned/online_frozen.json | up:dNone:u8:pNone
2026-09-29 21:32:21,076 | prediction 4096/105181
2026-09-29 21:32:28,220 | prediction 8192/105181
2026-09-29 21:32:35,365 | prediction 12288/105181
2026-09-29 21:32:42,506 | prediction 16384/105181
2026-09-29 21:32:49,650 | prediction 20480/105181
2026-09-29 21:32:56,792 | prediction 24576/105181
2026-09-29 21:33:03,935 | prediction 28672/105181
2026-09-29 21:33:11,082 | prediction 32768/105181
2026-09-29 21:33:18,225 | prediction 36864/105181
2026-09-29 21:33:25,369 | prediction 40960/105181
2026-09-29 21:33:32,482 | prediction 45056/105181
2026-09-29 21:33:39,564 | prediction 49152/105181
2026-09-29 21:33:46,647 | prediction 53248/105181
2026-09-29 21:33:53,728 | prediction 57344/105181
2026-09-29 21:34:00,810 | prediction 61440/105181
2026-09-29 21:34:07,893 | prediction 65536/105181
2026-09-29 21:34:14,978 | prediction 69632/105181
2026-09-29 21:34:22,063 | prediction 73728/105181
2026-09-29 21:34:29,150 | prediction 77824/105181
2026-09-29 21:34:36,236 | prediction 81920/105181
2026-09-29 21:34:43,322 | prediction 86016/105181
2026-09-29 21:34:50,409 | prediction 90112/105181
2026-09-29 21:34:57,494 | prediction 94208/105181
2026-09-29 21:35:04,581 | prediction 98304/105181
2026-09-29 21:35:11,667 | prediction 102400/105181
2026-09-29 21:35:18,028 | experiments/exp03/seeds/seed42/static/aligned/online_frozen.json | up:dNone:u16:pNone
2026-09-29 21:35:25,125 | prediction 4096/105181
2026-09-29 21:35:32,214 | prediction 8192/105181
2026-09-29 21:35:39,303 | prediction 12288/105181
2026-09-29 21:35:46,392 | prediction 16384/105181
2026-09-29 21:35:53,479 | prediction 20480/105181
2026-09-29 21:36:00,566 | prediction 24576/105181
2026-09-29 21:36:07,656 | prediction 28672/105181
2026-09-29 21:36:14,744 | prediction 32768/105181
2026-09-29 21:36:21,832 | prediction 36864/105181
2026-09-29 21:36:28,919 | prediction 40960/105181
2026-09-29 21:36:36,006 | prediction 45056/105181
2026-09-29 21:36:43,094 | prediction 49152/105181
2026-09-29 21:36:50,183 | prediction 53248/105181
2026-09-29 21:36:57,270 | prediction 57344/105181
2026-09-29 21:37:04,358 | prediction 61440/105181
2026-09-29 21:37:11,444 | prediction 65536/105181
2026-09-29 21:37:18,532 | prediction 69632/105181
2026-09-29 21:37:25,622 | prediction 73728/105181
2026-09-29 21:37:32,709 | prediction 77824/105181
2026-09-29 21:37:39,796 | prediction 81920/105181
2026-09-29 21:37:46,882 | prediction 86016/105181
2026-09-29 21:37:53,969 | prediction 90112/105181
2026-09-29 21:38:01,054 | prediction 94208/105181
2026-09-29 21:38:08,144 | prediction 98304/105181
2026-09-29 21:38:15,229 | prediction 102400/105181
2026-09-29 21:38:21,568 | experiments/exp03/seeds/seed42/static/aligned/online_frozen.json | up:dNone:u32:pNone
2026-09-29 21:38:28,690 | prediction 4096/105181
2026-09-29 21:38:35,781 | prediction 8192/105181
2026-09-29 21:38:42,871 | prediction 12288/105181
2026-09-29 21:38:49,963 | prediction 16384/105181
2026-09-29 21:38:57,055 | prediction 20480/105181
2026-09-29 21:39:04,144 | prediction 24576/105181
2026-09-29 21:39:11,233 | prediction 28672/105181
2026-09-29 21:39:18,320 | prediction 32768/105181
2026-09-29 21:39:25,408 | prediction 36864/105181
2026-09-29 21:39:32,498 | prediction 40960/105181
2026-09-29 21:39:39,587 | prediction 45056/105181
2026-09-29 21:39:46,676 | prediction 49152/105181
2026-09-29 21:39:53,767 | prediction 53248/105181
2026-09-29 21:40:00,858 | prediction 57344/105181
2026-09-29 21:40:07,953 | prediction 61440/105181
2026-09-29 21:40:15,044 | prediction 65536/105181
2026-09-29 21:40:22,136 | prediction 69632/105181
2026-09-29 21:40:29,227 | prediction 73728/105181
2026-09-29 21:40:36,320 | prediction 77824/105181
2026-09-29 21:40:43,436 | prediction 81920/105181
2026-09-29 21:40:50,581 | prediction 86016/105181
2026-09-29 21:40:57,676 | prediction 90112/105181
2026-09-29 21:41:04,751 | prediction 94208/105181
2026-09-29 21:41:11,825 | prediction 98304/105181
2026-09-29 21:41:18,899 | prediction 102400/105181
2026-09-29 21:41:25,229 | experiments/exp03/seeds/seed42/static/aligned/online_frozen.json | up:dNone:u48:pNone
2026-09-29 21:41:32,342 | prediction 4096/105181
2026-09-29 21:41:39,424 | prediction 8192/105181
2026-09-29 21:41:46,503 | prediction 12288/105181
2026-09-29 21:41:53,583 | prediction 16384/105181
2026-09-29 21:42:00,661 | prediction 20480/105181
2026-09-29 21:42:07,743 | prediction 24576/105181
2026-09-29 21:42:14,825 | prediction 28672/105181
2026-09-29 21:42:21,904 | prediction 32768/105181
2026-09-29 21:42:28,988 | prediction 36864/105181
2026-09-29 21:42:36,072 | prediction 40960/105181
2026-09-29 21:42:43,189 | prediction 45056/105181
2026-09-29 21:42:50,330 | prediction 49152/105181
2026-09-29 21:42:57,471 | prediction 53248/105181
2026-09-29 21:43:04,610 | prediction 57344/105181
2026-09-29 21:43:11,751 | prediction 61440/105181
2026-09-29 21:43:18,891 | prediction 65536/105181
2026-09-29 21:43:26,033 | prediction 69632/105181
2026-09-29 21:43:33,174 | prediction 73728/105181
2026-09-29 21:43:40,314 | prediction 77824/105181
2026-09-29 21:43:47,454 | prediction 81920/105181
2026-09-29 21:43:54,598 | prediction 86016/105181
2026-09-29 21:44:01,741 | prediction 90112/105181
2026-09-29 21:44:08,886 | prediction 94208/105181
2026-09-29 21:44:16,027 | prediction 98304/105181
2026-09-29 21:44:23,173 | prediction 102400/105181
2026-09-29 21:44:29,551 | experiments/exp03/seeds/seed42/static/aligned/online_frozen.json | up:dNone:u64:pNone
2026-09-29 21:44:36,734 | prediction 4096/105181
2026-09-29 21:44:43,884 | prediction 8192/105181
2026-09-29 21:44:51,035 | prediction 12288/105181
2026-09-29 21:44:58,185 | prediction 16384/105181
2026-09-29 21:45:05,336 | prediction 20480/105181
2026-09-29 21:45:12,488 | prediction 24576/105181
2026-09-29 21:45:19,638 | prediction 28672/105181
2026-09-29 21:45:26,786 | prediction 32768/105181
2026-09-29 21:45:33,935 | prediction 36864/105181
2026-09-29 21:45:41,086 | prediction 40960/105181
2026-09-29 21:45:48,233 | prediction 45056/105181
2026-09-29 21:45:55,381 | prediction 49152/105181
2026-09-29 21:46:02,530 | prediction 53248/105181
2026-09-29 21:46:09,679 | prediction 57344/105181
2026-09-29 21:46:16,825 | prediction 61440/105181
2026-09-29 21:46:23,972 | prediction 65536/105181
2026-09-29 21:46:31,118 | prediction 69632/105181
2026-09-29 21:46:38,267 | prediction 73728/105181
2026-09-29 21:46:45,413 | prediction 77824/105181
2026-09-29 21:46:52,560 | prediction 81920/105181
2026-09-29 21:46:59,706 | prediction 86016/105181
2026-09-29 21:47:06,853 | prediction 90112/105181
2026-09-29 21:47:14,000 | prediction 94208/105181
2026-09-29 21:47:21,145 | prediction 98304/105181
2026-09-29 21:47:28,291 | prediction 102400/105181
2026-09-29 21:47:34,665 | experiments/exp03/seeds/seed42/static/aligned/online_frozen.json | up:dNone:u76:pNone
2026-09-29 21:47:41,848 | prediction 4096/105181
2026-09-29 21:47:49,001 | prediction 8192/105181
2026-09-29 21:47:56,150 | prediction 12288/105181
2026-09-29 21:48:03,299 | prediction 16384/105181
2026-09-29 21:48:10,448 | prediction 20480/105181
2026-09-29 21:48:17,597 | prediction 24576/105181
2026-09-29 21:48:24,746 | prediction 28672/105181
2026-09-29 21:48:31,891 | prediction 32768/105181
2026-09-29 21:48:39,035 | prediction 36864/105181
2026-09-29 21:48:46,190 | prediction 40960/105181
2026-09-29 21:48:53,343 | prediction 45056/105181
2026-09-29 21:49:00,496 | prediction 49152/105181
2026-09-29 21:49:07,649 | prediction 53248/105181
2026-09-29 21:49:14,802 | prediction 57344/105181
2026-09-29 21:49:21,951 | prediction 61440/105181
2026-09-29 21:49:29,106 | prediction 65536/105181
2026-09-29 21:49:36,252 | prediction 69632/105181
2026-09-29 21:49:43,399 | prediction 73728/105181
2026-09-29 21:49:50,546 | prediction 77824/105181
2026-09-29 21:49:57,692 | prediction 81920/105181
2026-09-29 21:50:04,841 | prediction 86016/105181
2026-09-29 21:50:11,993 | prediction 90112/105181
2026-09-29 21:50:19,141 | prediction 94208/105181
2026-09-29 21:50:26,257 | prediction 98304/105181
2026-09-29 21:50:33,341 | prediction 102400/105181
2026-09-29 21:50:40,547 | experiments/exp03/seeds/seed42/static/aligned/online_frozen.json | both:d0:u0:pNone
2026-09-29 21:50:47,697 | prediction 4096/105181
2026-09-29 21:50:54,839 | prediction 8192/105181
2026-09-29 21:51:01,983 | prediction 12288/105181
2026-09-29 21:51:09,124 | prediction 16384/105181
2026-09-29 21:51:16,266 | prediction 20480/105181
2026-09-29 21:51:23,409 | prediction 24576/105181
2026-09-29 21:51:30,550 | prediction 28672/105181
2026-09-29 21:51:37,691 | prediction 32768/105181
2026-09-29 21:51:44,834 | prediction 36864/105181
2026-09-29 21:51:51,978 | prediction 40960/105181
2026-09-29 21:51:59,123 | prediction 45056/105181
2026-09-29 21:52:06,270 | prediction 49152/105181
2026-09-29 21:52:13,420 | prediction 53248/105181
2026-09-29 21:52:20,564 | prediction 57344/105181
2026-09-29 21:52:27,709 | prediction 61440/105181
2026-09-29 21:52:34,854 | prediction 65536/105181
2026-09-29 21:52:42,000 | prediction 69632/105181
2026-09-29 21:52:49,147 | prediction 73728/105181
2026-09-29 21:52:56,293 | prediction 77824/105181
2026-09-29 21:53:03,440 | prediction 81920/105181
2026-09-29 21:53:10,585 | prediction 86016/105181
2026-09-29 21:53:17,729 | prediction 90112/105181
2026-09-29 21:53:24,873 | prediction 94208/105181
2026-09-29 21:53:32,018 | prediction 98304/105181
2026-09-29 21:53:39,162 | prediction 102400/105181
2026-09-29 21:53:45,564 | experiments/exp03/seeds/seed42/static/aligned/online_frozen.json | both:d1:u1:pNone
2026-09-29 21:53:52,718 | prediction 4096/105181
2026-09-29 21:53:59,865 | prediction 8192/105181
2026-09-29 21:54:07,016 | prediction 12288/105181
2026-09-29 21:54:14,164 | prediction 16384/105181
2026-09-29 21:54:21,309 | prediction 20480/105181
2026-09-29 21:54:28,457 | prediction 24576/105181
2026-09-29 21:54:35,604 | prediction 28672/105181
2026-09-29 21:54:42,752 | prediction 32768/105181
2026-09-29 21:54:49,900 | prediction 36864/105181
2026-09-29 21:54:57,046 | prediction 40960/105181
2026-09-29 21:55:04,193 | prediction 45056/105181
2026-09-29 21:55:11,340 | prediction 49152/105181
2026-09-29 21:55:18,485 | prediction 53248/105181
2026-09-29 21:55:25,636 | prediction 57344/105181
2026-09-29 21:55:32,781 | prediction 61440/105181
2026-09-29 21:55:39,926 | prediction 65536/105181
2026-09-29 21:55:47,072 | prediction 69632/105181
2026-09-29 21:55:54,217 | prediction 73728/105181
2026-09-29 21:56:01,363 | prediction 77824/105181
2026-09-29 21:56:08,514 | prediction 81920/105181
2026-09-29 21:56:15,660 | prediction 86016/105181
2026-09-29 21:56:22,807 | prediction 90112/105181
2026-09-29 21:56:29,951 | prediction 94208/105181
2026-09-29 21:56:37,096 | prediction 98304/105181
2026-09-29 21:56:44,243 | prediction 102400/105181
2026-09-29 21:56:50,618 | experiments/exp03/seeds/seed42/static/aligned/online_frozen.json | both:d2:u2:pNone
2026-09-29 21:56:57,772 | prediction 4096/105181
2026-09-29 21:57:04,919 | prediction 8192/105181
2026-09-29 21:57:12,066 | prediction 12288/105181
2026-09-29 21:57:19,212 | prediction 16384/105181
2026-09-29 21:57:26,360 | prediction 20480/105181
2026-09-29 21:57:33,506 | prediction 24576/105181
2026-09-29 21:57:40,655 | prediction 28672/105181
2026-09-29 21:57:47,801 | prediction 32768/105181
2026-09-29 21:57:54,946 | prediction 36864/105181
2026-09-29 21:58:02,095 | prediction 40960/105181
2026-09-29 21:58:09,248 | prediction 45056/105181
2026-09-29 21:58:16,394 | prediction 49152/105181
2026-09-29 21:58:23,539 | prediction 53248/105181
2026-09-29 21:58:30,686 | prediction 57344/105181
2026-09-29 21:58:37,833 | prediction 61440/105181
2026-09-29 21:58:44,979 | prediction 65536/105181
2026-09-29 21:58:52,126 | prediction 69632/105181
2026-09-29 21:58:59,274 | prediction 73728/105181
2026-09-29 21:59:06,421 | prediction 77824/105181
2026-09-29 21:59:13,570 | prediction 81920/105181
2026-09-29 21:59:20,718 | prediction 86016/105181
2026-09-29 21:59:27,870 | prediction 90112/105181
2026-09-29 21:59:35,016 | prediction 94208/105181
2026-09-29 21:59:42,163 | prediction 98304/105181
2026-09-29 21:59:49,311 | prediction 102400/105181
2026-09-29 21:59:55,688 | experiments/exp03/seeds/seed42/static/aligned/online_frozen.json | both:d4:u4:pNone
2026-09-29 22:00:02,845 | prediction 4096/105181
2026-09-29 22:00:09,997 | prediction 8192/105181
2026-09-29 22:00:17,144 | prediction 12288/105181
2026-09-29 22:00:24,289 | prediction 16384/105181
2026-09-29 22:00:31,432 | prediction 20480/105181
2026-09-29 22:00:38,581 | prediction 24576/105181
2026-09-29 22:00:45,727 | prediction 28672/105181
2026-09-29 22:00:52,870 | prediction 32768/105181
2026-09-29 22:01:00,014 | prediction 36864/105181
2026-09-29 22:01:07,158 | prediction 40960/105181
2026-09-29 22:01:14,303 | prediction 45056/105181
2026-09-29 22:01:21,448 | prediction 49152/105181
2026-09-29 22:01:28,592 | prediction 53248/105181
2026-09-29 22:01:35,735 | prediction 57344/105181
2026-09-29 22:01:42,881 | prediction 61440/105181
2026-09-29 22:01:50,026 | prediction 65536/105181
2026-09-29 22:01:57,172 | prediction 69632/105181
2026-09-29 22:02:04,320 | prediction 73728/105181
2026-09-29 22:02:11,471 | prediction 77824/105181
2026-09-29 22:02:18,619 | prediction 81920/105181
2026-09-29 22:02:25,766 | prediction 86016/105181
2026-09-29 22:02:32,911 | prediction 90112/105181
2026-09-29 22:02:40,056 | prediction 94208/105181
2026-09-29 22:02:47,201 | prediction 98304/105181
2026-09-29 22:02:54,345 | prediction 102400/105181
2026-09-29 22:03:00,723 | experiments/exp03/seeds/seed42/static/aligned/online_frozen.json | both:d8:u8:pNone
2026-09-29 22:03:07,876 | prediction 4096/105181
2026-09-29 22:03:15,021 | prediction 8192/105181
2026-09-29 22:03:22,169 | prediction 12288/105181
2026-09-29 22:03:29,318 | prediction 16384/105181
2026-09-29 22:03:36,463 | prediction 20480/105181
2026-09-29 22:03:43,610 | prediction 24576/105181
2026-09-29 22:03:50,755 | prediction 28672/105181
2026-09-29 22:03:57,900 | prediction 32768/105181
2026-09-29 22:04:05,048 | prediction 36864/105181
2026-09-29 22:04:12,195 | prediction 40960/105181
2026-09-29 22:04:19,341 | prediction 45056/105181
2026-09-29 22:04:26,486 | prediction 49152/105181
2026-09-29 22:04:33,629 | prediction 53248/105181
2026-09-29 22:04:40,775 | prediction 57344/105181
2026-09-29 22:04:47,922 | prediction 61440/105181
2026-09-29 22:04:55,068 | prediction 65536/105181
2026-09-29 22:05:02,214 | prediction 69632/105181
2026-09-29 22:05:09,360 | prediction 73728/105181
2026-09-29 22:05:16,503 | prediction 77824/105181
2026-09-29 22:05:23,649 | prediction 81920/105181
2026-09-29 22:05:30,795 | prediction 86016/105181
2026-09-29 22:05:37,938 | prediction 90112/105181
2026-09-29 22:05:45,084 | prediction 94208/105181
2026-09-29 22:05:52,231 | prediction 98304/105181
2026-09-29 22:05:59,377 | prediction 102400/105181
2026-09-29 22:06:05,761 | experiments/exp03/seeds/seed42/static/aligned/online_frozen.json | both:d16:u16:pNone
2026-09-29 22:06:12,917 | prediction 4096/105181
2026-09-29 22:06:20,063 | prediction 8192/105181
2026-09-29 22:06:27,209 | prediction 12288/105181
2026-09-29 22:06:34,358 | prediction 16384/105181
2026-09-29 22:06:41,506 | prediction 20480/105181
2026-09-29 22:06:48,651 | prediction 24576/105181
2026-09-29 22:06:55,803 | prediction 28672/105181
2026-09-29 22:07:02,956 | prediction 32768/105181
2026-09-29 22:07:10,108 | prediction 36864/105181
2026-09-29 22:07:17,260 | prediction 40960/105181
2026-09-29 22:07:24,406 | prediction 45056/105181
2026-09-29 22:07:31,553 | prediction 49152/105181
2026-09-29 22:07:38,699 | prediction 53248/105181
2026-09-29 22:07:45,842 | prediction 57344/105181
2026-09-29 22:07:52,987 | prediction 61440/105181
2026-09-29 22:08:00,131 | prediction 65536/105181
2026-09-29 22:08:07,275 | prediction 69632/105181
2026-09-29 22:08:14,420 | prediction 73728/105181
2026-09-29 22:08:21,563 | prediction 77824/105181
2026-09-29 22:08:28,705 | prediction 81920/105181
2026-09-29 22:08:35,848 | prediction 86016/105181
2026-09-29 22:08:42,992 | prediction 90112/105181
2026-09-29 22:08:50,134 | prediction 94208/105181
2026-09-29 22:08:57,277 | prediction 98304/105181
2026-09-29 22:09:04,419 | prediction 102400/105181
2026-09-29 22:09:10,820 | experiments/exp03/seeds/seed42/static/aligned/online_frozen.json | both:d32:u32:pNone
2026-09-29 22:09:18,002 | prediction 4096/105181
2026-09-29 22:09:25,151 | prediction 8192/105181
2026-09-29 22:09:32,297 | prediction 12288/105181
2026-09-29 22:09:39,442 | prediction 16384/105181
2026-09-29 22:09:46,588 | prediction 20480/105181
2026-09-29 22:09:53,735 | prediction 24576/105181
2026-09-29 22:10:00,881 | prediction 28672/105181
2026-09-29 22:10:08,029 | prediction 32768/105181
2026-09-29 22:10:15,174 | prediction 36864/105181
2026-09-29 22:10:22,318 | prediction 40960/105181
2026-09-29 22:10:29,464 | prediction 45056/105181
2026-09-29 22:10:36,609 | prediction 49152/105181
2026-09-29 22:10:43,756 | prediction 53248/105181
2026-09-29 22:10:50,901 | prediction 57344/105181
2026-09-29 22:10:58,048 | prediction 61440/105181
2026-09-29 22:11:05,192 | prediction 65536/105181
2026-09-29 22:11:12,338 | prediction 69632/105181
2026-09-29 22:11:19,483 | prediction 73728/105181
2026-09-29 22:11:26,631 | prediction 77824/105181
2026-09-29 22:11:33,778 | prediction 81920/105181
2026-09-29 22:11:40,923 | prediction 86016/105181
2026-09-29 22:11:48,069 | prediction 90112/105181
2026-09-29 22:11:55,215 | prediction 94208/105181
2026-09-29 22:12:02,363 | prediction 98304/105181
2026-09-29 22:12:09,516 | prediction 102400/105181
2026-09-29 22:12:15,895 | experiments/exp03/seeds/seed42/static/aligned/online_frozen.json | both:d48:u48:pNone
2026-09-29 22:12:23,072 | prediction 4096/105181
2026-09-29 22:12:30,216 | prediction 8192/105181
2026-09-29 22:12:37,359 | prediction 12288/105181
2026-09-29 22:12:44,503 | prediction 16384/105181
2026-09-29 22:12:51,648 | prediction 20480/105181
2026-09-29 22:12:58,791 | prediction 24576/105181
2026-09-29 22:13:05,935 | prediction 28672/105181
2026-09-29 22:13:13,087 | prediction 32768/105181
2026-09-29 22:13:20,239 | prediction 36864/105181
2026-09-29 22:13:27,389 | prediction 40960/105181
2026-09-29 22:13:34,542 | prediction 45056/105181
2026-09-29 22:13:41,693 | prediction 49152/105181
2026-09-29 22:13:48,847 | prediction 53248/105181
2026-09-29 22:13:56,001 | prediction 57344/105181
2026-09-29 22:14:03,155 | prediction 61440/105181
2026-09-29 22:14:10,312 | prediction 65536/105181
2026-09-29 22:14:17,464 | prediction 69632/105181
2026-09-29 22:14:24,616 | prediction 73728/105181
2026-09-29 22:14:31,768 | prediction 77824/105181
2026-09-29 22:14:38,920 | prediction 81920/105181
2026-09-29 22:14:46,072 | prediction 86016/105181
2026-09-29 22:14:53,223 | prediction 90112/105181
2026-09-29 22:15:00,376 | prediction 94208/105181
2026-09-29 22:15:07,524 | prediction 98304/105181
2026-09-29 22:15:14,666 | prediction 102400/105181
2026-09-29 22:15:21,045 | experiments/exp03/seeds/seed42/static/aligned/online_frozen.json | both:d64:u64:pNone
2026-09-29 22:15:28,223 | prediction 4096/105181
2026-09-29 22:15:35,369 | prediction 8192/105181
2026-09-29 22:15:42,512 | prediction 12288/105181
2026-09-29 22:15:49,657 | prediction 16384/105181
2026-09-29 22:15:56,801 | prediction 20480/105181
2026-09-29 22:16:03,947 | prediction 24576/105181
2026-09-29 22:16:11,094 | prediction 28672/105181
2026-09-29 22:16:18,238 | prediction 32768/105181
2026-09-29 22:16:25,384 | prediction 36864/105181
2026-09-29 22:16:32,530 | prediction 40960/105181
2026-09-29 22:16:39,677 | prediction 45056/105181
2026-09-29 22:16:46,824 | prediction 49152/105181
2026-09-29 22:16:53,970 | prediction 53248/105181
2026-09-29 22:17:01,114 | prediction 57344/105181
2026-09-29 22:17:08,260 | prediction 61440/105181
2026-09-29 22:17:15,406 | prediction 65536/105181
2026-09-29 22:17:22,552 | prediction 69632/105181
2026-09-29 22:17:29,694 | prediction 73728/105181
2026-09-29 22:17:36,843 | prediction 77824/105181
2026-09-29 22:17:43,988 | prediction 81920/105181
2026-09-29 22:17:51,132 | prediction 86016/105181
2026-09-29 22:17:58,277 | prediction 90112/105181
2026-09-29 22:18:05,413 | prediction 94208/105181
2026-09-29 22:18:12,496 | prediction 98304/105181
2026-09-29 22:18:19,578 | prediction 102400/105181
2026-09-29 22:18:25,915 | experiments/exp03/seeds/seed42/static/aligned/online_frozen.json | both:d76:u76:pNone
2026-09-29 22:18:33,037 | prediction 4096/105181
2026-09-29 22:18:40,124 | prediction 8192/105181
2026-09-29 22:18:47,211 | prediction 12288/105181
2026-09-29 22:18:54,299 | prediction 16384/105181
2026-09-29 22:19:01,386 | prediction 20480/105181
2026-09-29 22:19:08,473 | prediction 24576/105181
2026-09-29 22:19:15,560 | prediction 28672/105181
2026-09-29 22:19:22,647 | prediction 32768/105181
2026-09-29 22:19:29,734 | prediction 36864/105181
2026-09-29 22:19:36,819 | prediction 40960/105181
2026-09-29 22:19:43,905 | prediction 45056/105181
2026-09-29 22:19:50,988 | prediction 49152/105181
2026-09-29 22:19:58,078 | prediction 53248/105181
2026-09-29 22:20:05,168 | prediction 57344/105181
2026-09-29 22:20:12,256 | prediction 61440/105181
2026-09-29 22:20:19,344 | prediction 65536/105181
2026-09-29 22:20:26,431 | prediction 69632/105181
2026-09-29 22:20:33,519 | prediction 73728/105181
2026-09-29 22:20:40,608 | prediction 77824/105181
2026-09-29 22:20:47,697 | prediction 81920/105181
2026-09-29 22:20:54,786 | prediction 86016/105181
2026-09-29 22:21:01,875 | prediction 90112/105181
2026-09-29 22:21:08,964 | prediction 94208/105181
2026-09-29 22:21:16,054 | prediction 98304/105181
2026-09-29 22:21:23,143 | prediction 102400/105181
2026-09-29 22:22:06,847 | Original online 1000/105181 updates=673
2026-09-29 22:22:31,371 | Original online 2000/105181 updates=1328
2026-09-29 22:22:47,476 | Original online 3000/105181 updates=1656
2026-09-29 22:23:04,429 | Original online 4000/105181 updates=2017
2026-09-29 22:23:29,560 | Original online 5000/105181 updates=2689
2026-09-29 22:23:53,418 | Original online 6000/105181 updates=3312
2026-09-29 22:24:09,579 | Original online 7000/105181 updates=3640
2026-09-29 22:24:27,463 | Original online 8000/105181 updates=4033
2026-09-29 22:24:52,732 | Original online 9000/105181 updates=4705
2026-09-29 22:25:15,818 | Original online 10000/105181 updates=5296
2026-09-29 22:25:32,007 | Original online 11000/105181 updates=5624
2026-09-29 22:25:50,772 | Original online 12000/105181 updates=6049
2026-09-29 22:26:16,037 | Original online 13000/105181 updates=6721
2026-09-29 22:26:38,311 | Original online 14000/105181 updates=7280
2026-09-29 22:26:54,534 | Original online 15000/105181 updates=7608
2026-09-29 22:27:14,196 | Original online 16000/105181 updates=8065
2026-09-29 22:27:39,536 | Original online 17000/105181 updates=8737
2026-09-29 22:28:00,996 | Original online 18000/105181 updates=9264
2026-09-29 22:28:17,241 | Original online 19000/105181 updates=9592
2026-09-29 22:28:37,745 | Original online 20000/105181 updates=10081
2026-09-29 22:29:03,084 | Original online 21000/105181 updates=10753
2026-09-29 22:29:23,727 | Original online 22000/105181 updates=11248
2026-09-29 22:29:39,981 | Original online 23000/105181 updates=11576
2026-09-29 22:30:01,353 | Original online 24000/105181 updates=12097
2026-09-29 22:30:26,789 | Original online 25000/105181 updates=12769
2026-09-29 22:30:46,656 | Original online 26000/105181 updates=13232
2026-09-29 22:31:02,965 | Original online 27000/105181 updates=13560
2026-09-29 22:31:25,236 | Original online 28000/105181 updates=14113
2026-09-29 22:31:50,646 | Original online 29000/105181 updates=14785
2026-09-29 22:32:09,652 | Original online 30000/105181 updates=15216
2026-09-29 22:32:25,959 | Original online 31000/105181 updates=15544
2026-09-29 22:32:49,074 | Original online 32000/105181 updates=16129
2026-09-29 22:33:14,495 | Original online 33000/105181 updates=16801
2026-09-29 22:33:32,655 | Original online 34000/105181 updates=17200
2026-09-29 22:33:48,976 | Original online 35000/105181 updates=17528
2026-09-29 22:34:12,961 | Original online 36000/105181 updates=18145
2026-09-29 22:34:38,395 | Original online 37000/105181 updates=18817
2026-09-29 22:34:55,708 | Original online 38000/105181 updates=19184
2026-09-29 22:35:12,057 | Original online 39000/105181 updates=19512
2026-09-29 22:35:36,896 | Original online 40000/105181 updates=20161
2026-09-29 22:36:02,383 | Original online 41000/105181 updates=20833
2026-09-29 22:36:18,861 | Original online 42000/105181 updates=21168
2026-09-29 22:36:35,441 | Original online 43000/105181 updates=21505
2026-09-29 22:37:00,925 | Original online 44000/105181 updates=22177
2026-09-29 22:37:25,723 | Original online 45000/105181 updates=22824
2026-09-29 22:37:42,049 | Original online 46000/105181 updates=23152
2026-09-29 22:37:59,484 | Original online 47000/105181 updates=23521
2026-09-29 22:38:24,986 | Original online 48000/105181 updates=24193
2026-09-29 22:38:48,961 | Original online 49000/105181 updates=24808
2026-09-29 22:39:05,283 | Original online 50000/105181 updates=25136
2026-09-29 22:39:23,593 | Original online 51000/105181 updates=25537
2026-09-29 22:39:49,123 | Original online 52000/105181 updates=26209
2026-09-29 22:40:12,317 | Original online 53000/105181 updates=26792
2026-09-29 22:40:28,660 | Original online 54000/105181 updates=27120
2026-09-29 22:40:47,869 | Original online 55000/105181 updates=27553
2026-09-29 22:41:13,505 | Original online 56000/105181 updates=28225
2026-09-29 22:41:35,876 | Original online 57000/105181 updates=28776
2026-09-29 22:41:52,279 | Original online 58000/105181 updates=29104
2026-09-29 22:42:12,347 | Original online 59000/105181 updates=29569
2026-09-29 22:42:37,916 | Original online 60000/105181 updates=30241
2026-09-29 22:42:59,374 | Original online 61000/105181 updates=30760
2026-09-29 22:43:15,740 | Original online 62000/105181 updates=31088
2026-09-29 22:43:36,639 | Original online 63000/105181 updates=31585
2026-09-29 22:44:02,234 | Original online 64000/105181 updates=32257
2026-09-29 22:44:22,859 | Original online 65000/105181 updates=32744
2026-09-29 22:44:39,268 | Original online 66000/105181 updates=33072
2026-09-29 22:45:01,068 | Original online 67000/105181 updates=33601
2026-09-29 22:45:26,668 | Original online 68000/105181 updates=34273
2026-09-29 22:45:46,409 | Original online 69000/105181 updates=34728
2026-09-29 22:46:02,819 | Original online 70000/105181 updates=35056
2026-09-29 22:46:25,484 | Original online 71000/105181 updates=35617
2026-09-29 22:46:51,128 | Original online 72000/105181 updates=36289
2026-09-29 22:47:10,049 | Original online 73000/105181 updates=36712
2026-09-29 22:47:26,488 | Original online 74000/105181 updates=37040
2026-09-29 22:47:50,029 | Original online 75000/105181 updates=37633
2026-09-29 22:48:15,676 | Original online 76000/105181 updates=38305
2026-09-29 22:48:33,744 | Original online 77000/105181 updates=38696
2026-09-29 22:48:50,189 | Original online 78000/105181 updates=39024
2026-09-29 22:49:14,592 | Original online 79000/105181 updates=39649
2026-09-29 22:49:40,230 | Original online 80000/105181 updates=40321
2026-09-29 22:49:57,455 | Original online 81000/105181 updates=40680
2026-09-29 22:50:13,939 | Original online 82000/105181 updates=41008
2026-09-29 22:50:39,211 | Original online 83000/105181 updates=41665
2026-09-29 22:51:04,893 | Original online 84000/105181 updates=42336
2026-09-29 22:51:21,287 | Original online 85000/105181 updates=42664
2026-09-29 22:51:38,213 | Original online 86000/105181 updates=43009
2026-09-29 22:52:04,144 | Original online 87000/105181 updates=43681
2026-09-29 22:52:29,796 | Original online 88000/105181 updates=44320
2026-09-29 22:52:46,421 | Original online 89000/105181 updates=44648
2026-09-29 22:53:04,486 | Original online 90000/105181 updates=45025
2026-09-29 22:53:30,501 | Original online 91000/105181 updates=45697
2026-09-29 22:53:54,709 | Original online 92000/105181 updates=46304
2026-09-29 22:54:11,373 | Original online 93000/105181 updates=46632
2026-09-29 22:54:30,207 | Original online 94000/105181 updates=47041
2026-09-29 22:54:56,039 | Original online 95000/105181 updates=47713
2026-09-29 22:55:19,212 | Original online 96000/105181 updates=48288
2026-09-29 22:55:35,792 | Original online 97000/105181 updates=48616
2026-09-29 22:55:55,479 | Original online 98000/105181 updates=49057
2026-09-29 22:56:21,542 | Original online 99000/105181 updates=49729
2026-09-29 22:56:43,931 | Original online 100000/105181 updates=50272
2026-09-29 22:57:00,519 | Original online 101000/105181 updates=50600
2026-09-29 22:57:21,044 | Original online 102000/105181 updates=51073
2026-09-29 22:57:46,875 | Original online 103000/105181 updates=51745
2026-09-29 22:58:08,365 | Original online 104000/105181 updates=52256
2026-09-29 22:58:24,926 | Original online 105000/105181 updates=52584
2026-09-29 22:58:31,223 | Original online 105181/105181 updates=52765
2026-09-29 22:58:34,519 | snapshot analysis step=-1
2026-09-29 22:59:13,269 | snapshot analysis step=671
2026-09-29 22:59:52,069 | snapshot analysis step=1343
2026-09-29 23:00:30,952 | snapshot analysis step=2015
2026-09-29 23:01:09,988 | snapshot analysis step=2687
2026-09-29 23:01:48,823 | snapshot analysis step=3359
2026-09-29 23:02:27,698 | snapshot analysis step=4031
2026-09-29 23:03:06,529 | snapshot analysis step=4703
2026-09-29 23:03:45,442 | snapshot analysis step=5375
2026-09-29 23:04:24,288 | snapshot analysis step=6047
2026-09-29 23:05:03,281 | snapshot analysis step=6719
2026-09-29 23:05:42,016 | snapshot analysis step=7391
2026-09-29 23:06:20,873 | snapshot analysis step=8063
2026-09-29 23:06:59,891 | snapshot analysis step=8735
2026-09-29 23:07:38,664 | snapshot analysis step=9407
2026-09-29 23:08:17,462 | snapshot analysis step=10079
2026-09-29 23:08:56,222 | snapshot analysis step=10751
2026-09-29 23:09:35,009 | snapshot analysis step=11423
2026-09-29 23:10:13,783 | snapshot analysis step=12095
2026-09-29 23:10:52,718 | snapshot analysis step=12767
2026-09-29 23:11:31,673 | snapshot analysis step=13439
2026-09-29 23:12:10,578 | snapshot analysis step=14111
2026-09-29 23:12:49,404 | snapshot analysis step=14783
2026-09-29 23:13:28,314 | snapshot analysis step=15455
2026-09-29 23:14:07,183 | snapshot analysis step=16127
2026-09-29 23:14:46,232 | snapshot analysis step=16799
2026-09-29 23:15:25,248 | snapshot analysis step=17471
2026-09-29 23:16:04,171 | snapshot analysis step=18143
2026-09-29 23:16:43,249 | snapshot analysis step=18815
2026-09-29 23:17:22,315 | snapshot analysis step=19487
2026-09-29 23:18:01,430 | snapshot analysis step=20159
2026-09-29 23:18:40,550 | snapshot analysis step=20831
2026-09-29 23:19:19,575 | snapshot analysis step=21503
2026-09-29 23:19:58,686 | snapshot analysis step=22175
2026-09-29 23:20:37,829 | snapshot analysis step=22847
2026-09-29 23:21:16,964 | snapshot analysis step=23519
2026-09-29 23:21:56,078 | snapshot analysis step=24191
2026-09-29 23:22:35,220 | snapshot analysis step=24863
2026-09-29 23:23:14,445 | snapshot analysis step=25535
2026-09-29 23:23:53,573 | snapshot analysis step=26207
2026-09-29 23:24:32,656 | snapshot analysis step=26879
2026-09-29 23:25:11,856 | snapshot analysis step=27551
2026-09-29 23:25:50,978 | snapshot analysis step=28223
2026-09-29 23:26:30,313 | snapshot analysis step=28895
2026-09-29 23:27:09,580 | snapshot analysis step=29567
2026-09-29 23:27:48,903 | snapshot analysis step=30239
2026-09-29 23:28:28,129 | snapshot analysis step=30911
2026-09-29 23:29:07,264 | snapshot analysis step=31583
2026-09-29 23:29:46,407 | snapshot analysis step=32255
2026-09-29 23:30:25,692 | snapshot analysis step=32927
2026-09-29 23:31:04,886 | snapshot analysis step=33599
2026-09-29 23:31:44,158 | snapshot analysis step=34271
2026-09-29 23:32:23,439 | snapshot analysis step=34943
2026-09-29 23:33:02,820 | snapshot analysis step=35615
2026-09-29 23:33:42,083 | snapshot analysis step=36287
2026-09-29 23:34:21,278 | snapshot analysis step=36959
2026-09-29 23:35:00,625 | snapshot analysis step=37631
2026-09-29 23:35:39,965 | snapshot analysis step=38303
2026-09-29 23:36:19,367 | snapshot analysis step=38975
2026-09-29 23:36:58,632 | snapshot analysis step=39647
2026-09-29 23:37:37,951 | snapshot analysis step=40319
2026-09-29 23:38:17,192 | snapshot analysis step=40991
2026-09-29 23:38:56,439 | snapshot analysis step=41663
2026-09-29 23:39:35,680 | snapshot analysis step=42335
2026-09-29 23:40:15,009 | snapshot analysis step=43007
2026-09-29 23:40:54,283 | snapshot analysis step=43679
2026-09-29 23:41:33,588 | snapshot analysis step=44351
2026-09-29 23:42:12,911 | snapshot analysis step=45023
2026-09-29 23:42:52,218 | snapshot analysis step=45695
2026-09-29 23:43:31,550 | snapshot analysis step=46367
2026-09-29 23:44:10,853 | snapshot analysis step=47039
2026-09-29 23:44:50,320 | snapshot analysis step=47711
2026-09-29 23:45:29,673 | snapshot analysis step=48383
2026-09-29 23:46:09,072 | snapshot analysis step=49055
2026-09-29 23:46:48,388 | snapshot analysis step=49727
2026-09-29 23:47:27,773 | snapshot analysis step=50399
2026-09-29 23:48:07,150 | snapshot analysis step=51071
2026-09-29 23:48:46,592 | snapshot analysis step=51743
2026-09-29 23:49:26,030 | snapshot analysis step=52415
2026-09-29 23:50:05,431 | snapshot analysis step=53087
2026-09-29 23:50:44,903 | snapshot analysis step=53759
2026-09-29 23:51:24,491 | snapshot analysis step=54431
2026-09-29 23:52:03,931 | snapshot analysis step=55103
2026-09-29 23:52:43,508 | snapshot analysis step=55775
2026-09-29 23:53:23,006 | snapshot analysis step=56447
2026-09-29 23:54:02,477 | snapshot analysis step=57119
2026-09-29 23:54:41,952 | snapshot analysis step=57791
2026-09-29 23:55:21,644 | snapshot analysis step=58463
2026-09-29 23:56:01,082 | snapshot analysis step=59135
2026-09-29 23:56:40,621 | snapshot analysis step=59807
2026-09-29 23:57:20,096 | snapshot analysis step=60479
2026-09-29 23:57:59,647 | snapshot analysis step=61151
2026-09-29 23:58:39,169 | snapshot analysis step=61823
2026-09-29 23:59:18,743 | snapshot analysis step=62495
2026-09-29 23:59:58,353 | snapshot analysis step=63167
2026-09-30 00:00:37,981 | snapshot analysis step=63839
2026-09-30 00:01:17,547 | snapshot analysis step=64511
2026-09-30 00:01:57,142 | snapshot analysis step=65183
2026-09-30 00:02:36,876 | snapshot analysis step=65855
2026-09-30 00:03:16,522 | snapshot analysis step=66527
2026-09-30 00:03:56,269 | snapshot analysis step=67199
2026-09-30 00:04:36,034 | snapshot analysis step=67871
2026-09-30 00:05:15,784 | snapshot analysis step=68543
2026-09-30 00:05:55,498 | snapshot analysis step=69215
2026-09-30 00:06:35,184 | snapshot analysis step=69887
2026-09-30 00:07:14,888 | snapshot analysis step=70559
2026-09-30 00:07:54,541 | snapshot analysis step=71231
2026-09-30 00:08:34,199 | snapshot analysis step=71903
2026-09-30 00:09:13,921 | snapshot analysis step=72575
2026-09-30 00:09:53,590 | snapshot analysis step=73247
2026-09-30 00:10:33,382 | snapshot analysis step=73919
2026-09-30 00:11:13,151 | snapshot analysis step=74591
2026-09-30 00:11:52,939 | snapshot analysis step=75263
2026-09-30 00:12:32,795 | snapshot analysis step=75935
2026-09-30 00:13:12,602 | snapshot analysis step=76607
2026-09-30 00:13:52,359 | snapshot analysis step=77279
2026-09-30 00:14:32,085 | snapshot analysis step=77951
2026-09-30 00:15:11,937 | snapshot analysis step=78623
2026-09-30 00:15:51,732 | snapshot analysis step=79295
2026-09-30 00:16:31,504 | snapshot analysis step=79967
2026-09-30 00:17:11,351 | snapshot analysis step=80639
2026-09-30 00:17:51,138 | snapshot analysis step=81311
2026-09-30 00:18:30,948 | snapshot analysis step=81983
2026-09-30 00:19:10,824 | snapshot analysis step=82655
2026-09-30 00:19:50,579 | snapshot analysis step=83327
2026-09-30 00:20:30,424 | snapshot analysis step=83999
2026-09-30 00:21:10,151 | snapshot analysis step=84671
2026-09-30 00:21:49,980 | snapshot analysis step=85343
2026-09-30 00:22:29,745 | snapshot analysis step=86015
2026-09-30 00:23:09,586 | snapshot analysis step=86687
2026-09-30 00:23:49,436 | snapshot analysis step=87359
2026-09-30 00:24:29,258 | snapshot analysis step=88031
2026-09-30 00:25:09,000 | snapshot analysis step=88703
2026-09-30 00:25:48,783 | snapshot analysis step=89375
2026-09-30 00:26:28,647 | snapshot analysis step=90047
2026-09-30 00:27:08,533 | snapshot analysis step=90719
2026-09-30 00:27:48,493 | snapshot analysis step=91391
2026-09-30 00:28:28,515 | snapshot analysis step=92063
2026-09-30 00:29:08,557 | snapshot analysis step=92735
2026-09-30 00:29:48,563 | snapshot analysis step=93407
2026-09-30 00:30:28,685 | snapshot analysis step=94079
2026-09-30 00:31:08,665 | snapshot analysis step=94751
2026-09-30 00:31:48,599 | snapshot analysis step=95423
2026-09-30 00:32:28,517 | snapshot analysis step=96095
2026-09-30 00:33:08,615 | snapshot analysis step=96767
2026-09-30 00:33:48,655 | snapshot analysis step=97439
2026-09-30 00:34:28,649 | snapshot analysis step=98111
2026-09-30 00:35:08,751 | snapshot analysis step=98783
2026-09-30 00:35:48,851 | snapshot analysis step=99455
2026-09-30 00:36:28,947 | snapshot analysis step=100127
2026-09-30 00:37:09,167 | snapshot analysis step=100799
2026-09-30 00:37:49,399 | snapshot analysis step=101471
2026-09-30 00:38:29,627 | snapshot analysis step=102143
2026-09-30 00:39:09,811 | snapshot analysis step=102815
2026-09-30 00:39:49,991 | snapshot analysis step=103487
2026-09-30 00:40:30,192 | snapshot analysis step=104159
2026-09-30 00:41:10,361 | snapshot analysis step=104831
