2026-09-30 00:41:52,521 | exp03 seed=43 stage=all scope=full
2026-09-30 00:42:12,181 | prediction 4096/7002
2026-09-30 00:42:17,275 | experiments/exp03/seeds/seed43/static/as_stored/validation.json | original:dNone:uNone:pNone
2026-09-30 00:42:18,007 | experiments/exp03/seeds/seed43/static/as_stored/validation.json | bypass:dNone:uNone:pNone
2026-09-30 00:42:25,155 | prediction 4096/7002
2026-09-30 00:42:30,923 | experiments/exp03/seeds/seed43/static/as_stored/validation.json | down:d0:uNone:pNone
2026-09-30 00:42:38,067 | prediction 4096/7002
2026-09-30 00:42:43,839 | experiments/exp03/seeds/seed43/static/as_stored/validation.json | down:d1:uNone:pNone
2026-09-30 00:42:50,987 | prediction 4096/7002
2026-09-30 00:42:56,751 | experiments/exp03/seeds/seed43/static/as_stored/validation.json | down:d2:uNone:pNone
2026-09-30 00:43:03,898 | prediction 4096/7002
2026-09-30 00:43:09,663 | experiments/exp03/seeds/seed43/static/as_stored/validation.json | down:d4:uNone:pNone
2026-09-30 00:43:16,809 | prediction 4096/7002
2026-09-30 00:43:22,575 | experiments/exp03/seeds/seed43/static/as_stored/validation.json | down:d8:uNone:pNone
2026-09-30 00:43:29,719 | prediction 4096/7002
2026-09-30 00:43:35,485 | experiments/exp03/seeds/seed43/static/as_stored/validation.json | down:d16:uNone:pNone
2026-09-30 00:43:42,633 | prediction 4096/7002
2026-09-30 00:43:48,403 | experiments/exp03/seeds/seed43/static/as_stored/validation.json | down:d32:uNone:pNone
2026-09-30 00:43:55,576 | prediction 4096/7002
2026-09-30 00:44:01,348 | experiments/exp03/seeds/seed43/static/as_stored/validation.json | down:d48:uNone:pNone
2026-09-30 00:44:08,520 | prediction 4096/7002
2026-09-30 00:44:14,290 | experiments/exp03/seeds/seed43/static/as_stored/validation.json | down:d64:uNone:pNone
2026-09-30 00:44:21,462 | prediction 4096/7002
2026-09-30 00:44:27,230 | experiments/exp03/seeds/seed43/static/as_stored/validation.json | down:d76:uNone:pNone
2026-09-30 00:44:34,399 | prediction 4096/7002
2026-09-30 00:44:40,196 | experiments/exp03/seeds/seed43/static/as_stored/validation.json | up:dNone:u0:pNone
2026-09-30 00:44:47,344 | prediction 4096/7002
2026-09-30 00:44:53,115 | experiments/exp03/seeds/seed43/static/as_stored/validation.json | up:dNone:u1:pNone
2026-09-30 00:45:00,258 | prediction 4096/7002
2026-09-30 00:45:06,027 | experiments/exp03/seeds/seed43/static/as_stored/validation.json | up:dNone:u2:pNone
2026-09-30 00:45:13,172 | prediction 4096/7002
2026-09-30 00:45:18,944 | experiments/exp03/seeds/seed43/static/as_stored/validation.json | up:dNone:u4:pNone
2026-09-30 00:45:26,086 | prediction 4096/7002
2026-09-30 00:45:31,858 | experiments/exp03/seeds/seed43/static/as_stored/validation.json | up:dNone:u8:pNone
2026-09-30 00:45:38,996 | prediction 4096/7002
2026-09-30 00:45:44,764 | experiments/exp03/seeds/seed43/static/as_stored/validation.json | up:dNone:u16:pNone
2026-09-30 00:45:51,907 | prediction 4096/7002
2026-09-30 00:45:57,676 | experiments/exp03/seeds/seed43/static/as_stored/validation.json | up:dNone:u32:pNone
2026-09-30 00:46:04,848 | prediction 4096/7002
2026-09-30 00:46:10,629 | experiments/exp03/seeds/seed43/static/as_stored/validation.json | up:dNone:u48:pNone
2026-09-30 00:46:17,809 | prediction 4096/7002
2026-09-30 00:46:23,588 | experiments/exp03/seeds/seed43/static/as_stored/validation.json | up:dNone:u64:pNone
2026-09-30 00:46:30,767 | prediction 4096/7002
2026-09-30 00:46:36,546 | experiments/exp03/seeds/seed43/static/as_stored/validation.json | up:dNone:u76:pNone
2026-09-30 00:46:43,721 | prediction 4096/7002
2026-09-30 00:46:49,524 | experiments/exp03/seeds/seed43/static/as_stored/validation.json | both:d0:u0:pNone
2026-09-30 00:46:56,670 | prediction 4096/7002
2026-09-30 00:47:02,446 | experiments/exp03/seeds/seed43/static/as_stored/validation.json | both:d0:u1:pNone
2026-09-30 00:47:09,592 | prediction 4096/7002
2026-09-30 00:47:15,366 | experiments/exp03/seeds/seed43/static/as_stored/validation.json | both:d0:u2:pNone
2026-09-30 00:47:22,512 | prediction 4096/7002
2026-09-30 00:47:28,287 | experiments/exp03/seeds/seed43/static/as_stored/validation.json | both:d0:u4:pNone
2026-09-30 00:47:35,446 | prediction 4096/7002
2026-09-30 00:47:41,243 | experiments/exp03/seeds/seed43/static/as_stored/validation.json | both:d0:u8:pNone
2026-09-30 00:47:48,423 | prediction 4096/7002
2026-09-30 00:47:54,223 | experiments/exp03/seeds/seed43/static/as_stored/validation.json | both:d0:u16:pNone
2026-09-30 00:48:01,367 | prediction 4096/7002
2026-09-30 00:48:07,139 | experiments/exp03/seeds/seed43/static/as_stored/validation.json | both:d0:u32:pNone
2026-09-30 00:48:14,321 | prediction 4096/7002
2026-09-30 00:48:20,116 | experiments/exp03/seeds/seed43/static/as_stored/validation.json | both:d0:u48:pNone
2026-09-30 00:48:27,313 | prediction 4096/7002
2026-09-30 00:48:33,088 | experiments/exp03/seeds/seed43/static/as_stored/validation.json | both:d0:u64:pNone
2026-09-30 00:48:40,258 | prediction 4096/7002
2026-09-30 00:48:46,031 | experiments/exp03/seeds/seed43/static/as_stored/validation.json | both:d0:u76:pNone
2026-09-30 00:48:53,200 | prediction 4096/7002
2026-09-30 00:48:58,976 | experiments/exp03/seeds/seed43/static/as_stored/validation.json | both:d1:u0:pNone
2026-09-30 00:49:06,120 | prediction 4096/7002
2026-09-30 00:49:11,895 | experiments/exp03/seeds/seed43/static/as_stored/validation.json | both:d1:u1:pNone
2026-09-30 00:49:19,036 | prediction 4096/7002
2026-09-30 00:49:24,810 | experiments/exp03/seeds/seed43/static/as_stored/validation.json | both:d1:u2:pNone
2026-09-30 00:49:31,953 | prediction 4096/7002
2026-09-30 00:49:37,728 | experiments/exp03/seeds/seed43/static/as_stored/validation.json | both:d1:u4:pNone
2026-09-30 00:49:44,871 | prediction 4096/7002
2026-09-30 00:49:50,645 | experiments/exp03/seeds/seed43/static/as_stored/validation.json | both:d1:u8:pNone
2026-09-30 00:49:57,790 | prediction 4096/7002
2026-09-30 00:50:03,570 | experiments/exp03/seeds/seed43/static/as_stored/validation.json | both:d1:u16:pNone
2026-09-30 00:50:10,716 | prediction 4096/7002
2026-09-30 00:50:16,494 | experiments/exp03/seeds/seed43/static/as_stored/validation.json | both:d1:u32:pNone
2026-09-30 00:50:23,664 | prediction 4096/7002
2026-09-30 00:50:29,442 | experiments/exp03/seeds/seed43/static/as_stored/validation.json | both:d1:u48:pNone
2026-09-30 00:50:36,613 | prediction 4096/7002
2026-09-30 00:50:42,394 | experiments/exp03/seeds/seed43/static/as_stored/validation.json | both:d1:u64:pNone
2026-09-30 00:50:49,562 | prediction 4096/7002
2026-09-30 00:50:55,341 | experiments/exp03/seeds/seed43/static/as_stored/validation.json | both:d1:u76:pNone
2026-09-30 00:51:02,510 | prediction 4096/7002
2026-09-30 00:51:08,292 | experiments/exp03/seeds/seed43/static/as_stored/validation.json | both:d2:u0:pNone
2026-09-30 00:51:15,436 | prediction 4096/7002
2026-09-30 00:51:21,218 | experiments/exp03/seeds/seed43/static/as_stored/validation.json | both:d2:u1:pNone
2026-09-30 00:51:28,363 | prediction 4096/7002
2026-09-30 00:51:34,143 | experiments/exp03/seeds/seed43/static/as_stored/validation.json | both:d2:u2:pNone
2026-09-30 00:51:41,286 | prediction 4096/7002
2026-09-30 00:51:47,064 | experiments/exp03/seeds/seed43/static/as_stored/validation.json | both:d2:u4:pNone
2026-09-30 00:51:54,229 | prediction 4096/7002
2026-09-30 00:52:00,035 | experiments/exp03/seeds/seed43/static/as_stored/validation.json | both:d2:u8:pNone
2026-09-30 00:52:07,197 | prediction 4096/7002
2026-09-30 00:52:13,000 | experiments/exp03/seeds/seed43/static/as_stored/validation.json | both:d2:u16:pNone
2026-09-30 00:52:20,176 | prediction 4096/7002
2026-09-30 00:52:25,978 | experiments/exp03/seeds/seed43/static/as_stored/validation.json | both:d2:u32:pNone
2026-09-30 00:52:33,146 | prediction 4096/7002
2026-09-30 00:52:38,935 | experiments/exp03/seeds/seed43/static/as_stored/validation.json | both:d2:u48:pNone
2026-09-30 00:52:46,104 | prediction 4096/7002
2026-09-30 00:52:51,883 | experiments/exp03/seeds/seed43/static/as_stored/validation.json | both:d2:u64:pNone
2026-09-30 00:52:59,051 | prediction 4096/7002
2026-09-30 00:53:04,834 | experiments/exp03/seeds/seed43/static/as_stored/validation.json | both:d2:u76:pNone
2026-09-30 00:53:12,002 | prediction 4096/7002
2026-09-30 00:53:17,787 | experiments/exp03/seeds/seed43/static/as_stored/validation.json | both:d4:u0:pNone
2026-09-30 00:53:24,930 | prediction 4096/7002
2026-09-30 00:53:30,711 | experiments/exp03/seeds/seed43/static/as_stored/validation.json | both:d4:u1:pNone
2026-09-30 00:53:37,853 | prediction 4096/7002
2026-09-30 00:53:43,634 | experiments/exp03/seeds/seed43/static/as_stored/validation.json | both:d4:u2:pNone
2026-09-30 00:53:50,777 | prediction 4096/7002
2026-09-30 00:53:56,557 | experiments/exp03/seeds/seed43/static/as_stored/validation.json | both:d4:u4:pNone
2026-09-30 00:54:03,700 | prediction 4096/7002
2026-09-30 00:54:09,488 | experiments/exp03/seeds/seed43/static/as_stored/validation.json | both:d4:u8:pNone
2026-09-30 00:54:16,634 | prediction 4096/7002
2026-09-30 00:54:22,418 | experiments/exp03/seeds/seed43/static/as_stored/validation.json | both:d4:u16:pNone
2026-09-30 00:54:29,561 | prediction 4096/7002
2026-09-30 00:54:35,349 | experiments/exp03/seeds/seed43/static/as_stored/validation.json | both:d4:u32:pNone
2026-09-30 00:54:42,521 | prediction 4096/7002
2026-09-30 00:54:48,304 | experiments/exp03/seeds/seed43/static/as_stored/validation.json | both:d4:u48:pNone
2026-09-30 00:54:55,474 | prediction 4096/7002
2026-09-30 00:55:01,263 | experiments/exp03/seeds/seed43/static/as_stored/validation.json | both:d4:u64:pNone
2026-09-30 00:55:08,437 | prediction 4096/7002
2026-09-30 00:55:14,224 | experiments/exp03/seeds/seed43/static/as_stored/validation.json | both:d4:u76:pNone
2026-09-30 00:55:21,393 | prediction 4096/7002
2026-09-30 00:55:27,180 | experiments/exp03/seeds/seed43/static/as_stored/validation.json | both:d8:u0:pNone
2026-09-30 00:55:34,320 | prediction 4096/7002
2026-09-30 00:55:40,103 | experiments/exp03/seeds/seed43/static/as_stored/validation.json | both:d8:u1:pNone
2026-09-30 00:55:47,248 | prediction 4096/7002
2026-09-30 00:55:53,032 | experiments/exp03/seeds/seed43/static/as_stored/validation.json | both:d8:u2:pNone
2026-09-30 00:56:00,174 | prediction 4096/7002
2026-09-30 00:56:05,960 | experiments/exp03/seeds/seed43/static/as_stored/validation.json | both:d8:u4:pNone
2026-09-30 00:56:13,107 | prediction 4096/7002
2026-09-30 00:56:18,893 | experiments/exp03/seeds/seed43/static/as_stored/validation.json | both:d8:u8:pNone
2026-09-30 00:56:26,039 | prediction 4096/7002
2026-09-30 00:56:31,824 | experiments/exp03/seeds/seed43/static/as_stored/validation.json | both:d8:u16:pNone
2026-09-30 00:56:38,968 | prediction 4096/7002
2026-09-30 00:56:44,757 | experiments/exp03/seeds/seed43/static/as_stored/validation.json | both:d8:u32:pNone
2026-09-30 00:56:51,931 | prediction 4096/7002
2026-09-30 00:56:57,718 | experiments/exp03/seeds/seed43/static/as_stored/validation.json | both:d8:u48:pNone
2026-09-30 00:57:04,888 | prediction 4096/7002
2026-09-30 00:57:10,679 | experiments/exp03/seeds/seed43/static/as_stored/validation.json | both:d8:u64:pNone
2026-09-30 00:57:17,849 | prediction 4096/7002
2026-09-30 00:57:23,638 | experiments/exp03/seeds/seed43/static/as_stored/validation.json | both:d8:u76:pNone
2026-09-30 00:57:30,805 | prediction 4096/7002
2026-09-30 00:57:36,598 | experiments/exp03/seeds/seed43/static/as_stored/validation.json | both:d16:u0:pNone
2026-09-30 00:57:43,730 | prediction 4096/7002
2026-09-30 00:57:49,513 | experiments/exp03/seeds/seed43/static/as_stored/validation.json | both:d16:u1:pNone
2026-09-30 00:57:56,661 | prediction 4096/7002
2026-09-30 00:58:02,451 | experiments/exp03/seeds/seed43/static/as_stored/validation.json | both:d16:u2:pNone
2026-09-30 00:58:09,606 | prediction 4096/7002
2026-09-30 00:58:15,402 | experiments/exp03/seeds/seed43/static/as_stored/validation.json | both:d16:u4:pNone
2026-09-30 00:58:22,554 | prediction 4096/7002
2026-09-30 00:58:28,352 | experiments/exp03/seeds/seed43/static/as_stored/validation.json | both:d16:u8:pNone
2026-09-30 00:58:35,505 | prediction 4096/7002
2026-09-30 00:58:41,333 | experiments/exp03/seeds/seed43/static/as_stored/validation.json | both:d16:u16:pNone
2026-09-30 00:58:48,484 | prediction 4096/7002
2026-09-30 00:58:54,280 | experiments/exp03/seeds/seed43/static/as_stored/validation.json | both:d16:u32:pNone
2026-09-30 00:59:01,456 | prediction 4096/7002
2026-09-30 00:59:07,252 | experiments/exp03/seeds/seed43/static/as_stored/validation.json | both:d16:u48:pNone
2026-09-30 00:59:14,429 | prediction 4096/7002
2026-09-30 00:59:20,223 | experiments/exp03/seeds/seed43/static/as_stored/validation.json | both:d16:u64:pNone
2026-09-30 00:59:27,401 | prediction 4096/7002
2026-09-30 00:59:33,199 | experiments/exp03/seeds/seed43/static/as_stored/validation.json | both:d16:u76:pNone
2026-09-30 00:59:40,381 | prediction 4096/7002
2026-09-30 00:59:46,216 | experiments/exp03/seeds/seed43/static/as_stored/validation.json | both:d32:u0:pNone
2026-09-30 00:59:53,393 | prediction 4096/7002
2026-09-30 00:59:59,191 | experiments/exp03/seeds/seed43/static/as_stored/validation.json | both:d32:u1:pNone
2026-09-30 01:00:06,368 | prediction 4096/7002
2026-09-30 01:00:12,166 | experiments/exp03/seeds/seed43/static/as_stored/validation.json | both:d32:u2:pNone
2026-09-30 01:00:19,338 | prediction 4096/7002
2026-09-30 01:00:25,136 | experiments/exp03/seeds/seed43/static/as_stored/validation.json | both:d32:u4:pNone
2026-09-30 01:00:32,317 | prediction 4096/7002
2026-09-30 01:00:38,121 | experiments/exp03/seeds/seed43/static/as_stored/validation.json | both:d32:u8:pNone
2026-09-30 01:00:45,304 | prediction 4096/7002
2026-09-30 01:00:51,109 | experiments/exp03/seeds/seed43/static/as_stored/validation.json | both:d32:u16:pNone
2026-09-30 01:00:58,288 | prediction 4096/7002
2026-09-30 01:01:04,124 | experiments/exp03/seeds/seed43/static/as_stored/validation.json | both:d32:u32:pNone
2026-09-30 01:01:11,304 | prediction 4096/7002
2026-09-30 01:01:17,106 | experiments/exp03/seeds/seed43/static/as_stored/validation.json | both:d32:u48:pNone
2026-09-30 01:01:24,286 | prediction 4096/7002
2026-09-30 01:01:30,087 | experiments/exp03/seeds/seed43/static/as_stored/validation.json | both:d32:u64:pNone
2026-09-30 01:01:37,258 | prediction 4096/7002
2026-09-30 01:01:43,050 | experiments/exp03/seeds/seed43/static/as_stored/validation.json | both:d32:u76:pNone
2026-09-30 01:01:50,219 | prediction 4096/7002
2026-09-30 01:01:56,017 | experiments/exp03/seeds/seed43/static/as_stored/validation.json | both:d48:u0:pNone
2026-09-30 01:02:03,189 | prediction 4096/7002
2026-09-30 01:02:08,991 | experiments/exp03/seeds/seed43/static/as_stored/validation.json | both:d48:u1:pNone
2026-09-30 01:02:16,175 | prediction 4096/7002
2026-09-30 01:02:22,011 | experiments/exp03/seeds/seed43/static/as_stored/validation.json | both:d48:u2:pNone
2026-09-30 01:02:29,189 | prediction 4096/7002
2026-09-30 01:02:34,986 | experiments/exp03/seeds/seed43/static/as_stored/validation.json | both:d48:u4:pNone
2026-09-30 01:02:42,177 | prediction 4096/7002
2026-09-30 01:02:48,001 | experiments/exp03/seeds/seed43/static/as_stored/validation.json | both:d48:u8:pNone
2026-09-30 01:02:55,213 | prediction 4096/7002
2026-09-30 01:03:01,019 | experiments/exp03/seeds/seed43/static/as_stored/validation.json | both:d48:u16:pNone
2026-09-30 01:03:08,198 | prediction 4096/7002
2026-09-30 01:03:14,004 | experiments/exp03/seeds/seed43/static/as_stored/validation.json | both:d48:u32:pNone
2026-09-30 01:03:21,186 | prediction 4096/7002
2026-09-30 01:03:26,996 | experiments/exp03/seeds/seed43/static/as_stored/validation.json | both:d48:u48:pNone
2026-09-30 01:03:34,170 | prediction 4096/7002
2026-09-30 01:03:39,998 | experiments/exp03/seeds/seed43/static/as_stored/validation.json | both:d48:u64:pNone
2026-09-30 01:03:47,169 | prediction 4096/7002
2026-09-30 01:03:52,966 | experiments/exp03/seeds/seed43/static/as_stored/validation.json | both:d48:u76:pNone
2026-09-30 01:04:00,137 | prediction 4096/7002
2026-09-30 01:04:05,937 | experiments/exp03/seeds/seed43/static/as_stored/validation.json | both:d64:u0:pNone
2026-09-30 01:04:13,115 | prediction 4096/7002
2026-09-30 01:04:18,918 | experiments/exp03/seeds/seed43/static/as_stored/validation.json | both:d64:u1:pNone
2026-09-30 01:04:26,093 | prediction 4096/7002
2026-09-30 01:04:31,895 | experiments/exp03/seeds/seed43/static/as_stored/validation.json | both:d64:u2:pNone
2026-09-30 01:04:39,067 | prediction 4096/7002
2026-09-30 01:04:44,865 | experiments/exp03/seeds/seed43/static/as_stored/validation.json | both:d64:u4:pNone
2026-09-30 01:04:52,036 | prediction 4096/7002
2026-09-30 01:04:57,868 | experiments/exp03/seeds/seed43/static/as_stored/validation.json | both:d64:u8:pNone
2026-09-30 01:05:05,040 | prediction 4096/7002
2026-09-30 01:05:10,839 | experiments/exp03/seeds/seed43/static/as_stored/validation.json | both:d64:u16:pNone
2026-09-30 01:05:18,009 | prediction 4096/7002
2026-09-30 01:05:23,829 | experiments/exp03/seeds/seed43/static/as_stored/validation.json | both:d64:u32:pNone
2026-09-30 01:05:31,029 | prediction 4096/7002
2026-09-30 01:05:36,854 | experiments/exp03/seeds/seed43/static/as_stored/validation.json | both:d64:u48:pNone
2026-09-30 01:05:44,063 | prediction 4096/7002
2026-09-30 01:05:49,890 | experiments/exp03/seeds/seed43/static/as_stored/validation.json | both:d64:u64:pNone
2026-09-30 01:05:57,099 | prediction 4096/7002
2026-09-30 01:06:02,928 | experiments/exp03/seeds/seed43/static/as_stored/validation.json | both:d64:u76:pNone
2026-09-30 01:06:10,141 | prediction 4096/7002
2026-09-30 01:06:15,996 | experiments/exp03/seeds/seed43/static/as_stored/validation.json | both:d76:u0:pNone
2026-09-30 01:06:23,196 | prediction 4096/7002
2026-09-30 01:06:28,997 | experiments/exp03/seeds/seed43/static/as_stored/validation.json | both:d76:u1:pNone
2026-09-30 01:06:36,170 | prediction 4096/7002
2026-09-30 01:06:41,972 | experiments/exp03/seeds/seed43/static/as_stored/validation.json | both:d76:u2:pNone
2026-09-30 01:06:49,142 | prediction 4096/7002
2026-09-30 01:06:54,947 | experiments/exp03/seeds/seed43/static/as_stored/validation.json | both:d76:u4:pNone
2026-09-30 01:07:02,124 | prediction 4096/7002
2026-09-30 01:07:07,934 | experiments/exp03/seeds/seed43/static/as_stored/validation.json | both:d76:u8:pNone
2026-09-30 01:07:15,108 | prediction 4096/7002
2026-09-30 01:07:20,915 | experiments/exp03/seeds/seed43/static/as_stored/validation.json | both:d76:u16:pNone
2026-09-30 01:07:28,088 | prediction 4096/7002
2026-09-30 01:07:33,927 | experiments/exp03/seeds/seed43/static/as_stored/validation.json | both:d76:u32:pNone
2026-09-30 01:07:41,102 | prediction 4096/7002
2026-09-30 01:07:46,906 | experiments/exp03/seeds/seed43/static/as_stored/validation.json | both:d76:u48:pNone
2026-09-30 01:07:54,080 | prediction 4096/7002
2026-09-30 01:07:59,885 | experiments/exp03/seeds/seed43/static/as_stored/validation.json | both:d76:u64:pNone
2026-09-30 01:08:07,065 | prediction 4096/7002
2026-09-30 01:08:12,876 | experiments/exp03/seeds/seed43/static/as_stored/validation.json | both:d76:u76:pNone
2026-09-30 01:08:20,057 | prediction 4096/7002
2026-09-30 01:08:25,911 | experiments/exp03/seeds/seed43/static/as_stored/validation.json | random:d4:u4:p0
2026-09-30 01:08:33,108 | prediction 4096/7002
2026-09-30 01:08:38,951 | experiments/exp03/seeds/seed43/static/as_stored/validation.json | random:d4:u4:p1
2026-09-30 01:08:46,104 | prediction 4096/7002
2026-09-30 01:08:51,910 | experiments/exp03/seeds/seed43/static/as_stored/validation.json | random:d4:u4:p2
2026-09-30 01:08:59,074 | prediction 4096/7002
2026-09-30 01:09:04,891 | experiments/exp03/seeds/seed43/static/as_stored/validation.json | random:d8:u8:p0
2026-09-30 01:09:12,056 | prediction 4096/7002
2026-09-30 01:09:17,991 | experiments/exp03/seeds/seed43/static/as_stored/validation.json | random:d8:u8:p1
2026-09-30 01:09:25,158 | prediction 4096/7002
2026-09-30 01:09:30,973 | experiments/exp03/seeds/seed43/static/as_stored/validation.json | random:d8:u8:p2
2026-09-30 01:09:38,140 | prediction 4096/7002
2026-09-30 01:09:43,958 | experiments/exp03/seeds/seed43/static/as_stored/validation.json | random:d16:u16:p0
2026-09-30 01:09:51,123 | prediction 4096/7002
2026-09-30 01:09:56,975 | experiments/exp03/seeds/seed43/static/as_stored/validation.json | random:d16:u16:p1
2026-09-30 01:10:04,137 | prediction 4096/7002
2026-09-30 01:10:09,954 | experiments/exp03/seeds/seed43/static/as_stored/validation.json | random:d16:u16:p2
2026-09-30 01:10:17,147 | prediction 4096/7002
2026-09-30 01:10:22,979 | experiments/exp03/seeds/seed43/static/as_stored/validation.json | random:d32:u32:p0
2026-09-30 01:10:30,184 | prediction 4096/7002
2026-09-30 01:10:35,996 | experiments/exp03/seeds/seed43/static/as_stored/validation.json | random:d32:u32:p1
2026-09-30 01:10:43,178 | prediction 4096/7002
2026-09-30 01:10:48,993 | experiments/exp03/seeds/seed43/static/as_stored/validation.json | random:d32:u32:p2
2026-09-30 01:10:56,176 | prediction 4096/7002
2026-09-30 01:11:09,241 | prediction 4096/7002
2026-09-30 01:11:14,338 | experiments/exp03/seeds/seed43/static/aligned/validation.json | original:dNone:uNone:pNone
2026-09-30 01:11:15,098 | experiments/exp03/seeds/seed43/static/aligned/validation.json | bypass:dNone:uNone:pNone
2026-09-30 01:11:22,251 | prediction 4096/7002
2026-09-30 01:11:28,019 | experiments/exp03/seeds/seed43/static/aligned/validation.json | down:d0:uNone:pNone
2026-09-30 01:11:35,172 | prediction 4096/7002
2026-09-30 01:11:40,941 | experiments/exp03/seeds/seed43/static/aligned/validation.json | down:d1:uNone:pNone
2026-09-30 01:11:48,090 | prediction 4096/7002
2026-09-30 01:11:53,860 | experiments/exp03/seeds/seed43/static/aligned/validation.json | down:d2:uNone:pNone
2026-09-30 01:12:01,014 | prediction 4096/7002
2026-09-30 01:12:06,785 | experiments/exp03/seeds/seed43/static/aligned/validation.json | down:d4:uNone:pNone
2026-09-30 01:12:13,941 | prediction 4096/7002
2026-09-30 01:12:19,709 | experiments/exp03/seeds/seed43/static/aligned/validation.json | down:d8:uNone:pNone
2026-09-30 01:12:26,864 | prediction 4096/7002
2026-09-30 01:12:32,670 | experiments/exp03/seeds/seed43/static/aligned/validation.json | down:d16:uNone:pNone
2026-09-30 01:12:39,821 | prediction 4096/7002
2026-09-30 01:12:45,592 | experiments/exp03/seeds/seed43/static/aligned/validation.json | down:d32:uNone:pNone
2026-09-30 01:12:52,766 | prediction 4096/7002
2026-09-30 01:12:58,537 | experiments/exp03/seeds/seed43/static/aligned/validation.json | down:d48:uNone:pNone
2026-09-30 01:13:05,713 | prediction 4096/7002
2026-09-30 01:13:11,489 | experiments/exp03/seeds/seed43/static/aligned/validation.json | down:d64:uNone:pNone
2026-09-30 01:13:18,664 | prediction 4096/7002
2026-09-30 01:13:24,438 | experiments/exp03/seeds/seed43/static/aligned/validation.json | down:d76:uNone:pNone
2026-09-30 01:13:31,615 | prediction 4096/7002
2026-09-30 01:13:37,418 | experiments/exp03/seeds/seed43/static/aligned/validation.json | up:dNone:u0:pNone
2026-09-30 01:13:44,573 | prediction 4096/7002
2026-09-30 01:13:50,380 | experiments/exp03/seeds/seed43/static/aligned/validation.json | up:dNone:u1:pNone
2026-09-30 01:13:57,532 | prediction 4096/7002
2026-09-30 01:14:03,306 | experiments/exp03/seeds/seed43/static/aligned/validation.json | up:dNone:u2:pNone
2026-09-30 01:14:10,460 | prediction 4096/7002
2026-09-30 01:14:16,236 | experiments/exp03/seeds/seed43/static/aligned/validation.json | up:dNone:u4:pNone
2026-09-30 01:14:23,390 | prediction 4096/7002
2026-09-30 01:14:29,166 | experiments/exp03/seeds/seed43/static/aligned/validation.json | up:dNone:u8:pNone
2026-09-30 01:14:36,319 | prediction 4096/7002
2026-09-30 01:14:42,094 | experiments/exp03/seeds/seed43/static/aligned/validation.json | up:dNone:u16:pNone
2026-09-30 01:14:49,249 | prediction 4096/7002
2026-09-30 01:14:55,028 | experiments/exp03/seeds/seed43/static/aligned/validation.json | up:dNone:u32:pNone
2026-09-30 01:15:02,207 | prediction 4096/7002
2026-09-30 01:15:08,016 | experiments/exp03/seeds/seed43/static/aligned/validation.json | up:dNone:u48:pNone
2026-09-30 01:15:15,194 | prediction 4096/7002
2026-09-30 01:15:20,968 | experiments/exp03/seeds/seed43/static/aligned/validation.json | up:dNone:u64:pNone
2026-09-30 01:15:28,148 | prediction 4096/7002
2026-09-30 01:15:33,928 | experiments/exp03/seeds/seed43/static/aligned/validation.json | up:dNone:u76:pNone
2026-09-30 01:15:41,100 | prediction 4096/7002
2026-09-30 01:15:46,908 | experiments/exp03/seeds/seed43/static/aligned/validation.json | both:d0:u0:pNone
2026-09-30 01:15:54,060 | prediction 4096/7002
2026-09-30 01:15:59,834 | experiments/exp03/seeds/seed43/static/aligned/validation.json | both:d0:u1:pNone
2026-09-30 01:16:06,986 | prediction 4096/7002
2026-09-30 01:16:12,768 | experiments/exp03/seeds/seed43/static/aligned/validation.json | both:d0:u2:pNone
2026-09-30 01:16:19,921 | prediction 4096/7002
2026-09-30 01:16:25,727 | experiments/exp03/seeds/seed43/static/aligned/validation.json | both:d0:u4:pNone
2026-09-30 01:16:32,878 | prediction 4096/7002
2026-09-30 01:16:38,657 | experiments/exp03/seeds/seed43/static/aligned/validation.json | both:d0:u8:pNone
2026-09-30 01:16:45,809 | prediction 4096/7002
2026-09-30 01:16:51,587 | experiments/exp03/seeds/seed43/static/aligned/validation.json | both:d0:u16:pNone
2026-09-30 01:16:58,730 | prediction 4096/7002
2026-09-30 01:17:04,501 | experiments/exp03/seeds/seed43/static/aligned/validation.json | both:d0:u32:pNone
2026-09-30 01:17:11,670 | prediction 4096/7002
2026-09-30 01:17:17,441 | experiments/exp03/seeds/seed43/static/aligned/validation.json | both:d0:u48:pNone
2026-09-30 01:17:24,608 | prediction 4096/7002
2026-09-30 01:17:30,408 | experiments/exp03/seeds/seed43/static/aligned/validation.json | both:d0:u64:pNone
2026-09-30 01:17:37,575 | prediction 4096/7002
2026-09-30 01:17:43,346 | experiments/exp03/seeds/seed43/static/aligned/validation.json | both:d0:u76:pNone
2026-09-30 01:17:50,513 | prediction 4096/7002
2026-09-30 01:17:56,287 | experiments/exp03/seeds/seed43/static/aligned/validation.json | both:d1:u0:pNone
2026-09-30 01:18:03,429 | prediction 4096/7002
2026-09-30 01:18:09,210 | experiments/exp03/seeds/seed43/static/aligned/validation.json | both:d1:u1:pNone
2026-09-30 01:18:16,362 | prediction 4096/7002
2026-09-30 01:18:22,140 | experiments/exp03/seeds/seed43/static/aligned/validation.json | both:d1:u2:pNone
2026-09-30 01:18:29,299 | prediction 4096/7002
2026-09-30 01:18:35,102 | experiments/exp03/seeds/seed43/static/aligned/validation.json | both:d1:u4:pNone
2026-09-30 01:18:42,288 | prediction 4096/7002
2026-09-30 01:18:48,098 | experiments/exp03/seeds/seed43/static/aligned/validation.json | both:d1:u8:pNone
2026-09-30 01:18:55,249 | prediction 4096/7002
2026-09-30 01:19:01,031 | experiments/exp03/seeds/seed43/static/aligned/validation.json | both:d1:u16:pNone
2026-09-30 01:19:08,182 | prediction 4096/7002
2026-09-30 01:19:13,961 | experiments/exp03/seeds/seed43/static/aligned/validation.json | both:d1:u32:pNone
2026-09-30 01:19:21,141 | prediction 4096/7002
2026-09-30 01:19:26,925 | experiments/exp03/seeds/seed43/static/aligned/validation.json | both:d1:u48:pNone
2026-09-30 01:19:34,104 | prediction 4096/7002
2026-09-30 01:19:39,885 | experiments/exp03/seeds/seed43/static/aligned/validation.json | both:d1:u64:pNone
2026-09-30 01:19:47,062 | prediction 4096/7002
2026-09-30 01:19:52,846 | experiments/exp03/seeds/seed43/static/aligned/validation.json | both:d1:u76:pNone
2026-09-30 01:20:00,019 | prediction 4096/7002
2026-09-30 01:20:05,840 | experiments/exp03/seeds/seed43/static/aligned/validation.json | both:d2:u0:pNone
2026-09-30 01:20:12,991 | prediction 4096/7002
2026-09-30 01:20:18,761 | experiments/exp03/seeds/seed43/static/aligned/validation.json | both:d2:u1:pNone
2026-09-30 01:20:25,906 | prediction 4096/7002
2026-09-30 01:20:31,687 | experiments/exp03/seeds/seed43/static/aligned/validation.json | both:d2:u2:pNone
2026-09-30 01:20:38,830 | prediction 4096/7002
2026-09-30 01:20:44,607 | experiments/exp03/seeds/seed43/static/aligned/validation.json | both:d2:u4:pNone
2026-09-30 01:20:51,750 | prediction 4096/7002
2026-09-30 01:20:57,530 | experiments/exp03/seeds/seed43/static/aligned/validation.json | both:d2:u8:pNone
2026-09-30 01:21:04,673 | prediction 4096/7002
2026-09-30 01:21:10,451 | experiments/exp03/seeds/seed43/static/aligned/validation.json | both:d2:u16:pNone
2026-09-30 01:21:17,594 | prediction 4096/7002
2026-09-30 01:21:23,405 | experiments/exp03/seeds/seed43/static/aligned/validation.json | both:d2:u32:pNone
2026-09-30 01:21:30,575 | prediction 4096/7002
2026-09-30 01:21:36,352 | experiments/exp03/seeds/seed43/static/aligned/validation.json | both:d2:u48:pNone
2026-09-30 01:21:43,524 | prediction 4096/7002
2026-09-30 01:21:49,305 | experiments/exp03/seeds/seed43/static/aligned/validation.json | both:d2:u64:pNone
2026-09-30 01:21:56,475 | prediction 4096/7002
2026-09-30 01:22:02,255 | experiments/exp03/seeds/seed43/static/aligned/validation.json | both:d2:u76:pNone
2026-09-30 01:22:09,427 | prediction 4096/7002
2026-09-30 01:22:15,207 | experiments/exp03/seeds/seed43/static/aligned/validation.json | both:d4:u0:pNone
2026-09-30 01:22:22,350 | prediction 4096/7002
2026-09-30 01:22:28,130 | experiments/exp03/seeds/seed43/static/aligned/validation.json | both:d4:u1:pNone
2026-09-30 01:22:35,271 | prediction 4096/7002
2026-09-30 01:22:41,082 | experiments/exp03/seeds/seed43/static/aligned/validation.json | both:d4:u2:pNone
2026-09-30 01:22:48,239 | prediction 4096/7002
2026-09-30 01:22:54,038 | experiments/exp03/seeds/seed43/static/aligned/validation.json | both:d4:u4:pNone
2026-09-30 01:23:01,213 | prediction 4096/7002
2026-09-30 01:23:07,021 | experiments/exp03/seeds/seed43/static/aligned/validation.json | both:d4:u8:pNone
2026-09-30 01:23:14,196 | prediction 4096/7002
2026-09-30 01:23:19,983 | experiments/exp03/seeds/seed43/static/aligned/validation.json | both:d4:u16:pNone
2026-09-30 01:23:27,127 | prediction 4096/7002
2026-09-30 01:23:32,927 | experiments/exp03/seeds/seed43/static/aligned/validation.json | both:d4:u32:pNone
2026-09-30 01:23:40,131 | prediction 4096/7002
2026-09-30 01:23:45,935 | experiments/exp03/seeds/seed43/static/aligned/validation.json | both:d4:u48:pNone
2026-09-30 01:23:53,122 | prediction 4096/7002
2026-09-30 01:23:58,923 | experiments/exp03/seeds/seed43/static/aligned/validation.json | both:d4:u64:pNone
2026-09-30 01:24:06,090 | prediction 4096/7002
2026-09-30 01:24:11,873 | experiments/exp03/seeds/seed43/static/aligned/validation.json | both:d4:u76:pNone
2026-09-30 01:24:19,049 | prediction 4096/7002
2026-09-30 01:24:24,836 | experiments/exp03/seeds/seed43/static/aligned/validation.json | both:d8:u0:pNone
2026-09-30 01:24:31,981 | prediction 4096/7002
2026-09-30 01:24:37,768 | experiments/exp03/seeds/seed43/static/aligned/validation.json | both:d8:u1:pNone
2026-09-30 01:24:44,914 | prediction 4096/7002
2026-09-30 01:24:50,701 | experiments/exp03/seeds/seed43/static/aligned/validation.json | both:d8:u2:pNone
2026-09-30 01:24:57,845 | prediction 4096/7002
2026-09-30 01:25:03,636 | experiments/exp03/seeds/seed43/static/aligned/validation.json | both:d8:u4:pNone
2026-09-30 01:25:10,779 | prediction 4096/7002
2026-09-30 01:25:16,598 | experiments/exp03/seeds/seed43/static/aligned/validation.json | both:d8:u8:pNone
2026-09-30 01:25:23,740 | prediction 4096/7002
2026-09-30 01:25:29,527 | experiments/exp03/seeds/seed43/static/aligned/validation.json | both:d8:u16:pNone
2026-09-30 01:25:36,670 | prediction 4096/7002
2026-09-30 01:25:42,459 | experiments/exp03/seeds/seed43/static/aligned/validation.json | both:d8:u32:pNone
2026-09-30 01:25:49,629 | prediction 4096/7002
2026-09-30 01:25:55,414 | experiments/exp03/seeds/seed43/static/aligned/validation.json | both:d8:u48:pNone
2026-09-30 01:26:02,580 | prediction 4096/7002
2026-09-30 01:26:08,367 | experiments/exp03/seeds/seed43/static/aligned/validation.json | both:d8:u64:pNone
2026-09-30 01:26:15,539 | prediction 4096/7002
2026-09-30 01:26:21,357 | experiments/exp03/seeds/seed43/static/aligned/validation.json | both:d8:u76:pNone
2026-09-30 01:26:28,534 | prediction 4096/7002
2026-09-30 01:26:34,325 | experiments/exp03/seeds/seed43/static/aligned/validation.json | both:d16:u0:pNone
2026-09-30 01:26:41,475 | prediction 4096/7002
2026-09-30 01:26:47,269 | experiments/exp03/seeds/seed43/static/aligned/validation.json | both:d16:u1:pNone
2026-09-30 01:26:54,417 | prediction 4096/7002
2026-09-30 01:27:00,213 | experiments/exp03/seeds/seed43/static/aligned/validation.json | both:d16:u2:pNone
2026-09-30 01:27:07,362 | prediction 4096/7002
2026-09-30 01:27:13,154 | experiments/exp03/seeds/seed43/static/aligned/validation.json | both:d16:u4:pNone
2026-09-30 01:27:20,292 | prediction 4096/7002
2026-09-30 01:27:26,075 | experiments/exp03/seeds/seed43/static/aligned/validation.json | both:d16:u8:pNone
2026-09-30 01:27:33,214 | prediction 4096/7002
2026-09-30 01:27:39,030 | experiments/exp03/seeds/seed43/static/aligned/validation.json | both:d16:u16:pNone
2026-09-30 01:27:46,171 | prediction 4096/7002
2026-09-30 01:27:51,956 | experiments/exp03/seeds/seed43/static/aligned/validation.json | both:d16:u32:pNone
2026-09-30 01:27:59,124 | prediction 4096/7002
2026-09-30 01:28:04,909 | experiments/exp03/seeds/seed43/static/aligned/validation.json | both:d16:u48:pNone
2026-09-30 01:28:12,079 | prediction 4096/7002
2026-09-30 01:28:17,867 | experiments/exp03/seeds/seed43/static/aligned/validation.json | both:d16:u64:pNone
2026-09-30 01:28:25,039 | prediction 4096/7002
2026-09-30 01:28:30,829 | experiments/exp03/seeds/seed43/static/aligned/validation.json | both:d16:u76:pNone
2026-09-30 01:28:37,999 | prediction 4096/7002
2026-09-30 01:28:43,794 | experiments/exp03/seeds/seed43/static/aligned/validation.json | both:d32:u0:pNone
2026-09-30 01:28:50,965 | prediction 4096/7002
2026-09-30 01:28:56,789 | experiments/exp03/seeds/seed43/static/aligned/validation.json | both:d32:u1:pNone
2026-09-30 01:29:03,936 | prediction 4096/7002
2026-09-30 01:29:09,712 | experiments/exp03/seeds/seed43/static/aligned/validation.json | both:d32:u2:pNone
2026-09-30 01:29:16,890 | prediction 4096/7002
2026-09-30 01:29:22,689 | experiments/exp03/seeds/seed43/static/aligned/validation.json | both:d32:u4:pNone
2026-09-30 01:29:29,869 | prediction 4096/7002
2026-09-30 01:29:35,667 | experiments/exp03/seeds/seed43/static/aligned/validation.json | both:d32:u8:pNone
2026-09-30 01:29:42,847 | prediction 4096/7002
2026-09-30 01:29:48,647 | experiments/exp03/seeds/seed43/static/aligned/validation.json | both:d32:u16:pNone
2026-09-30 01:29:55,827 | prediction 4096/7002
2026-09-30 01:30:01,627 | experiments/exp03/seeds/seed43/static/aligned/validation.json | both:d32:u32:pNone
2026-09-30 01:30:08,804 | prediction 4096/7002
2026-09-30 01:30:14,638 | experiments/exp03/seeds/seed43/static/aligned/validation.json | both:d32:u48:pNone
2026-09-30 01:30:21,819 | prediction 4096/7002
2026-09-30 01:30:27,622 | experiments/exp03/seeds/seed43/static/aligned/validation.json | both:d32:u64:pNone
2026-09-30 01:30:34,803 | prediction 4096/7002
2026-09-30 01:30:40,605 | experiments/exp03/seeds/seed43/static/aligned/validation.json | both:d32:u76:pNone
2026-09-30 01:30:47,783 | prediction 4096/7002
2026-09-30 01:30:53,584 | experiments/exp03/seeds/seed43/static/aligned/validation.json | both:d48:u0:pNone
2026-09-30 01:31:00,766 | prediction 4096/7002
2026-09-30 01:31:06,567 | experiments/exp03/seeds/seed43/static/aligned/validation.json | both:d48:u1:pNone
2026-09-30 01:31:13,746 | prediction 4096/7002
2026-09-30 01:31:19,539 | experiments/exp03/seeds/seed43/static/aligned/validation.json | both:d48:u2:pNone
2026-09-30 01:31:26,711 | prediction 4096/7002
2026-09-30 01:31:32,538 | experiments/exp03/seeds/seed43/static/aligned/validation.json | both:d48:u4:pNone
2026-09-30 01:31:39,723 | prediction 4096/7002
2026-09-30 01:31:45,531 | experiments/exp03/seeds/seed43/static/aligned/validation.json | both:d48:u8:pNone
2026-09-30 01:31:52,703 | prediction 4096/7002
2026-09-30 01:31:58,499 | experiments/exp03/seeds/seed43/static/aligned/validation.json | both:d48:u16:pNone
2026-09-30 01:32:05,675 | prediction 4096/7002
2026-09-30 01:32:11,490 | experiments/exp03/seeds/seed43/static/aligned/validation.json | both:d48:u32:pNone
2026-09-30 01:32:18,697 | prediction 4096/7002
2026-09-30 01:32:24,516 | experiments/exp03/seeds/seed43/static/aligned/validation.json | both:d48:u48:pNone
2026-09-30 01:32:31,720 | prediction 4096/7002
2026-09-30 01:32:37,537 | experiments/exp03/seeds/seed43/static/aligned/validation.json | both:d48:u64:pNone
2026-09-30 01:32:44,739 | prediction 4096/7002
2026-09-30 01:32:50,565 | experiments/exp03/seeds/seed43/static/aligned/validation.json | both:d48:u76:pNone
2026-09-30 01:32:57,735 | prediction 4096/7002
2026-09-30 01:33:03,533 | experiments/exp03/seeds/seed43/static/aligned/validation.json | both:d64:u0:pNone
2026-09-30 01:33:10,702 | prediction 4096/7002
2026-09-30 01:33:16,500 | experiments/exp03/seeds/seed43/static/aligned/validation.json | both:d64:u1:pNone
2026-09-30 01:33:23,670 | prediction 4096/7002
2026-09-30 01:33:29,466 | experiments/exp03/seeds/seed43/static/aligned/validation.json | both:d64:u2:pNone
2026-09-30 01:33:36,638 | prediction 4096/7002
2026-09-30 01:33:42,438 | experiments/exp03/seeds/seed43/static/aligned/validation.json | both:d64:u4:pNone
2026-09-30 01:33:49,609 | prediction 4096/7002
2026-09-30 01:33:55,406 | experiments/exp03/seeds/seed43/static/aligned/validation.json | both:d64:u8:pNone
2026-09-30 01:34:02,577 | prediction 4096/7002
2026-09-30 01:34:08,406 | experiments/exp03/seeds/seed43/static/aligned/validation.json | both:d64:u16:pNone
2026-09-30 01:34:15,580 | prediction 4096/7002
2026-09-30 01:34:21,378 | experiments/exp03/seeds/seed43/static/aligned/validation.json | both:d64:u32:pNone
2026-09-30 01:34:28,549 | prediction 4096/7002
2026-09-30 01:34:34,354 | experiments/exp03/seeds/seed43/static/aligned/validation.json | both:d64:u48:pNone
2026-09-30 01:34:41,529 | prediction 4096/7002
2026-09-30 01:34:47,328 | experiments/exp03/seeds/seed43/static/aligned/validation.json | both:d64:u64:pNone
2026-09-30 01:34:54,499 | prediction 4096/7002
2026-09-30 01:35:00,298 | experiments/exp03/seeds/seed43/static/aligned/validation.json | both:d64:u76:pNone
2026-09-30 01:35:07,471 | prediction 4096/7002
2026-09-30 01:35:13,306 | experiments/exp03/seeds/seed43/static/aligned/validation.json | both:d76:u0:pNone
2026-09-30 01:35:20,476 | prediction 4096/7002
2026-09-30 01:35:26,276 | experiments/exp03/seeds/seed43/static/aligned/validation.json | both:d76:u1:pNone
2026-09-30 01:35:33,449 | prediction 4096/7002
2026-09-30 01:35:39,250 | experiments/exp03/seeds/seed43/static/aligned/validation.json | both:d76:u2:pNone
2026-09-30 01:35:46,422 | prediction 4096/7002
2026-09-30 01:35:52,225 | experiments/exp03/seeds/seed43/static/aligned/validation.json | both:d76:u4:pNone
2026-09-30 01:35:59,396 | prediction 4096/7002
2026-09-30 01:36:05,200 | experiments/exp03/seeds/seed43/static/aligned/validation.json | both:d76:u8:pNone
2026-09-30 01:36:12,376 | prediction 4096/7002
2026-09-30 01:36:18,186 | experiments/exp03/seeds/seed43/static/aligned/validation.json | both:d76:u16:pNone
2026-09-30 01:36:25,361 | prediction 4096/7002
2026-09-30 01:36:31,199 | experiments/exp03/seeds/seed43/static/aligned/validation.json | both:d76:u32:pNone
2026-09-30 01:36:38,373 | prediction 4096/7002
2026-09-30 01:36:44,182 | experiments/exp03/seeds/seed43/static/aligned/validation.json | both:d76:u48:pNone
2026-09-30 01:36:51,391 | prediction 4096/7002
2026-09-30 01:36:57,213 | experiments/exp03/seeds/seed43/static/aligned/validation.json | both:d76:u64:pNone
2026-09-30 01:37:04,399 | prediction 4096/7002
2026-09-30 01:37:10,212 | experiments/exp03/seeds/seed43/static/aligned/validation.json | both:d76:u76:pNone
2026-09-30 01:37:17,394 | prediction 4096/7002
2026-09-30 01:37:30,533 | prediction 4096/105181
2026-09-30 01:37:37,712 | prediction 8192/105181
2026-09-30 01:37:44,896 | prediction 12288/105181
2026-09-30 01:37:52,081 | prediction 16384/105181
2026-09-30 01:37:59,264 | prediction 20480/105181
2026-09-30 01:38:06,448 | prediction 24576/105181
2026-09-30 01:38:13,633 | prediction 28672/105181
2026-09-30 01:38:20,807 | prediction 32768/105181
2026-09-30 01:38:27,958 | prediction 36864/105181
2026-09-30 01:38:35,109 | prediction 40960/105181
2026-09-30 01:38:42,262 | prediction 45056/105181
2026-09-30 01:38:49,413 | prediction 49152/105181
2026-09-30 01:38:56,565 | prediction 53248/105181
2026-09-30 01:39:03,718 | prediction 57344/105181
2026-09-30 01:39:10,870 | prediction 61440/105181
2026-09-30 01:39:18,023 | prediction 65536/105181
2026-09-30 01:39:25,182 | prediction 69632/105181
2026-09-30 01:39:32,365 | prediction 73728/105181
2026-09-30 01:39:39,549 | prediction 77824/105181
2026-09-30 01:39:46,732 | prediction 81920/105181
2026-09-30 01:39:53,916 | prediction 86016/105181
2026-09-30 01:40:01,100 | prediction 90112/105181
2026-09-30 01:40:08,286 | prediction 94208/105181
2026-09-30 01:40:15,474 | prediction 98304/105181
2026-09-30 01:40:22,656 | prediction 102400/105181
2026-09-30 01:40:28,037 | experiments/exp03/seeds/seed43/static/as_stored/online_frozen.json | original:dNone:uNone:pNone
2026-09-30 01:40:30,374 | experiments/exp03/seeds/seed43/static/as_stored/online_frozen.json | bypass:dNone:uNone:pNone
2026-09-30 01:40:37,572 | prediction 4096/105181
2026-09-30 01:40:44,763 | prediction 8192/105181
2026-09-30 01:40:51,948 | prediction 12288/105181
2026-09-30 01:40:59,128 | prediction 16384/105181
2026-09-30 01:41:06,310 | prediction 20480/105181
2026-09-30 01:41:13,496 | prediction 24576/105181
2026-09-30 01:41:20,679 | prediction 28672/105181
2026-09-30 01:41:27,862 | prediction 32768/105181
2026-09-30 01:41:35,045 | prediction 36864/105181
2026-09-30 01:41:42,226 | prediction 40960/105181
2026-09-30 01:41:49,407 | prediction 45056/105181
2026-09-30 01:41:56,589 | prediction 49152/105181
2026-09-30 01:42:03,771 | prediction 53248/105181
2026-09-30 01:42:10,956 | prediction 57344/105181
2026-09-30 01:42:18,138 | prediction 61440/105181
2026-09-30 01:42:25,319 | prediction 65536/105181
2026-09-30 01:42:32,500 | prediction 69632/105181
2026-09-30 01:42:39,680 | prediction 73728/105181
2026-09-30 01:42:46,858 | prediction 77824/105181
2026-09-30 01:42:54,039 | prediction 81920/105181
2026-09-30 01:43:01,219 | prediction 86016/105181
2026-09-30 01:43:08,397 | prediction 90112/105181
2026-09-30 01:43:15,577 | prediction 94208/105181
2026-09-30 01:43:22,758 | prediction 98304/105181
2026-09-30 01:43:29,937 | prediction 102400/105181
2026-09-30 01:43:36,366 | experiments/exp03/seeds/seed43/static/as_stored/online_frozen.json | down:d0:uNone:pNone
2026-09-30 01:43:43,553 | prediction 4096/105181
2026-09-30 01:43:50,733 | prediction 8192/105181
2026-09-30 01:43:57,911 | prediction 12288/105181
2026-09-30 01:44:05,090 | prediction 16384/105181
2026-09-30 01:44:12,271 | prediction 20480/105181
2026-09-30 01:44:19,449 | prediction 24576/105181
2026-09-30 01:44:26,628 | prediction 28672/105181
2026-09-30 01:44:33,814 | prediction 32768/105181
2026-09-30 01:44:40,998 | prediction 36864/105181
2026-09-30 01:44:48,176 | prediction 40960/105181
2026-09-30 01:44:55,356 | prediction 45056/105181
2026-09-30 01:45:02,537 | prediction 49152/105181
2026-09-30 01:45:09,717 | prediction 53248/105181
2026-09-30 01:45:16,897 | prediction 57344/105181
2026-09-30 01:45:24,077 | prediction 61440/105181
2026-09-30 01:45:31,257 | prediction 65536/105181
2026-09-30 01:45:38,435 | prediction 69632/105181
2026-09-30 01:45:45,614 | prediction 73728/105181
2026-09-30 01:45:52,794 | prediction 77824/105181
2026-09-30 01:45:59,973 | prediction 81920/105181
2026-09-30 01:46:07,150 | prediction 86016/105181
2026-09-30 01:46:14,330 | prediction 90112/105181
2026-09-30 01:46:21,507 | prediction 94208/105181
2026-09-30 01:46:28,684 | prediction 98304/105181
2026-09-30 01:46:35,861 | prediction 102400/105181
2026-09-30 01:46:42,265 | experiments/exp03/seeds/seed43/static/as_stored/online_frozen.json | down:d1:uNone:pNone
2026-09-30 01:46:49,453 | prediction 4096/105181
2026-09-30 01:46:56,635 | prediction 8192/105181
2026-09-30 01:47:03,816 | prediction 12288/105181
2026-09-30 01:47:10,997 | prediction 16384/105181
2026-09-30 01:47:18,177 | prediction 20480/105181
2026-09-30 01:47:25,358 | prediction 24576/105181
2026-09-30 01:47:32,542 | prediction 28672/105181
2026-09-30 01:47:39,723 | prediction 32768/105181
2026-09-30 01:47:46,903 | prediction 36864/105181
2026-09-30 01:47:54,084 | prediction 40960/105181
2026-09-30 01:48:01,264 | prediction 45056/105181
2026-09-30 01:48:08,446 | prediction 49152/105181
2026-09-30 01:48:15,629 | prediction 53248/105181
2026-09-30 01:48:22,811 | prediction 57344/105181
2026-09-30 01:48:29,991 | prediction 61440/105181
2026-09-30 01:48:37,172 | prediction 65536/105181
2026-09-30 01:48:44,352 | prediction 69632/105181
2026-09-30 01:48:51,533 | prediction 73728/105181
2026-09-30 01:48:58,712 | prediction 77824/105181
2026-09-30 01:49:05,894 | prediction 81920/105181
2026-09-30 01:49:13,074 | prediction 86016/105181
2026-09-30 01:49:20,248 | prediction 90112/105181
2026-09-30 01:49:27,393 | prediction 94208/105181
2026-09-30 01:49:34,539 | prediction 98304/105181
2026-09-30 01:49:41,682 | prediction 102400/105181
2026-09-30 01:49:48,067 | experiments/exp03/seeds/seed43/static/as_stored/online_frozen.json | down:d2:uNone:pNone
2026-09-30 01:49:55,223 | prediction 4096/105181
2026-09-30 01:50:02,372 | prediction 8192/105181
2026-09-30 01:50:09,521 | prediction 12288/105181
2026-09-30 01:50:16,672 | prediction 16384/105181
2026-09-30 01:50:23,820 | prediction 20480/105181
2026-09-30 01:50:30,968 | prediction 24576/105181
2026-09-30 01:50:38,119 | prediction 28672/105181
2026-09-30 01:50:45,269 | prediction 32768/105181
2026-09-30 01:50:52,417 | prediction 36864/105181
2026-09-30 01:50:59,564 | prediction 40960/105181
2026-09-30 01:51:06,711 | prediction 45056/105181
2026-09-30 01:51:13,858 | prediction 49152/105181
2026-09-30 01:51:21,005 | prediction 53248/105181
2026-09-30 01:51:28,151 | prediction 57344/105181
2026-09-30 01:51:35,296 | prediction 61440/105181
2026-09-30 01:51:42,443 | prediction 65536/105181
2026-09-30 01:51:49,588 | prediction 69632/105181
2026-09-30 01:51:56,735 | prediction 73728/105181
2026-09-30 01:52:03,882 | prediction 77824/105181
2026-09-30 01:52:11,032 | prediction 81920/105181
2026-09-30 01:52:18,178 | prediction 86016/105181
2026-09-30 01:52:25,329 | prediction 90112/105181
2026-09-30 01:52:32,480 | prediction 94208/105181
2026-09-30 01:52:39,626 | prediction 98304/105181
2026-09-30 01:52:46,774 | prediction 102400/105181
2026-09-30 01:52:53,159 | experiments/exp03/seeds/seed43/static/as_stored/online_frozen.json | down:d4:uNone:pNone
2026-09-30 01:53:00,314 | prediction 4096/105181
2026-09-30 01:53:07,461 | prediction 8192/105181
2026-09-30 01:53:14,610 | prediction 12288/105181
2026-09-30 01:53:21,758 | prediction 16384/105181
2026-09-30 01:53:28,905 | prediction 20480/105181
2026-09-30 01:53:36,055 | prediction 24576/105181
2026-09-30 01:53:43,202 | prediction 28672/105181
2026-09-30 01:53:50,351 | prediction 32768/105181
2026-09-30 01:53:57,496 | prediction 36864/105181
2026-09-30 01:54:04,643 | prediction 40960/105181
2026-09-30 01:54:11,796 | prediction 45056/105181
2026-09-30 01:54:18,941 | prediction 49152/105181
2026-09-30 01:54:26,087 | prediction 53248/105181
2026-09-30 01:54:33,231 | prediction 57344/105181
2026-09-30 01:54:40,375 | prediction 61440/105181
2026-09-30 01:54:47,519 | prediction 65536/105181
2026-09-30 01:54:54,666 | prediction 69632/105181
2026-09-30 01:55:01,823 | prediction 73728/105181
2026-09-30 01:55:09,002 | prediction 77824/105181
2026-09-30 01:55:16,175 | prediction 81920/105181
2026-09-30 01:55:23,348 | prediction 86016/105181
2026-09-30 01:55:30,523 | prediction 90112/105181
2026-09-30 01:55:37,696 | prediction 94208/105181
2026-09-30 01:55:44,869 | prediction 98304/105181
2026-09-30 01:55:52,045 | prediction 102400/105181
2026-09-30 01:55:58,450 | experiments/exp03/seeds/seed43/static/as_stored/online_frozen.json | down:d8:uNone:pNone
2026-09-30 01:56:05,640 | prediction 4096/105181
2026-09-30 01:56:12,820 | prediction 8192/105181
2026-09-30 01:56:19,999 | prediction 12288/105181
2026-09-30 01:56:27,178 | prediction 16384/105181
2026-09-30 01:56:34,357 | prediction 20480/105181
2026-09-30 01:56:41,535 | prediction 24576/105181
2026-09-30 01:56:48,714 | prediction 28672/105181
2026-09-30 01:56:55,892 | prediction 32768/105181
2026-09-30 01:57:03,069 | prediction 36864/105181
2026-09-30 01:57:10,246 | prediction 40960/105181
2026-09-30 01:57:17,425 | prediction 45056/105181
2026-09-30 01:57:24,575 | prediction 49152/105181
2026-09-30 01:57:31,713 | prediction 53248/105181
2026-09-30 01:57:38,855 | prediction 57344/105181
2026-09-30 01:57:46,000 | prediction 61440/105181
2026-09-30 01:57:53,144 | prediction 65536/105181
2026-09-30 01:58:00,289 | prediction 69632/105181
2026-09-30 01:58:07,431 | prediction 73728/105181
2026-09-30 01:58:14,573 | prediction 77824/105181
2026-09-30 01:58:21,715 | prediction 81920/105181
2026-09-30 01:58:28,856 | prediction 86016/105181
2026-09-30 01:58:35,995 | prediction 90112/105181
2026-09-30 01:58:43,135 | prediction 94208/105181
2026-09-30 01:58:50,277 | prediction 98304/105181
2026-09-30 01:58:57,417 | prediction 102400/105181
2026-09-30 01:59:03,826 | experiments/exp03/seeds/seed43/static/as_stored/online_frozen.json | down:d16:uNone:pNone
2026-09-30 01:59:10,982 | prediction 4096/105181
2026-09-30 01:59:18,130 | prediction 8192/105181
2026-09-30 01:59:25,275 | prediction 12288/105181
2026-09-30 01:59:32,422 | prediction 16384/105181
2026-09-30 01:59:39,567 | prediction 20480/105181
2026-09-30 01:59:46,714 | prediction 24576/105181
2026-09-30 01:59:53,860 | prediction 28672/105181
2026-09-30 02:00:01,007 | prediction 32768/105181
2026-09-30 02:00:08,155 | prediction 36864/105181
2026-09-30 02:00:15,306 | prediction 40960/105181
2026-09-30 02:00:22,451 | prediction 45056/105181
2026-09-30 02:00:29,599 | prediction 49152/105181
2026-09-30 02:00:36,744 | prediction 53248/105181
2026-09-30 02:00:43,892 | prediction 57344/105181
2026-09-30 02:00:51,042 | prediction 61440/105181
2026-09-30 02:00:58,192 | prediction 65536/105181
2026-09-30 02:01:05,344 | prediction 69632/105181
2026-09-30 02:01:12,493 | prediction 73728/105181
2026-09-30 02:01:19,638 | prediction 77824/105181
2026-09-30 02:01:26,781 | prediction 81920/105181
2026-09-30 02:01:33,927 | prediction 86016/105181
2026-09-30 02:01:41,074 | prediction 90112/105181
2026-09-30 02:01:48,219 | prediction 94208/105181
2026-09-30 02:01:55,364 | prediction 98304/105181
2026-09-30 02:02:02,514 | prediction 102400/105181
2026-09-30 02:02:08,899 | experiments/exp03/seeds/seed43/static/as_stored/online_frozen.json | down:d32:uNone:pNone
2026-09-30 02:02:16,083 | prediction 4096/105181
2026-09-30 02:02:23,230 | prediction 8192/105181
2026-09-30 02:02:30,379 | prediction 12288/105181
2026-09-30 02:02:37,524 | prediction 16384/105181
2026-09-30 02:02:44,673 | prediction 20480/105181
2026-09-30 02:02:51,842 | prediction 24576/105181
2026-09-30 02:02:59,015 | prediction 28672/105181
2026-09-30 02:03:06,188 | prediction 32768/105181
2026-09-30 02:03:13,360 | prediction 36864/105181
2026-09-30 02:03:20,533 | prediction 40960/105181
2026-09-30 02:03:27,706 | prediction 45056/105181
2026-09-30 02:03:34,879 | prediction 49152/105181
2026-09-30 02:03:42,052 | prediction 53248/105181
2026-09-30 02:03:49,225 | prediction 57344/105181
2026-09-30 02:03:56,398 | prediction 61440/105181
2026-09-30 02:04:03,574 | prediction 65536/105181
2026-09-30 02:04:10,733 | prediction 69632/105181
2026-09-30 02:04:17,874 | prediction 73728/105181
2026-09-30 02:04:25,009 | prediction 77824/105181
2026-09-30 02:04:32,146 | prediction 81920/105181
2026-09-30 02:04:39,281 | prediction 86016/105181
2026-09-30 02:04:46,430 | prediction 90112/105181
2026-09-30 02:04:53,601 | prediction 94208/105181
2026-09-30 02:05:00,771 | prediction 98304/105181
2026-09-30 02:05:07,942 | prediction 102400/105181
2026-09-30 02:05:14,345 | experiments/exp03/seeds/seed43/static/as_stored/online_frozen.json | down:d48:uNone:pNone
2026-09-30 02:05:21,542 | prediction 4096/105181
2026-09-30 02:05:28,680 | prediction 8192/105181
2026-09-30 02:05:35,817 | prediction 12288/105181
2026-09-30 02:05:42,955 | prediction 16384/105181
2026-09-30 02:05:50,094 | prediction 20480/105181
2026-09-30 02:05:57,231 | prediction 24576/105181
2026-09-30 02:06:04,371 | prediction 28672/105181
2026-09-30 02:06:11,514 | prediction 32768/105181
2026-09-30 02:06:18,651 | prediction 36864/105181
2026-09-30 02:06:25,789 | prediction 40960/105181
2026-09-30 02:06:32,927 | prediction 45056/105181
2026-09-30 02:06:40,063 | prediction 49152/105181
2026-09-30 02:06:47,202 | prediction 53248/105181
2026-09-30 02:06:54,340 | prediction 57344/105181
2026-09-30 02:07:01,478 | prediction 61440/105181
2026-09-30 02:07:08,615 | prediction 65536/105181
2026-09-30 02:07:15,753 | prediction 69632/105181
2026-09-30 02:07:22,891 | prediction 73728/105181
2026-09-30 02:07:30,030 | prediction 77824/105181
2026-09-30 02:07:37,166 | prediction 81920/105181
2026-09-30 02:07:44,303 | prediction 86016/105181
2026-09-30 02:07:51,442 | prediction 90112/105181
2026-09-30 02:07:58,586 | prediction 94208/105181
2026-09-30 02:08:05,729 | prediction 98304/105181
2026-09-30 02:08:12,889 | prediction 102400/105181
2026-09-30 02:08:19,289 | experiments/exp03/seeds/seed43/static/as_stored/online_frozen.json | down:d64:uNone:pNone
2026-09-30 02:08:26,497 | prediction 4096/105181
2026-09-30 02:08:33,675 | prediction 8192/105181
2026-09-30 02:08:40,851 | prediction 12288/105181
2026-09-30 02:08:48,030 | prediction 16384/105181
2026-09-30 02:08:55,208 | prediction 20480/105181
2026-09-30 02:09:02,359 | prediction 24576/105181
2026-09-30 02:09:09,499 | prediction 28672/105181
2026-09-30 02:09:16,638 | prediction 32768/105181
2026-09-30 02:09:23,775 | prediction 36864/105181
2026-09-30 02:09:30,914 | prediction 40960/105181
2026-09-30 02:09:38,053 | prediction 45056/105181
2026-09-30 02:09:45,195 | prediction 49152/105181
2026-09-30 02:09:52,340 | prediction 53248/105181
2026-09-30 02:09:59,481 | prediction 57344/105181
2026-09-30 02:10:06,621 | prediction 61440/105181
2026-09-30 02:10:13,767 | prediction 65536/105181
2026-09-30 02:10:20,915 | prediction 69632/105181
2026-09-30 02:10:28,064 | prediction 73728/105181
2026-09-30 02:10:35,212 | prediction 77824/105181
2026-09-30 02:10:42,360 | prediction 81920/105181
2026-09-30 02:10:49,505 | prediction 86016/105181
2026-09-30 02:10:56,652 | prediction 90112/105181
2026-09-30 02:11:03,798 | prediction 94208/105181
2026-09-30 02:11:10,944 | prediction 98304/105181
2026-09-30 02:11:18,090 | prediction 102400/105181
2026-09-30 02:11:24,479 | experiments/exp03/seeds/seed43/static/as_stored/online_frozen.json | down:d76:uNone:pNone
2026-09-30 02:11:31,661 | prediction 4096/105181
2026-09-30 02:11:38,805 | prediction 8192/105181
2026-09-30 02:11:45,952 | prediction 12288/105181
2026-09-30 02:11:53,097 | prediction 16384/105181
2026-09-30 02:12:00,248 | prediction 20480/105181
2026-09-30 02:12:07,397 | prediction 24576/105181
2026-09-30 02:12:14,543 | prediction 28672/105181
2026-09-30 02:12:21,688 | prediction 32768/105181
2026-09-30 02:12:28,830 | prediction 36864/105181
2026-09-30 02:12:35,973 | prediction 40960/105181
2026-09-30 02:12:43,116 | prediction 45056/105181
2026-09-30 02:12:50,259 | prediction 49152/105181
2026-09-30 02:12:57,402 | prediction 53248/105181
2026-09-30 02:13:04,546 | prediction 57344/105181
2026-09-30 02:13:11,688 | prediction 61440/105181
2026-09-30 02:13:18,826 | prediction 65536/105181
2026-09-30 02:13:25,970 | prediction 69632/105181
2026-09-30 02:13:33,116 | prediction 73728/105181
2026-09-30 02:13:40,258 | prediction 77824/105181
2026-09-30 02:13:47,395 | prediction 81920/105181
2026-09-30 02:13:54,537 | prediction 86016/105181
2026-09-30 02:14:01,676 | prediction 90112/105181
2026-09-30 02:14:08,815 | prediction 94208/105181
2026-09-30 02:14:15,967 | prediction 98304/105181
2026-09-30 02:14:23,116 | prediction 102400/105181
2026-09-30 02:14:30,356 | experiments/exp03/seeds/seed43/static/as_stored/online_frozen.json | up:dNone:u0:pNone
2026-09-30 02:14:37,516 | prediction 4096/105181
2026-09-30 02:14:44,668 | prediction 8192/105181
2026-09-30 02:14:51,818 | prediction 12288/105181
2026-09-30 02:14:58,970 | prediction 16384/105181
2026-09-30 02:15:06,119 | prediction 20480/105181
2026-09-30 02:15:13,269 | prediction 24576/105181
2026-09-30 02:15:20,417 | prediction 28672/105181
2026-09-30 02:15:27,565 | prediction 32768/105181
2026-09-30 02:15:34,715 | prediction 36864/105181
2026-09-30 02:15:41,865 | prediction 40960/105181
2026-09-30 02:15:49,014 | prediction 45056/105181
2026-09-30 02:15:56,162 | prediction 49152/105181
2026-09-30 02:16:03,312 | prediction 53248/105181
2026-09-30 02:16:10,463 | prediction 57344/105181
2026-09-30 02:16:17,619 | prediction 61440/105181
2026-09-30 02:16:24,796 | prediction 65536/105181
2026-09-30 02:16:31,973 | prediction 69632/105181
2026-09-30 02:16:39,150 | prediction 73728/105181
2026-09-30 02:16:46,327 | prediction 77824/105181
2026-09-30 02:16:53,503 | prediction 81920/105181
2026-09-30 02:17:00,680 | prediction 86016/105181
2026-09-30 02:17:07,857 | prediction 90112/105181
2026-09-30 02:17:15,034 | prediction 94208/105181
2026-09-30 02:17:22,210 | prediction 98304/105181
2026-09-30 02:17:29,388 | prediction 102400/105181
2026-09-30 02:17:35,822 | experiments/exp03/seeds/seed43/static/as_stored/online_frozen.json | up:dNone:u1:pNone
2026-09-30 02:17:42,970 | prediction 4096/105181
2026-09-30 02:17:50,109 | prediction 8192/105181
2026-09-30 02:17:57,245 | prediction 12288/105181
2026-09-30 02:18:04,384 | prediction 16384/105181
2026-09-30 02:18:11,526 | prediction 20480/105181
2026-09-30 02:18:18,665 | prediction 24576/105181
2026-09-30 02:18:25,803 | prediction 28672/105181
2026-09-30 02:18:32,943 | prediction 32768/105181
2026-09-30 02:18:40,082 | prediction 36864/105181
2026-09-30 02:18:47,221 | prediction 40960/105181
2026-09-30 02:18:54,361 | prediction 45056/105181
2026-09-30 02:19:01,498 | prediction 49152/105181
2026-09-30 02:19:08,638 | prediction 53248/105181
2026-09-30 02:19:15,775 | prediction 57344/105181
2026-09-30 02:19:22,919 | prediction 61440/105181
2026-09-30 02:19:30,062 | prediction 65536/105181
2026-09-30 02:19:37,202 | prediction 69632/105181
2026-09-30 02:19:44,342 | prediction 73728/105181
2026-09-30 02:19:51,480 | prediction 77824/105181
2026-09-30 02:19:58,618 | prediction 81920/105181
2026-09-30 02:20:05,755 | prediction 86016/105181
2026-09-30 02:20:12,900 | prediction 90112/105181
2026-09-30 02:20:20,042 | prediction 94208/105181
2026-09-30 02:20:27,184 | prediction 98304/105181
2026-09-30 02:20:34,323 | prediction 102400/105181
2026-09-30 02:20:40,703 | experiments/exp03/seeds/seed43/static/as_stored/online_frozen.json | up:dNone:u2:pNone
2026-09-30 02:20:47,854 | prediction 4096/105181
2026-09-30 02:20:54,996 | prediction 8192/105181
2026-09-30 02:21:02,138 | prediction 12288/105181
2026-09-30 02:21:09,279 | prediction 16384/105181
2026-09-30 02:21:16,422 | prediction 20480/105181
2026-09-30 02:21:23,564 | prediction 24576/105181
2026-09-30 02:21:30,708 | prediction 28672/105181
2026-09-30 02:21:37,856 | prediction 32768/105181
2026-09-30 02:21:44,999 | prediction 36864/105181
2026-09-30 02:21:52,140 | prediction 40960/105181
2026-09-30 02:21:59,283 | prediction 45056/105181
2026-09-30 02:22:06,427 | prediction 49152/105181
2026-09-30 02:22:13,576 | prediction 53248/105181
2026-09-30 02:22:20,724 | prediction 57344/105181
2026-09-30 02:22:27,868 | prediction 61440/105181
2026-09-30 02:22:35,016 | prediction 65536/105181
2026-09-30 02:22:42,165 | prediction 69632/105181
2026-09-30 02:22:49,319 | prediction 73728/105181
2026-09-30 02:22:56,495 | prediction 77824/105181
2026-09-30 02:23:03,670 | prediction 81920/105181
2026-09-30 02:23:10,845 | prediction 86016/105181
2026-09-30 02:23:18,020 | prediction 90112/105181
2026-09-30 02:23:25,195 | prediction 94208/105181
2026-09-30 02:23:32,341 | prediction 98304/105181
2026-09-30 02:23:39,483 | prediction 102400/105181
2026-09-30 02:23:45,868 | experiments/exp03/seeds/seed43/static/as_stored/online_frozen.json | up:dNone:u4:pNone
2026-09-30 02:23:53,022 | prediction 4096/105181
2026-09-30 02:24:00,169 | prediction 8192/105181
2026-09-30 02:24:07,316 | prediction 12288/105181
2026-09-30 02:24:14,468 | prediction 16384/105181
2026-09-30 02:24:21,615 | prediction 20480/105181
2026-09-30 02:24:28,764 | prediction 24576/105181
2026-09-30 02:24:35,912 | prediction 28672/105181
2026-09-30 02:24:43,056 | prediction 32768/105181
2026-09-30 02:24:50,194 | prediction 36864/105181
2026-09-30 02:24:57,355 | prediction 40960/105181
2026-09-30 02:25:04,528 | prediction 45056/105181
2026-09-30 02:25:11,697 | prediction 49152/105181
2026-09-30 02:25:18,866 | prediction 53248/105181
2026-09-30 02:25:26,038 | prediction 57344/105181
2026-09-30 02:25:33,209 | prediction 61440/105181
2026-09-30 02:25:40,382 | prediction 65536/105181
2026-09-30 02:25:47,539 | prediction 69632/105181
2026-09-30 02:25:54,678 | prediction 73728/105181
2026-09-30 02:26:01,813 | prediction 77824/105181
2026-09-30 02:26:08,951 | prediction 81920/105181
2026-09-30 02:26:16,098 | prediction 86016/105181
2026-09-30 02:26:23,235 | prediction 90112/105181
2026-09-30 02:26:30,374 | prediction 94208/105181
2026-09-30 02:26:37,511 | prediction 98304/105181
2026-09-30 02:26:44,648 | prediction 102400/105181
2026-09-30 02:26:51,027 | experiments/exp03/seeds/seed43/static/as_stored/online_frozen.json | up:dNone:u8:pNone
2026-09-30 02:26:58,175 | prediction 4096/105181
2026-09-30 02:27:05,318 | prediction 8192/105181
2026-09-30 02:27:12,460 | prediction 12288/105181
2026-09-30 02:27:19,598 | prediction 16384/105181
2026-09-30 02:27:26,734 | prediction 20480/105181
2026-09-30 02:27:33,883 | prediction 24576/105181
2026-09-30 02:27:41,058 | prediction 28672/105181
2026-09-30 02:27:48,219 | prediction 32768/105181
2026-09-30 02:27:55,359 | prediction 36864/105181
2026-09-30 02:28:02,499 | prediction 40960/105181
2026-09-30 02:28:09,639 | prediction 45056/105181
2026-09-30 02:28:16,790 | prediction 49152/105181
2026-09-30 02:28:23,940 | prediction 53248/105181
2026-09-30 02:28:31,091 | prediction 57344/105181
2026-09-30 02:28:38,240 | prediction 61440/105181
2026-09-30 02:28:45,390 | prediction 65536/105181
2026-09-30 02:28:52,538 | prediction 69632/105181
2026-09-30 02:28:59,679 | prediction 73728/105181
2026-09-30 02:29:06,828 | prediction 77824/105181
2026-09-30 02:29:13,980 | prediction 81920/105181
2026-09-30 02:29:21,131 | prediction 86016/105181
2026-09-30 02:29:28,279 | prediction 90112/105181
2026-09-30 02:29:35,428 | prediction 94208/105181
2026-09-30 02:29:42,576 | prediction 98304/105181
2026-09-30 02:29:49,724 | prediction 102400/105181
2026-09-30 02:29:56,112 | experiments/exp03/seeds/seed43/static/as_stored/online_frozen.json | up:dNone:u16:pNone
2026-09-30 02:30:03,271 | prediction 4096/105181
2026-09-30 02:30:10,425 | prediction 8192/105181
2026-09-30 02:30:17,578 | prediction 12288/105181
2026-09-30 02:30:24,729 | prediction 16384/105181
2026-09-30 02:30:31,879 | prediction 20480/105181
2026-09-30 02:30:39,030 | prediction 24576/105181
2026-09-30 02:30:46,207 | prediction 28672/105181
2026-09-30 02:30:53,384 | prediction 32768/105181
2026-09-30 02:31:00,562 | prediction 36864/105181
2026-09-30 02:31:07,740 | prediction 40960/105181
2026-09-30 02:31:14,918 | prediction 45056/105181
2026-09-30 02:31:22,094 | prediction 49152/105181
2026-09-30 02:31:29,270 | prediction 53248/105181
2026-09-30 02:31:36,447 | prediction 57344/105181
2026-09-30 02:31:43,625 | prediction 61440/105181
2026-09-30 02:31:50,773 | prediction 65536/105181
2026-09-30 02:31:57,918 | prediction 69632/105181
2026-09-30 02:32:05,067 | prediction 73728/105181
2026-09-30 02:32:12,217 | prediction 77824/105181
2026-09-30 02:32:19,365 | prediction 81920/105181
2026-09-30 02:32:26,511 | prediction 86016/105181
2026-09-30 02:32:33,657 | prediction 90112/105181
2026-09-30 02:32:40,802 | prediction 94208/105181
2026-09-30 02:32:47,947 | prediction 98304/105181
2026-09-30 02:32:55,091 | prediction 102400/105181
2026-09-30 02:33:01,510 | experiments/exp03/seeds/seed43/static/as_stored/online_frozen.json | up:dNone:u32:pNone
2026-09-30 02:33:08,693 | prediction 4096/105181
2026-09-30 02:33:15,844 | prediction 8192/105181
2026-09-30 02:33:22,996 | prediction 12288/105181
2026-09-30 02:33:30,169 | prediction 16384/105181
2026-09-30 02:33:37,350 | prediction 20480/105181
2026-09-30 02:33:44,531 | prediction 24576/105181
2026-09-30 02:33:51,692 | prediction 28672/105181
2026-09-30 02:33:58,841 | prediction 32768/105181
2026-09-30 02:34:05,991 | prediction 36864/105181
2026-09-30 02:34:13,145 | prediction 40960/105181
2026-09-30 02:34:20,294 | prediction 45056/105181
2026-09-30 02:34:27,439 | prediction 49152/105181
2026-09-30 02:34:34,586 | prediction 53248/105181
2026-09-30 02:34:41,733 | prediction 57344/105181
2026-09-30 02:34:48,880 | prediction 61440/105181
2026-09-30 02:34:56,027 | prediction 65536/105181
2026-09-30 02:35:03,175 | prediction 69632/105181
2026-09-30 02:35:10,322 | prediction 73728/105181
2026-09-30 02:35:17,470 | prediction 77824/105181
2026-09-30 02:35:24,617 | prediction 81920/105181
2026-09-30 02:35:31,765 | prediction 86016/105181
2026-09-30 02:35:38,914 | prediction 90112/105181
2026-09-30 02:35:46,063 | prediction 94208/105181
2026-09-30 02:35:53,203 | prediction 98304/105181
2026-09-30 02:36:00,343 | prediction 102400/105181
2026-09-30 02:36:06,725 | experiments/exp03/seeds/seed43/static/as_stored/online_frozen.json | up:dNone:u48:pNone
2026-09-30 02:36:13,907 | prediction 4096/105181
2026-09-30 02:36:21,060 | prediction 8192/105181
2026-09-30 02:36:28,208 | prediction 12288/105181
2026-09-30 02:36:35,358 | prediction 16384/105181
2026-09-30 02:36:42,500 | prediction 20480/105181
2026-09-30 02:36:49,637 | prediction 24576/105181
2026-09-30 02:36:56,783 | prediction 28672/105181
2026-09-30 02:37:03,930 | prediction 32768/105181
2026-09-30 02:37:11,076 | prediction 36864/105181
2026-09-30 02:37:18,222 | prediction 40960/105181
2026-09-30 02:37:25,368 | prediction 45056/105181
2026-09-30 02:37:32,514 | prediction 49152/105181
2026-09-30 02:37:39,661 | prediction 53248/105181
2026-09-30 02:37:46,808 | prediction 57344/105181
2026-09-30 02:37:53,956 | prediction 61440/105181
2026-09-30 02:38:01,103 | prediction 65536/105181
2026-09-30 02:38:08,250 | prediction 69632/105181
2026-09-30 02:38:15,402 | prediction 73728/105181
2026-09-30 02:38:22,550 | prediction 77824/105181
2026-09-30 02:38:29,697 | prediction 81920/105181
2026-09-30 02:38:36,845 | prediction 86016/105181
2026-09-30 02:38:43,997 | prediction 90112/105181
2026-09-30 02:38:51,145 | prediction 94208/105181
2026-09-30 02:38:58,293 | prediction 98304/105181
2026-09-30 02:39:05,441 | prediction 102400/105181
2026-09-30 02:39:11,830 | experiments/exp03/seeds/seed43/static/as_stored/online_frozen.json | up:dNone:u64:pNone
2026-09-30 02:39:19,011 | prediction 4096/105181
2026-09-30 02:39:26,164 | prediction 8192/105181
2026-09-30 02:39:33,315 | prediction 12288/105181
2026-09-30 02:39:40,467 | prediction 16384/105181
2026-09-30 02:39:47,619 | prediction 20480/105181
2026-09-30 02:39:54,771 | prediction 24576/105181
2026-09-30 02:40:01,921 | prediction 28672/105181
2026-09-30 02:40:09,072 | prediction 32768/105181
2026-09-30 02:40:16,229 | prediction 36864/105181
2026-09-30 02:40:23,383 | prediction 40960/105181
2026-09-30 02:40:30,535 | prediction 45056/105181
2026-09-30 02:40:37,683 | prediction 49152/105181
2026-09-30 02:40:44,837 | prediction 53248/105181
2026-09-30 02:40:51,988 | prediction 57344/105181
2026-09-30 02:40:59,139 | prediction 61440/105181
2026-09-30 02:41:06,292 | prediction 65536/105181
2026-09-30 02:41:13,443 | prediction 69632/105181
2026-09-30 02:41:20,605 | prediction 73728/105181
2026-09-30 02:41:27,788 | prediction 77824/105181
2026-09-30 02:41:34,965 | prediction 81920/105181
2026-09-30 02:41:42,140 | prediction 86016/105181
2026-09-30 02:41:49,307 | prediction 90112/105181
2026-09-30 02:41:56,450 | prediction 94208/105181
2026-09-30 02:42:03,592 | prediction 98304/105181
2026-09-30 02:42:10,736 | prediction 102400/105181
2026-09-30 02:42:17,129 | experiments/exp03/seeds/seed43/static/as_stored/online_frozen.json | up:dNone:u76:pNone
2026-09-30 02:42:24,316 | prediction 4096/105181
2026-09-30 02:42:31,470 | prediction 8192/105181
2026-09-30 02:42:38,622 | prediction 12288/105181
2026-09-30 02:42:45,774 | prediction 16384/105181
2026-09-30 02:42:52,927 | prediction 20480/105181
2026-09-30 02:43:00,103 | prediction 24576/105181
2026-09-30 02:43:07,284 | prediction 28672/105181
2026-09-30 02:43:14,463 | prediction 32768/105181
2026-09-30 02:43:21,616 | prediction 36864/105181
2026-09-30 02:43:28,763 | prediction 40960/105181
2026-09-30 02:43:35,909 | prediction 45056/105181
2026-09-30 02:43:43,056 | prediction 49152/105181
2026-09-30 02:43:50,202 | prediction 53248/105181
2026-09-30 02:43:57,347 | prediction 57344/105181
2026-09-30 02:44:04,494 | prediction 61440/105181
2026-09-30 02:44:11,642 | prediction 65536/105181
2026-09-30 02:44:18,785 | prediction 69632/105181
2026-09-30 02:44:25,924 | prediction 73728/105181
2026-09-30 02:44:33,063 | prediction 77824/105181
2026-09-30 02:44:40,201 | prediction 81920/105181
2026-09-30 02:44:47,341 | prediction 86016/105181
2026-09-30 02:44:54,479 | prediction 90112/105181
2026-09-30 02:45:01,616 | prediction 94208/105181
2026-09-30 02:45:08,755 | prediction 98304/105181
2026-09-30 02:45:15,895 | prediction 102400/105181
2026-09-30 02:45:23,126 | experiments/exp03/seeds/seed43/static/as_stored/online_frozen.json | both:d0:u0:pNone
2026-09-30 02:45:30,277 | prediction 4096/105181
2026-09-30 02:45:37,425 | prediction 8192/105181
2026-09-30 02:45:44,572 | prediction 12288/105181
2026-09-30 02:45:51,715 | prediction 16384/105181
2026-09-30 02:45:58,859 | prediction 20480/105181
2026-09-30 02:46:06,002 | prediction 24576/105181
2026-09-30 02:46:13,151 | prediction 28672/105181
2026-09-30 02:46:20,294 | prediction 32768/105181
2026-09-30 02:46:27,443 | prediction 36864/105181
2026-09-30 02:46:34,591 | prediction 40960/105181
2026-09-30 02:46:41,738 | prediction 45056/105181
2026-09-30 02:46:48,885 | prediction 49152/105181
2026-09-30 02:46:56,032 | prediction 53248/105181
2026-09-30 02:47:03,177 | prediction 57344/105181
2026-09-30 02:47:10,324 | prediction 61440/105181
2026-09-30 02:47:17,470 | prediction 65536/105181
2026-09-30 02:47:24,617 | prediction 69632/105181
2026-09-30 02:47:31,765 | prediction 73728/105181
2026-09-30 02:47:38,911 | prediction 77824/105181
2026-09-30 02:47:46,059 | prediction 81920/105181
2026-09-30 02:47:53,206 | prediction 86016/105181
2026-09-30 02:48:00,353 | prediction 90112/105181
2026-09-30 02:48:07,499 | prediction 94208/105181
2026-09-30 02:48:14,652 | prediction 98304/105181
2026-09-30 02:48:21,797 | prediction 102400/105181
2026-09-30 02:48:28,184 | experiments/exp03/seeds/seed43/static/as_stored/online_frozen.json | both:d1:u1:pNone
2026-09-30 02:48:35,332 | prediction 4096/105181
2026-09-30 02:48:42,471 | prediction 8192/105181
2026-09-30 02:48:49,616 | prediction 12288/105181
2026-09-30 02:48:56,756 | prediction 16384/105181
2026-09-30 02:49:03,899 | prediction 20480/105181
2026-09-30 02:49:11,040 | prediction 24576/105181
2026-09-30 02:49:18,180 | prediction 28672/105181
2026-09-30 02:49:25,320 | prediction 32768/105181
2026-09-30 02:49:32,460 | prediction 36864/105181
2026-09-30 02:49:39,602 | prediction 40960/105181
2026-09-30 02:49:46,743 | prediction 45056/105181
2026-09-30 02:49:53,884 | prediction 49152/105181
2026-09-30 02:50:01,025 | prediction 53248/105181
2026-09-30 02:50:08,169 | prediction 57344/105181
2026-09-30 02:50:15,313 | prediction 61440/105181
2026-09-30 02:50:22,455 | prediction 65536/105181
2026-09-30 02:50:29,599 | prediction 69632/105181
2026-09-30 02:50:36,744 | prediction 73728/105181
2026-09-30 02:50:43,888 | prediction 77824/105181
2026-09-30 02:50:51,029 | prediction 81920/105181
2026-09-30 02:50:58,171 | prediction 86016/105181
2026-09-30 02:51:05,311 | prediction 90112/105181
2026-09-30 02:51:12,455 | prediction 94208/105181
2026-09-30 02:51:19,601 | prediction 98304/105181
2026-09-30 02:51:26,745 | prediction 102400/105181
2026-09-30 02:51:33,162 | experiments/exp03/seeds/seed43/static/as_stored/online_frozen.json | both:d2:u2:pNone
2026-09-30 02:51:40,314 | prediction 4096/105181
2026-09-30 02:51:47,457 | prediction 8192/105181
2026-09-30 02:51:54,602 | prediction 12288/105181
2026-09-30 02:52:01,745 | prediction 16384/105181
2026-09-30 02:52:08,888 | prediction 20480/105181
2026-09-30 02:52:16,033 | prediction 24576/105181
2026-09-30 02:52:23,175 | prediction 28672/105181
2026-09-30 02:52:30,319 | prediction 32768/105181
2026-09-30 02:52:37,462 | prediction 36864/105181
2026-09-30 02:52:44,607 | prediction 40960/105181
2026-09-30 02:52:51,749 | prediction 45056/105181
2026-09-30 02:52:58,894 | prediction 49152/105181
2026-09-30 02:53:06,036 | prediction 53248/105181
2026-09-30 02:53:13,178 | prediction 57344/105181
2026-09-30 02:53:20,321 | prediction 61440/105181
2026-09-30 02:53:27,465 | prediction 65536/105181
2026-09-30 02:53:34,610 | prediction 69632/105181
2026-09-30 02:53:41,751 | prediction 73728/105181
2026-09-30 02:53:48,926 | prediction 77824/105181
2026-09-30 02:53:56,107 | prediction 81920/105181
2026-09-30 02:54:03,291 | prediction 86016/105181
2026-09-30 02:54:10,474 | prediction 90112/105181
2026-09-30 02:54:17,662 | prediction 94208/105181
2026-09-30 02:54:24,841 | prediction 98304/105181
2026-09-30 02:54:32,020 | prediction 102400/105181
2026-09-30 02:54:38,431 | experiments/exp03/seeds/seed43/static/as_stored/online_frozen.json | both:d4:u4:pNone
2026-09-30 02:54:45,586 | prediction 4096/105181
2026-09-30 02:54:52,729 | prediction 8192/105181
2026-09-30 02:54:59,870 | prediction 12288/105181
2026-09-30 02:55:07,013 | prediction 16384/105181
2026-09-30 02:55:14,195 | prediction 20480/105181
2026-09-30 02:55:21,378 | prediction 24576/105181
2026-09-30 02:55:28,560 | prediction 28672/105181
2026-09-30 02:55:35,742 | prediction 32768/105181
2026-09-30 02:55:42,925 | prediction 36864/105181
2026-09-30 02:55:50,107 | prediction 40960/105181
2026-09-30 02:55:57,291 | prediction 45056/105181
2026-09-30 02:56:04,475 | prediction 49152/105181
2026-09-30 02:56:11,665 | prediction 53248/105181
2026-09-30 02:56:18,843 | prediction 57344/105181
2026-09-30 02:56:25,992 | prediction 61440/105181
2026-09-30 02:56:33,176 | prediction 65536/105181
2026-09-30 02:56:40,360 | prediction 69632/105181
2026-09-30 02:56:47,543 | prediction 73728/105181
2026-09-30 02:56:54,722 | prediction 77824/105181
2026-09-30 02:57:01,901 | prediction 81920/105181
2026-09-30 02:57:09,049 | prediction 86016/105181
2026-09-30 02:57:16,200 | prediction 90112/105181
2026-09-30 02:57:23,349 | prediction 94208/105181
2026-09-30 02:57:30,504 | prediction 98304/105181
2026-09-30 02:57:37,674 | prediction 102400/105181
2026-09-30 02:57:44,088 | experiments/exp03/seeds/seed43/static/as_stored/online_frozen.json | both:d8:u8:pNone
2026-09-30 02:57:51,254 | prediction 4096/105181
2026-09-30 02:57:58,404 | prediction 8192/105181
2026-09-30 02:58:05,551 | prediction 12288/105181
2026-09-30 02:58:12,704 | prediction 16384/105181
2026-09-30 02:58:19,857 | prediction 20480/105181
2026-09-30 02:58:27,007 | prediction 24576/105181
2026-09-30 02:58:34,156 | prediction 28672/105181
2026-09-30 02:58:41,305 | prediction 32768/105181
2026-09-30 02:58:48,454 | prediction 36864/105181
2026-09-30 02:58:55,601 | prediction 40960/105181
2026-09-30 02:59:02,744 | prediction 45056/105181
2026-09-30 02:59:09,910 | prediction 49152/105181
2026-09-30 02:59:17,081 | prediction 53248/105181
2026-09-30 02:59:24,252 | prediction 57344/105181
2026-09-30 02:59:31,414 | prediction 61440/105181
2026-09-30 02:59:38,558 | prediction 65536/105181
2026-09-30 02:59:45,699 | prediction 69632/105181
2026-09-30 02:59:52,846 | prediction 73728/105181
2026-09-30 02:59:59,985 | prediction 77824/105181
2026-09-30 03:00:07,128 | prediction 81920/105181
2026-09-30 03:00:14,270 | prediction 86016/105181
2026-09-30 03:00:21,413 | prediction 90112/105181
2026-09-30 03:00:28,554 | prediction 94208/105181
2026-09-30 03:00:35,696 | prediction 98304/105181
2026-09-30 03:00:42,835 | prediction 102400/105181
2026-09-30 03:00:49,218 | experiments/exp03/seeds/seed43/static/as_stored/online_frozen.json | both:d16:u16:pNone
2026-09-30 03:00:56,374 | prediction 4096/105181
2026-09-30 03:01:03,521 | prediction 8192/105181
2026-09-30 03:01:10,665 | prediction 12288/105181
2026-09-30 03:01:17,809 | prediction 16384/105181
2026-09-30 03:01:24,952 | prediction 20480/105181
2026-09-30 03:01:32,096 | prediction 24576/105181
2026-09-30 03:01:39,267 | prediction 28672/105181
2026-09-30 03:01:46,442 | prediction 32768/105181
2026-09-30 03:01:53,619 | prediction 36864/105181
2026-09-30 03:02:00,794 | prediction 40960/105181
2026-09-30 03:02:07,951 | prediction 45056/105181
2026-09-30 03:02:15,101 | prediction 49152/105181
2026-09-30 03:02:22,244 | prediction 53248/105181
2026-09-30 03:02:29,387 | prediction 57344/105181
2026-09-30 03:02:36,531 | prediction 61440/105181
2026-09-30 03:02:43,674 | prediction 65536/105181
2026-09-30 03:02:50,818 | prediction 69632/105181
2026-09-30 03:02:57,960 | prediction 73728/105181
2026-09-30 03:03:05,103 | prediction 77824/105181
2026-09-30 03:03:12,247 | prediction 81920/105181
2026-09-30 03:03:19,387 | prediction 86016/105181
2026-09-30 03:03:26,534 | prediction 90112/105181
2026-09-30 03:03:33,680 | prediction 94208/105181
2026-09-30 03:03:40,822 | prediction 98304/105181
2026-09-30 03:03:47,962 | prediction 102400/105181
2026-09-30 03:03:54,343 | experiments/exp03/seeds/seed43/static/as_stored/online_frozen.json | both:d32:u32:pNone
2026-09-30 03:04:01,520 | prediction 4096/105181
2026-09-30 03:04:08,665 | prediction 8192/105181
2026-09-30 03:04:15,812 | prediction 12288/105181
2026-09-30 03:04:22,955 | prediction 16384/105181
2026-09-30 03:04:30,098 | prediction 20480/105181
2026-09-30 03:04:37,241 | prediction 24576/105181
2026-09-30 03:04:44,388 | prediction 28672/105181
2026-09-30 03:04:51,531 | prediction 32768/105181
2026-09-30 03:04:58,675 | prediction 36864/105181
2026-09-30 03:05:05,818 | prediction 40960/105181
2026-09-30 03:05:12,960 | prediction 45056/105181
2026-09-30 03:05:20,101 | prediction 49152/105181
2026-09-30 03:05:27,240 | prediction 53248/105181
2026-09-30 03:05:34,384 | prediction 57344/105181
2026-09-30 03:05:41,528 | prediction 61440/105181
2026-09-30 03:05:48,669 | prediction 65536/105181
2026-09-30 03:05:55,810 | prediction 69632/105181
2026-09-30 03:06:02,953 | prediction 73728/105181
2026-09-30 03:06:10,096 | prediction 77824/105181
2026-09-30 03:06:17,242 | prediction 81920/105181
2026-09-30 03:06:24,384 | prediction 86016/105181
2026-09-30 03:06:31,526 | prediction 90112/105181
2026-09-30 03:06:38,668 | prediction 94208/105181
2026-09-30 03:06:45,810 | prediction 98304/105181
2026-09-30 03:06:52,954 | prediction 102400/105181
2026-09-30 03:06:59,340 | experiments/exp03/seeds/seed43/static/as_stored/online_frozen.json | both:d48:u48:pNone
2026-09-30 03:07:06,516 | prediction 4096/105181
2026-09-30 03:07:13,657 | prediction 8192/105181
2026-09-30 03:07:20,798 | prediction 12288/105181
2026-09-30 03:07:27,939 | prediction 16384/105181
2026-09-30 03:07:35,081 | prediction 20480/105181
2026-09-30 03:07:42,222 | prediction 24576/105181
2026-09-30 03:07:49,362 | prediction 28672/105181
2026-09-30 03:07:56,500 | prediction 32768/105181
2026-09-30 03:08:03,642 | prediction 36864/105181
2026-09-30 03:08:10,782 | prediction 40960/105181
2026-09-30 03:08:17,924 | prediction 45056/105181
2026-09-30 03:08:25,064 | prediction 49152/105181
2026-09-30 03:08:32,204 | prediction 53248/105181
2026-09-30 03:08:39,345 | prediction 57344/105181
2026-09-30 03:08:46,484 | prediction 61440/105181
2026-09-30 03:08:53,621 | prediction 65536/105181
2026-09-30 03:09:00,766 | prediction 69632/105181
2026-09-30 03:09:07,906 | prediction 73728/105181
2026-09-30 03:09:15,055 | prediction 77824/105181
2026-09-30 03:09:22,197 | prediction 81920/105181
2026-09-30 03:09:29,338 | prediction 86016/105181
2026-09-30 03:09:36,478 | prediction 90112/105181
2026-09-30 03:09:43,619 | prediction 94208/105181
2026-09-30 03:09:50,758 | prediction 98304/105181
2026-09-30 03:09:57,898 | prediction 102400/105181
2026-09-30 03:10:04,362 | experiments/exp03/seeds/seed43/static/as_stored/online_frozen.json | both:d64:u64:pNone
2026-09-30 03:10:11,589 | prediction 4096/105181
2026-09-30 03:10:18,766 | prediction 8192/105181
2026-09-30 03:10:25,939 | prediction 12288/105181
2026-09-30 03:10:33,114 | prediction 16384/105181
2026-09-30 03:10:40,271 | prediction 20480/105181
2026-09-30 03:10:47,412 | prediction 24576/105181
2026-09-30 03:10:54,553 | prediction 28672/105181
2026-09-30 03:11:01,694 | prediction 32768/105181
2026-09-30 03:11:08,836 | prediction 36864/105181
2026-09-30 03:11:15,978 | prediction 40960/105181
2026-09-30 03:11:23,118 | prediction 45056/105181
2026-09-30 03:11:30,257 | prediction 49152/105181
2026-09-30 03:11:37,400 | prediction 53248/105181
2026-09-30 03:11:44,547 | prediction 57344/105181
2026-09-30 03:11:51,692 | prediction 61440/105181
2026-09-30 03:11:58,833 | prediction 65536/105181
2026-09-30 03:12:05,974 | prediction 69632/105181
2026-09-30 03:12:13,120 | prediction 73728/105181
2026-09-30 03:12:20,267 | prediction 77824/105181
2026-09-30 03:12:27,406 | prediction 81920/105181
2026-09-30 03:12:34,547 | prediction 86016/105181
2026-09-30 03:12:41,687 | prediction 90112/105181
2026-09-30 03:12:48,828 | prediction 94208/105181
2026-09-30 03:12:55,968 | prediction 98304/105181
2026-09-30 03:13:03,108 | prediction 102400/105181
2026-09-30 03:13:09,496 | experiments/exp03/seeds/seed43/static/as_stored/online_frozen.json | both:d76:u76:pNone
2026-09-30 03:13:16,676 | prediction 4096/105181
2026-09-30 03:13:23,826 | prediction 8192/105181
2026-09-30 03:13:30,972 | prediction 12288/105181
2026-09-30 03:13:38,119 | prediction 16384/105181
2026-09-30 03:13:45,262 | prediction 20480/105181
2026-09-30 03:13:52,404 | prediction 24576/105181
2026-09-30 03:13:59,547 | prediction 28672/105181
2026-09-30 03:14:06,720 | prediction 32768/105181
2026-09-30 03:14:13,909 | prediction 36864/105181
2026-09-30 03:14:21,087 | prediction 40960/105181
2026-09-30 03:14:28,264 | prediction 45056/105181
2026-09-30 03:14:35,442 | prediction 49152/105181
2026-09-30 03:14:42,617 | prediction 53248/105181
2026-09-30 03:14:49,776 | prediction 57344/105181
2026-09-30 03:14:56,924 | prediction 61440/105181
2026-09-30 03:15:04,099 | prediction 65536/105181
2026-09-30 03:15:11,280 | prediction 69632/105181
2026-09-30 03:15:18,461 | prediction 73728/105181
2026-09-30 03:15:25,643 | prediction 77824/105181
2026-09-30 03:15:32,825 | prediction 81920/105181
2026-09-30 03:15:40,006 | prediction 86016/105181
2026-09-30 03:15:47,186 | prediction 90112/105181
2026-09-30 03:15:54,341 | prediction 94208/105181
2026-09-30 03:16:01,513 | prediction 98304/105181
2026-09-30 03:16:08,695 | prediction 102400/105181
2026-09-30 03:16:15,961 | experiments/exp03/seeds/seed43/static/as_stored/online_frozen.json | random:d4:u4:p0
2026-09-30 03:16:23,162 | prediction 4096/105181
2026-09-30 03:16:30,332 | prediction 8192/105181
2026-09-30 03:16:37,479 | prediction 12288/105181
2026-09-30 03:16:44,627 | prediction 16384/105181
2026-09-30 03:16:51,775 | prediction 20480/105181
2026-09-30 03:16:58,921 | prediction 24576/105181
2026-09-30 03:17:06,068 | prediction 28672/105181
2026-09-30 03:17:13,217 | prediction 32768/105181
2026-09-30 03:17:20,365 | prediction 36864/105181
2026-09-30 03:17:27,512 | prediction 40960/105181
2026-09-30 03:17:34,660 | prediction 45056/105181
2026-09-30 03:17:41,804 | prediction 49152/105181
2026-09-30 03:17:48,950 | prediction 53248/105181
2026-09-30 03:17:56,096 | prediction 57344/105181
2026-09-30 03:18:03,241 | prediction 61440/105181
2026-09-30 03:18:10,385 | prediction 65536/105181
2026-09-30 03:18:17,552 | prediction 69632/105181
2026-09-30 03:18:24,732 | prediction 73728/105181
2026-09-30 03:18:31,914 | prediction 77824/105181
2026-09-30 03:18:39,063 | prediction 81920/105181
2026-09-30 03:18:46,208 | prediction 86016/105181
2026-09-30 03:18:53,367 | prediction 90112/105181
2026-09-30 03:19:00,514 | prediction 94208/105181
2026-09-30 03:19:07,655 | prediction 98304/105181
2026-09-30 03:19:14,795 | prediction 102400/105181
2026-09-30 03:19:21,183 | experiments/exp03/seeds/seed43/static/as_stored/online_frozen.json | random:d4:u4:p1
2026-09-30 03:19:28,347 | prediction 4096/105181
2026-09-30 03:19:35,499 | prediction 8192/105181
2026-09-30 03:19:42,650 | prediction 12288/105181
2026-09-30 03:19:49,800 | prediction 16384/105181
2026-09-30 03:19:56,950 | prediction 20480/105181
2026-09-30 03:20:04,102 | prediction 24576/105181
2026-09-30 03:20:11,253 | prediction 28672/105181
2026-09-30 03:20:18,403 | prediction 32768/105181
2026-09-30 03:20:25,552 | prediction 36864/105181
2026-09-30 03:20:32,701 | prediction 40960/105181
2026-09-30 03:20:39,848 | prediction 45056/105181
2026-09-30 03:20:46,999 | prediction 49152/105181
2026-09-30 03:20:54,149 | prediction 53248/105181
2026-09-30 03:21:01,298 | prediction 57344/105181
2026-09-30 03:21:08,446 | prediction 61440/105181
2026-09-30 03:21:15,595 | prediction 65536/105181
2026-09-30 03:21:22,746 | prediction 69632/105181
2026-09-30 03:21:29,895 | prediction 73728/105181
2026-09-30 03:21:37,047 | prediction 77824/105181
2026-09-30 03:21:44,198 | prediction 81920/105181
2026-09-30 03:21:51,350 | prediction 86016/105181
2026-09-30 03:21:58,511 | prediction 90112/105181
2026-09-30 03:22:05,691 | prediction 94208/105181
2026-09-30 03:22:12,874 | prediction 98304/105181
2026-09-30 03:22:20,055 | prediction 102400/105181
2026-09-30 03:22:26,469 | experiments/exp03/seeds/seed43/static/as_stored/online_frozen.json | random:d4:u4:p2
2026-09-30 03:22:33,639 | prediction 4096/105181
2026-09-30 03:22:40,797 | prediction 8192/105181
2026-09-30 03:22:47,950 | prediction 12288/105181
2026-09-30 03:22:55,105 | prediction 16384/105181
2026-09-30 03:23:02,255 | prediction 20480/105181
2026-09-30 03:23:09,394 | prediction 24576/105181
2026-09-30 03:23:16,545 | prediction 28672/105181
2026-09-30 03:23:23,694 | prediction 32768/105181
2026-09-30 03:23:30,842 | prediction 36864/105181
2026-09-30 03:23:37,993 | prediction 40960/105181
2026-09-30 03:23:45,143 | prediction 45056/105181
2026-09-30 03:23:52,292 | prediction 49152/105181
2026-09-30 03:23:59,442 | prediction 53248/105181
2026-09-30 03:24:06,594 | prediction 57344/105181
2026-09-30 03:24:13,749 | prediction 61440/105181
2026-09-30 03:24:20,902 | prediction 65536/105181
2026-09-30 03:24:28,051 | prediction 69632/105181
2026-09-30 03:24:35,201 | prediction 73728/105181
2026-09-30 03:24:42,351 | prediction 77824/105181
2026-09-30 03:24:49,500 | prediction 81920/105181
2026-09-30 03:24:56,650 | prediction 86016/105181
2026-09-30 03:25:03,801 | prediction 90112/105181
2026-09-30 03:25:10,952 | prediction 94208/105181
2026-09-30 03:25:18,102 | prediction 98304/105181
2026-09-30 03:25:25,252 | prediction 102400/105181
2026-09-30 03:25:31,682 | experiments/exp03/seeds/seed43/static/as_stored/online_frozen.json | random:d8:u8:p0
2026-09-30 03:25:38,850 | prediction 4096/105181
2026-09-30 03:25:46,006 | prediction 8192/105181
2026-09-30 03:25:53,158 | prediction 12288/105181
2026-09-30 03:26:00,310 | prediction 16384/105181
2026-09-30 03:26:07,464 | prediction 20480/105181
2026-09-30 03:26:14,617 | prediction 24576/105181
2026-09-30 03:26:21,769 | prediction 28672/105181
2026-09-30 03:26:28,919 | prediction 32768/105181
2026-09-30 03:26:36,071 | prediction 36864/105181
2026-09-30 03:26:43,223 | prediction 40960/105181
2026-09-30 03:26:50,376 | prediction 45056/105181
2026-09-30 03:26:57,527 | prediction 49152/105181
2026-09-30 03:27:04,678 | prediction 53248/105181
2026-09-30 03:27:11,831 | prediction 57344/105181
2026-09-30 03:27:18,980 | prediction 61440/105181
2026-09-30 03:27:26,131 | prediction 65536/105181
2026-09-30 03:27:33,283 | prediction 69632/105181
2026-09-30 03:27:40,434 | prediction 73728/105181
2026-09-30 03:27:47,585 | prediction 77824/105181
2026-09-30 03:27:54,735 | prediction 81920/105181
2026-09-30 03:28:01,886 | prediction 86016/105181
2026-09-30 03:28:09,038 | prediction 90112/105181
2026-09-30 03:28:16,193 | prediction 94208/105181
2026-09-30 03:28:23,348 | prediction 98304/105181
2026-09-30 03:28:30,502 | prediction 102400/105181
2026-09-30 03:28:36,898 | experiments/exp03/seeds/seed43/static/as_stored/online_frozen.json | random:d8:u8:p1
2026-09-30 03:28:44,067 | prediction 4096/105181
2026-09-30 03:28:51,213 | prediction 8192/105181
2026-09-30 03:28:58,358 | prediction 12288/105181
2026-09-30 03:29:05,502 | prediction 16384/105181
2026-09-30 03:29:12,647 | prediction 20480/105181
2026-09-30 03:29:19,789 | prediction 24576/105181
2026-09-30 03:29:26,935 | prediction 28672/105181
2026-09-30 03:29:34,080 | prediction 32768/105181
2026-09-30 03:29:41,229 | prediction 36864/105181
2026-09-30 03:29:48,374 | prediction 40960/105181
2026-09-30 03:29:55,516 | prediction 45056/105181
2026-09-30 03:30:02,662 | prediction 49152/105181
2026-09-30 03:30:09,807 | prediction 53248/105181
2026-09-30 03:30:16,959 | prediction 57344/105181
2026-09-30 03:30:24,104 | prediction 61440/105181
2026-09-30 03:30:31,248 | prediction 65536/105181
2026-09-30 03:30:38,390 | prediction 69632/105181
2026-09-30 03:30:45,534 | prediction 73728/105181
2026-09-30 03:30:52,675 | prediction 77824/105181
2026-09-30 03:30:59,816 | prediction 81920/105181
2026-09-30 03:31:06,962 | prediction 86016/105181
2026-09-30 03:31:14,132 | prediction 90112/105181
2026-09-30 03:31:21,299 | prediction 94208/105181
2026-09-30 03:31:28,436 | prediction 98304/105181
2026-09-30 03:31:35,571 | prediction 102400/105181
2026-09-30 03:31:41,955 | experiments/exp03/seeds/seed43/static/as_stored/online_frozen.json | random:d8:u8:p2
2026-09-30 03:31:49,118 | prediction 4096/105181
2026-09-30 03:31:56,271 | prediction 8192/105181
2026-09-30 03:32:03,423 | prediction 12288/105181
2026-09-30 03:32:10,575 | prediction 16384/105181
2026-09-30 03:32:17,727 | prediction 20480/105181
2026-09-30 03:32:24,878 | prediction 24576/105181
2026-09-30 03:32:32,028 | prediction 28672/105181
2026-09-30 03:32:39,178 | prediction 32768/105181
2026-09-30 03:32:46,329 | prediction 36864/105181
2026-09-30 03:32:53,480 | prediction 40960/105181
2026-09-30 03:33:00,631 | prediction 45056/105181
2026-09-30 03:33:07,782 | prediction 49152/105181
2026-09-30 03:33:14,934 | prediction 53248/105181
2026-09-30 03:33:22,085 | prediction 57344/105181
2026-09-30 03:33:29,237 | prediction 61440/105181
2026-09-30 03:33:36,389 | prediction 65536/105181
2026-09-30 03:33:43,541 | prediction 69632/105181
2026-09-30 03:33:50,692 | prediction 73728/105181
2026-09-30 03:33:57,844 | prediction 77824/105181
2026-09-30 03:34:04,997 | prediction 81920/105181
2026-09-30 03:34:12,150 | prediction 86016/105181
2026-09-30 03:34:19,299 | prediction 90112/105181
2026-09-30 03:34:26,449 | prediction 94208/105181
2026-09-30 03:34:33,597 | prediction 98304/105181
2026-09-30 03:34:40,739 | prediction 102400/105181
2026-09-30 03:34:47,131 | experiments/exp03/seeds/seed43/static/as_stored/online_frozen.json | random:d16:u16:p0
2026-09-30 03:34:54,301 | prediction 4096/105181
2026-09-30 03:35:01,453 | prediction 8192/105181
2026-09-30 03:35:08,604 | prediction 12288/105181
2026-09-30 03:35:15,756 | prediction 16384/105181
2026-09-30 03:35:22,907 | prediction 20480/105181
2026-09-30 03:35:30,058 | prediction 24576/105181
2026-09-30 03:35:37,210 | prediction 28672/105181
2026-09-30 03:35:44,363 | prediction 32768/105181
2026-09-30 03:35:51,518 | prediction 36864/105181
2026-09-30 03:35:58,669 | prediction 40960/105181
2026-09-30 03:36:05,823 | prediction 45056/105181
2026-09-30 03:36:12,980 | prediction 49152/105181
2026-09-30 03:36:20,135 | prediction 53248/105181
2026-09-30 03:36:27,292 | prediction 57344/105181
2026-09-30 03:36:34,447 | prediction 61440/105181
2026-09-30 03:36:41,602 | prediction 65536/105181
2026-09-30 03:36:48,756 | prediction 69632/105181
2026-09-30 03:36:55,911 | prediction 73728/105181
2026-09-30 03:37:03,065 | prediction 77824/105181
2026-09-30 03:37:10,221 | prediction 81920/105181
2026-09-30 03:37:17,374 | prediction 86016/105181
2026-09-30 03:37:24,522 | prediction 90112/105181
2026-09-30 03:37:31,678 | prediction 94208/105181
2026-09-30 03:37:38,831 | prediction 98304/105181
2026-09-30 03:37:45,985 | prediction 102400/105181
2026-09-30 03:37:52,386 | experiments/exp03/seeds/seed43/static/as_stored/online_frozen.json | random:d16:u16:p1
2026-09-30 03:37:59,558 | prediction 4096/105181
2026-09-30 03:38:06,711 | prediction 8192/105181
2026-09-30 03:38:13,859 | prediction 12288/105181
2026-09-30 03:38:21,007 | prediction 16384/105181
2026-09-30 03:38:28,151 | prediction 20480/105181
2026-09-30 03:38:35,297 | prediction 24576/105181
2026-09-30 03:38:42,441 | prediction 28672/105181
2026-09-30 03:38:49,586 | prediction 32768/105181
2026-09-30 03:38:56,730 | prediction 36864/105181
2026-09-30 03:39:03,875 | prediction 40960/105181
2026-09-30 03:39:11,021 | prediction 45056/105181
2026-09-30 03:39:18,166 | prediction 49152/105181
2026-09-30 03:39:25,310 | prediction 53248/105181
2026-09-30 03:39:32,460 | prediction 57344/105181
2026-09-30 03:39:39,606 | prediction 61440/105181
2026-09-30 03:39:46,753 | prediction 65536/105181
2026-09-30 03:39:53,903 | prediction 69632/105181
2026-09-30 03:40:01,047 | prediction 73728/105181
2026-09-30 03:40:08,190 | prediction 77824/105181
2026-09-30 03:40:15,338 | prediction 81920/105181
2026-09-30 03:40:22,480 | prediction 86016/105181
2026-09-30 03:40:29,621 | prediction 90112/105181
2026-09-30 03:40:36,761 | prediction 94208/105181
2026-09-30 03:40:43,909 | prediction 98304/105181
2026-09-30 03:40:51,050 | prediction 102400/105181
2026-09-30 03:40:57,439 | experiments/exp03/seeds/seed43/static/as_stored/online_frozen.json | random:d16:u16:p2
2026-09-30 03:41:04,597 | prediction 4096/105181
2026-09-30 03:41:11,742 | prediction 8192/105181
2026-09-30 03:41:18,887 | prediction 12288/105181
2026-09-30 03:41:26,031 | prediction 16384/105181
2026-09-30 03:41:33,179 | prediction 20480/105181
2026-09-30 03:41:40,321 | prediction 24576/105181
2026-09-30 03:41:47,463 | prediction 28672/105181
2026-09-30 03:41:54,605 | prediction 32768/105181
2026-09-30 03:42:01,748 | prediction 36864/105181
2026-09-30 03:42:08,891 | prediction 40960/105181
2026-09-30 03:42:16,035 | prediction 45056/105181
2026-09-30 03:42:23,177 | prediction 49152/105181
2026-09-30 03:42:30,337 | prediction 53248/105181
2026-09-30 03:42:37,504 | prediction 57344/105181
2026-09-30 03:42:44,677 | prediction 61440/105181
2026-09-30 03:42:51,830 | prediction 65536/105181
2026-09-30 03:42:58,972 | prediction 69632/105181
2026-09-30 03:43:06,110 | prediction 73728/105181
2026-09-30 03:43:13,250 | prediction 77824/105181
2026-09-30 03:43:20,388 | prediction 81920/105181
2026-09-30 03:43:27,527 | prediction 86016/105181
2026-09-30 03:43:34,669 | prediction 90112/105181
2026-09-30 03:43:41,814 | prediction 94208/105181
2026-09-30 03:43:48,954 | prediction 98304/105181
2026-09-30 03:43:56,092 | prediction 102400/105181
2026-09-30 03:44:02,477 | experiments/exp03/seeds/seed43/static/as_stored/online_frozen.json | random:d32:u32:p0
2026-09-30 03:44:09,654 | prediction 4096/105181
2026-09-30 03:44:16,802 | prediction 8192/105181
2026-09-30 03:44:23,950 | prediction 12288/105181
2026-09-30 03:44:31,095 | prediction 16384/105181
2026-09-30 03:44:38,239 | prediction 20480/105181
2026-09-30 03:44:45,382 | prediction 24576/105181
2026-09-30 03:44:52,526 | prediction 28672/105181
2026-09-30 03:44:59,668 | prediction 32768/105181
2026-09-30 03:45:06,813 | prediction 36864/105181
2026-09-30 03:45:13,956 | prediction 40960/105181
2026-09-30 03:45:21,097 | prediction 45056/105181
2026-09-30 03:45:28,240 | prediction 49152/105181
2026-09-30 03:45:35,383 | prediction 53248/105181
2026-09-30 03:45:42,524 | prediction 57344/105181
2026-09-30 03:45:49,665 | prediction 61440/105181
2026-09-30 03:45:56,806 | prediction 65536/105181
2026-09-30 03:46:03,949 | prediction 69632/105181
2026-09-30 03:46:11,092 | prediction 73728/105181
2026-09-30 03:46:18,238 | prediction 77824/105181
2026-09-30 03:46:25,380 | prediction 81920/105181
2026-09-30 03:46:32,522 | prediction 86016/105181
2026-09-30 03:46:39,663 | prediction 90112/105181
2026-09-30 03:46:46,805 | prediction 94208/105181
2026-09-30 03:46:53,946 | prediction 98304/105181
2026-09-30 03:47:01,089 | prediction 102400/105181
2026-09-30 03:47:07,510 | experiments/exp03/seeds/seed43/static/as_stored/online_frozen.json | random:d32:u32:p1
2026-09-30 03:47:14,686 | prediction 4096/105181
2026-09-30 03:47:21,827 | prediction 8192/105181
2026-09-30 03:47:28,967 | prediction 12288/105181
2026-09-30 03:47:36,109 | prediction 16384/105181
2026-09-30 03:47:43,249 | prediction 20480/105181
2026-09-30 03:47:50,391 | prediction 24576/105181
2026-09-30 03:47:57,533 | prediction 28672/105181
2026-09-30 03:48:04,675 | prediction 32768/105181
2026-09-30 03:48:11,817 | prediction 36864/105181
2026-09-30 03:48:18,963 | prediction 40960/105181
2026-09-30 03:48:26,104 | prediction 45056/105181
2026-09-30 03:48:33,274 | prediction 49152/105181
2026-09-30 03:48:40,413 | prediction 53248/105181
2026-09-30 03:48:47,550 | prediction 57344/105181
2026-09-30 03:48:54,693 | prediction 61440/105181
2026-09-30 03:49:01,829 | prediction 65536/105181
2026-09-30 03:49:08,966 | prediction 69632/105181
2026-09-30 03:49:16,105 | prediction 73728/105181
2026-09-30 03:49:23,242 | prediction 77824/105181
2026-09-30 03:49:30,379 | prediction 81920/105181
2026-09-30 03:49:37,517 | prediction 86016/105181
2026-09-30 03:49:44,654 | prediction 90112/105181
2026-09-30 03:49:51,795 | prediction 94208/105181
2026-09-30 03:49:58,932 | prediction 98304/105181
2026-09-30 03:50:06,071 | prediction 102400/105181
2026-09-30 03:50:12,466 | experiments/exp03/seeds/seed43/static/as_stored/online_frozen.json | random:d32:u32:p2
2026-09-30 03:50:19,644 | prediction 4096/105181
2026-09-30 03:50:26,785 | prediction 8192/105181
2026-09-30 03:50:33,928 | prediction 12288/105181
2026-09-30 03:50:41,069 | prediction 16384/105181
2026-09-30 03:50:48,209 | prediction 20480/105181
2026-09-30 03:50:55,349 | prediction 24576/105181
2026-09-30 03:51:02,491 | prediction 28672/105181
2026-09-30 03:51:09,632 | prediction 32768/105181
2026-09-30 03:51:16,772 | prediction 36864/105181
2026-09-30 03:51:23,912 | prediction 40960/105181
2026-09-30 03:51:31,053 | prediction 45056/105181
2026-09-30 03:51:38,194 | prediction 49152/105181
2026-09-30 03:51:45,333 | prediction 53248/105181
2026-09-30 03:51:52,476 | prediction 57344/105181
2026-09-30 03:51:59,618 | prediction 61440/105181
2026-09-30 03:52:06,760 | prediction 65536/105181
2026-09-30 03:52:13,906 | prediction 69632/105181
2026-09-30 03:52:21,054 | prediction 73728/105181
2026-09-30 03:52:28,199 | prediction 77824/105181
2026-09-30 03:52:35,344 | prediction 81920/105181
2026-09-30 03:52:42,488 | prediction 86016/105181
2026-09-30 03:52:49,632 | prediction 90112/105181
2026-09-30 03:52:56,776 | prediction 94208/105181
2026-09-30 03:53:03,921 | prediction 98304/105181
2026-09-30 03:53:11,066 | prediction 102400/105181
2026-09-30 03:53:24,727 | prediction 4096/105181
2026-09-30 03:53:31,883 | prediction 8192/105181
2026-09-30 03:53:39,034 | prediction 12288/105181
2026-09-30 03:53:46,181 | prediction 16384/105181
2026-09-30 03:53:53,333 | prediction 20480/105181
2026-09-30 03:54:00,481 | prediction 24576/105181
2026-09-30 03:54:07,623 | prediction 28672/105181
2026-09-30 03:54:14,772 | prediction 32768/105181
2026-09-30 03:54:21,916 | prediction 36864/105181
2026-09-30 03:54:29,057 | prediction 40960/105181
2026-09-30 03:54:36,200 | prediction 45056/105181
2026-09-30 03:54:43,342 | prediction 49152/105181
2026-09-30 03:54:50,485 | prediction 53248/105181
2026-09-30 03:54:57,629 | prediction 57344/105181
2026-09-30 03:55:04,774 | prediction 61440/105181
2026-09-30 03:55:11,922 | prediction 65536/105181
2026-09-30 03:55:19,067 | prediction 69632/105181
2026-09-30 03:55:26,209 | prediction 73728/105181
2026-09-30 03:55:33,354 | prediction 77824/105181
2026-09-30 03:55:40,497 | prediction 81920/105181
2026-09-30 03:55:47,641 | prediction 86016/105181
2026-09-30 03:55:54,789 | prediction 90112/105181
2026-09-30 03:56:01,936 | prediction 94208/105181
2026-09-30 03:56:09,082 | prediction 98304/105181
2026-09-30 03:56:16,229 | prediction 102400/105181
2026-09-30 03:56:21,589 | experiments/exp03/seeds/seed43/static/aligned/online_frozen.json | original:dNone:uNone:pNone
2026-09-30 03:56:23,930 | experiments/exp03/seeds/seed43/static/aligned/online_frozen.json | bypass:dNone:uNone:pNone
2026-09-30 03:56:31,119 | prediction 4096/105181
2026-09-30 03:56:38,298 | prediction 8192/105181
2026-09-30 03:56:45,477 | prediction 12288/105181
2026-09-30 03:56:52,656 | prediction 16384/105181
2026-09-30 03:56:59,834 | prediction 20480/105181
2026-09-30 03:57:07,003 | prediction 24576/105181
2026-09-30 03:57:14,144 | prediction 28672/105181
2026-09-30 03:57:21,283 | prediction 32768/105181
2026-09-30 03:57:28,422 | prediction 36864/105181
2026-09-30 03:57:35,568 | prediction 40960/105181
2026-09-30 03:57:42,708 | prediction 45056/105181
2026-09-30 03:57:49,849 | prediction 49152/105181
2026-09-30 03:57:56,989 | prediction 53248/105181
2026-09-30 03:58:04,130 | prediction 57344/105181
2026-09-30 03:58:11,272 | prediction 61440/105181
2026-09-30 03:58:18,419 | prediction 65536/105181
2026-09-30 03:58:25,560 | prediction 69632/105181
2026-09-30 03:58:32,700 | prediction 73728/105181
2026-09-30 03:58:39,840 | prediction 77824/105181
2026-09-30 03:58:46,980 | prediction 81920/105181
2026-09-30 03:58:54,121 | prediction 86016/105181
2026-09-30 03:59:01,262 | prediction 90112/105181
2026-09-30 03:59:08,403 | prediction 94208/105181
2026-09-30 03:59:15,542 | prediction 98304/105181
2026-09-30 03:59:22,683 | prediction 102400/105181
2026-09-30 03:59:29,053 | experiments/exp03/seeds/seed43/static/aligned/online_frozen.json | down:d0:uNone:pNone
2026-09-30 03:59:36,204 | prediction 4096/105181
2026-09-30 03:59:43,352 | prediction 8192/105181
2026-09-30 03:59:50,502 | prediction 12288/105181
2026-09-30 03:59:57,653 | prediction 16384/105181
2026-09-30 04:00:04,799 | prediction 20480/105181
2026-09-30 04:00:11,944 | prediction 24576/105181
2026-09-30 04:00:19,090 | prediction 28672/105181
2026-09-30 04:00:26,235 | prediction 32768/105181
2026-09-30 04:00:33,380 | prediction 36864/105181
2026-09-30 04:00:40,526 | prediction 40960/105181
2026-09-30 04:00:47,675 | prediction 45056/105181
2026-09-30 04:00:54,819 | prediction 49152/105181
2026-09-30 04:01:01,959 | prediction 53248/105181
2026-09-30 04:01:09,102 | prediction 57344/105181
2026-09-30 04:01:16,244 | prediction 61440/105181
2026-09-30 04:01:23,387 | prediction 65536/105181
2026-09-30 04:01:30,531 | prediction 69632/105181
2026-09-30 04:01:37,674 | prediction 73728/105181
2026-09-30 04:01:44,818 | prediction 77824/105181
2026-09-30 04:01:51,963 | prediction 81920/105181
2026-09-30 04:01:59,115 | prediction 86016/105181
2026-09-30 04:02:06,267 | prediction 90112/105181
2026-09-30 04:02:13,421 | prediction 94208/105181
2026-09-30 04:02:20,575 | prediction 98304/105181
2026-09-30 04:02:27,728 | prediction 102400/105181
2026-09-30 04:02:34,114 | experiments/exp03/seeds/seed43/static/aligned/online_frozen.json | down:d1:uNone:pNone
2026-09-30 04:02:41,277 | prediction 4096/105181
2026-09-30 04:02:48,430 | prediction 8192/105181
2026-09-30 04:02:55,582 | prediction 12288/105181
2026-09-30 04:03:02,726 | prediction 16384/105181
2026-09-30 04:03:09,874 | prediction 20480/105181
2026-09-30 04:03:17,028 | prediction 24576/105181
2026-09-30 04:03:24,177 | prediction 28672/105181
2026-09-30 04:03:31,322 | prediction 32768/105181
2026-09-30 04:03:38,471 | prediction 36864/105181
2026-09-30 04:03:45,616 | prediction 40960/105181
2026-09-30 04:03:52,760 | prediction 45056/105181
2026-09-30 04:03:59,900 | prediction 49152/105181
2026-09-30 04:04:07,046 | prediction 53248/105181
2026-09-30 04:04:14,196 | prediction 57344/105181
2026-09-30 04:04:21,349 | prediction 61440/105181
2026-09-30 04:04:28,497 | prediction 65536/105181
2026-09-30 04:04:35,643 | prediction 69632/105181
2026-09-30 04:04:42,788 | prediction 73728/105181
2026-09-30 04:04:49,933 | prediction 77824/105181
2026-09-30 04:04:57,079 | prediction 81920/105181
2026-09-30 04:05:04,230 | prediction 86016/105181
2026-09-30 04:05:11,377 | prediction 90112/105181
2026-09-30 04:05:18,523 | prediction 94208/105181
2026-09-30 04:05:25,668 | prediction 98304/105181
2026-09-30 04:05:32,814 | prediction 102400/105181
2026-09-30 04:05:39,224 | experiments/exp03/seeds/seed43/static/aligned/online_frozen.json | down:d2:uNone:pNone
2026-09-30 04:05:46,375 | prediction 4096/105181
2026-09-30 04:05:53,518 | prediction 8192/105181
2026-09-30 04:06:00,661 | prediction 12288/105181
2026-09-30 04:06:07,802 | prediction 16384/105181
2026-09-30 04:06:14,946 | prediction 20480/105181
2026-09-30 04:06:22,089 | prediction 24576/105181
2026-09-30 04:06:29,230 | prediction 28672/105181
2026-09-30 04:06:36,373 | prediction 32768/105181
2026-09-30 04:06:43,516 | prediction 36864/105181
2026-09-30 04:06:50,657 | prediction 40960/105181
2026-09-30 04:06:57,797 | prediction 45056/105181
2026-09-30 04:07:04,938 | prediction 49152/105181
2026-09-30 04:07:12,080 | prediction 53248/105181
2026-09-30 04:07:19,221 | prediction 57344/105181
2026-09-30 04:07:26,365 | prediction 61440/105181
2026-09-30 04:07:33,512 | prediction 65536/105181
2026-09-30 04:07:40,654 | prediction 69632/105181
2026-09-30 04:07:47,796 | prediction 73728/105181
2026-09-30 04:07:54,938 | prediction 77824/105181
2026-09-30 04:08:02,082 | prediction 81920/105181
2026-09-30 04:08:09,226 | prediction 86016/105181
2026-09-30 04:08:16,373 | prediction 90112/105181
2026-09-30 04:08:23,518 | prediction 94208/105181
2026-09-30 04:08:30,661 | prediction 98304/105181
2026-09-30 04:08:37,804 | prediction 102400/105181
2026-09-30 04:08:44,182 | experiments/exp03/seeds/seed43/static/aligned/online_frozen.json | down:d4:uNone:pNone
2026-09-30 04:08:51,338 | prediction 4096/105181
2026-09-30 04:08:58,482 | prediction 8192/105181
2026-09-30 04:09:05,626 | prediction 12288/105181
2026-09-30 04:09:12,771 | prediction 16384/105181
2026-09-30 04:09:19,918 | prediction 20480/105181
2026-09-30 04:09:27,062 | prediction 24576/105181
2026-09-30 04:09:34,207 | prediction 28672/105181
2026-09-30 04:09:41,351 | prediction 32768/105181
2026-09-30 04:09:48,494 | prediction 36864/105181
2026-09-30 04:09:55,638 | prediction 40960/105181
2026-09-30 04:10:02,781 | prediction 45056/105181
2026-09-30 04:10:09,923 | prediction 49152/105181
2026-09-30 04:10:17,069 | prediction 53248/105181
2026-09-30 04:10:24,213 | prediction 57344/105181
2026-09-30 04:10:31,356 | prediction 61440/105181
2026-09-30 04:10:38,498 | prediction 65536/105181
2026-09-30 04:10:45,641 | prediction 69632/105181
2026-09-30 04:10:52,783 | prediction 73728/105181
2026-09-30 04:10:59,926 | prediction 77824/105181
2026-09-30 04:11:07,068 | prediction 81920/105181
2026-09-30 04:11:14,212 | prediction 86016/105181
2026-09-30 04:11:21,357 | prediction 90112/105181
2026-09-30 04:11:28,499 | prediction 94208/105181
2026-09-30 04:11:35,642 | prediction 98304/105181
2026-09-30 04:11:42,787 | prediction 102400/105181
2026-09-30 04:11:49,165 | experiments/exp03/seeds/seed43/static/aligned/online_frozen.json | down:d8:uNone:pNone
2026-09-30 04:11:56,312 | prediction 4096/105181
2026-09-30 04:12:03,454 | prediction 8192/105181
2026-09-30 04:12:10,599 | prediction 12288/105181
2026-09-30 04:12:17,745 | prediction 16384/105181
2026-09-30 04:12:24,889 | prediction 20480/105181
2026-09-30 04:12:32,036 | prediction 24576/105181
2026-09-30 04:12:39,184 | prediction 28672/105181
2026-09-30 04:12:46,327 | prediction 32768/105181
2026-09-30 04:12:53,472 | prediction 36864/105181
2026-09-30 04:13:00,622 | prediction 40960/105181
2026-09-30 04:13:07,765 | prediction 45056/105181
2026-09-30 04:13:14,906 | prediction 49152/105181
2026-09-30 04:13:22,049 | prediction 53248/105181
2026-09-30 04:13:29,190 | prediction 57344/105181
2026-09-30 04:13:36,337 | prediction 61440/105181
2026-09-30 04:13:43,478 | prediction 65536/105181
2026-09-30 04:13:50,619 | prediction 69632/105181
2026-09-30 04:13:57,762 | prediction 73728/105181
2026-09-30 04:14:04,904 | prediction 77824/105181
2026-09-30 04:14:12,049 | prediction 81920/105181
2026-09-30 04:14:19,195 | prediction 86016/105181
2026-09-30 04:14:26,337 | prediction 90112/105181
2026-09-30 04:14:33,481 | prediction 94208/105181
2026-09-30 04:14:40,625 | prediction 98304/105181
2026-09-30 04:14:47,770 | prediction 102400/105181
2026-09-30 04:14:54,146 | experiments/exp03/seeds/seed43/static/aligned/online_frozen.json | down:d16:uNone:pNone
2026-09-30 04:15:01,299 | prediction 4096/105181
2026-09-30 04:15:08,473 | prediction 8192/105181
2026-09-30 04:15:15,645 | prediction 12288/105181
2026-09-30 04:15:22,788 | prediction 16384/105181
2026-09-30 04:15:29,931 | prediction 20480/105181
2026-09-30 04:15:37,073 | prediction 24576/105181
2026-09-30 04:15:44,215 | prediction 28672/105181
2026-09-30 04:15:51,354 | prediction 32768/105181
2026-09-30 04:15:58,497 | prediction 36864/105181
2026-09-30 04:16:05,638 | prediction 40960/105181
2026-09-30 04:16:12,779 | prediction 45056/105181
2026-09-30 04:16:19,918 | prediction 49152/105181
2026-09-30 04:16:27,056 | prediction 53248/105181
2026-09-30 04:16:34,193 | prediction 57344/105181
2026-09-30 04:16:41,331 | prediction 61440/105181
2026-09-30 04:16:48,469 | prediction 65536/105181
2026-09-30 04:16:55,607 | prediction 69632/105181
2026-09-30 04:17:02,745 | prediction 73728/105181
2026-09-30 04:17:09,882 | prediction 77824/105181
2026-09-30 04:17:17,010 | prediction 81920/105181
2026-09-30 04:17:24,148 | prediction 86016/105181
2026-09-30 04:17:31,288 | prediction 90112/105181
2026-09-30 04:17:38,427 | prediction 94208/105181
2026-09-30 04:17:45,565 | prediction 98304/105181
2026-09-30 04:17:52,703 | prediction 102400/105181
2026-09-30 04:17:59,082 | experiments/exp03/seeds/seed43/static/aligned/online_frozen.json | down:d32:uNone:pNone
2026-09-30 04:18:06,268 | prediction 4096/105181
2026-09-30 04:18:13,431 | prediction 8192/105181
2026-09-30 04:18:20,570 | prediction 12288/105181
2026-09-30 04:18:27,707 | prediction 16384/105181
2026-09-30 04:18:34,845 | prediction 20480/105181
2026-09-30 04:18:41,985 | prediction 24576/105181
2026-09-30 04:18:49,125 | prediction 28672/105181
2026-09-30 04:18:56,267 | prediction 32768/105181
2026-09-30 04:19:03,406 | prediction 36864/105181
2026-09-30 04:19:10,544 | prediction 40960/105181
2026-09-30 04:19:17,683 | prediction 45056/105181
2026-09-30 04:19:24,846 | prediction 49152/105181
2026-09-30 04:19:32,018 | prediction 53248/105181
2026-09-30 04:19:39,187 | prediction 57344/105181
2026-09-30 04:19:46,326 | prediction 61440/105181
2026-09-30 04:19:53,466 | prediction 65536/105181
2026-09-30 04:20:00,605 | prediction 69632/105181
2026-09-30 04:20:07,744 | prediction 73728/105181
2026-09-30 04:20:14,887 | prediction 77824/105181
2026-09-30 04:20:22,033 | prediction 81920/105181
2026-09-30 04:20:29,174 | prediction 86016/105181
2026-09-30 04:20:36,320 | prediction 90112/105181
2026-09-30 04:20:43,460 | prediction 94208/105181
2026-09-30 04:20:50,599 | prediction 98304/105181
2026-09-30 04:20:57,738 | prediction 102400/105181
2026-09-30 04:21:04,146 | experiments/exp03/seeds/seed43/static/aligned/online_frozen.json | down:d48:uNone:pNone
2026-09-30 04:21:11,325 | prediction 4096/105181
2026-09-30 04:21:18,472 | prediction 8192/105181
2026-09-30 04:21:25,617 | prediction 12288/105181
2026-09-30 04:21:32,762 | prediction 16384/105181
2026-09-30 04:21:39,906 | prediction 20480/105181
2026-09-30 04:21:47,052 | prediction 24576/105181
2026-09-30 04:21:54,199 | prediction 28672/105181
2026-09-30 04:22:01,346 | prediction 32768/105181
2026-09-30 04:22:08,492 | prediction 36864/105181
2026-09-30 04:22:15,642 | prediction 40960/105181
2026-09-30 04:22:22,791 | prediction 45056/105181
2026-09-30 04:22:29,936 | prediction 49152/105181
2026-09-30 04:22:37,081 | prediction 53248/105181
2026-09-30 04:22:44,227 | prediction 57344/105181
2026-09-30 04:22:51,373 | prediction 61440/105181
2026-09-30 04:22:58,517 | prediction 65536/105181
2026-09-30 04:23:05,661 | prediction 69632/105181
2026-09-30 04:23:12,805 | prediction 73728/105181
2026-09-30 04:23:19,949 | prediction 77824/105181
2026-09-30 04:23:27,092 | prediction 81920/105181
2026-09-30 04:23:34,239 | prediction 86016/105181
2026-09-30 04:23:41,384 | prediction 90112/105181
2026-09-30 04:23:48,527 | prediction 94208/105181
2026-09-30 04:23:55,671 | prediction 98304/105181
2026-09-30 04:24:02,818 | prediction 102400/105181
2026-09-30 04:24:09,200 | experiments/exp03/seeds/seed43/static/aligned/online_frozen.json | down:d64:uNone:pNone
2026-09-30 04:24:16,380 | prediction 4096/105181
2026-09-30 04:24:23,525 | prediction 8192/105181
2026-09-30 04:24:30,671 | prediction 12288/105181
2026-09-30 04:24:37,816 | prediction 16384/105181
2026-09-30 04:24:44,959 | prediction 20480/105181
2026-09-30 04:24:52,102 | prediction 24576/105181
2026-09-30 04:24:59,245 | prediction 28672/105181
2026-09-30 04:25:06,390 | prediction 32768/105181
2026-09-30 04:25:13,533 | prediction 36864/105181
2026-09-30 04:25:20,677 | prediction 40960/105181
2026-09-30 04:25:27,820 | prediction 45056/105181
2026-09-30 04:25:34,963 | prediction 49152/105181
2026-09-30 04:25:42,105 | prediction 53248/105181
2026-09-30 04:25:49,246 | prediction 57344/105181
2026-09-30 04:25:56,390 | prediction 61440/105181
2026-09-30 04:26:03,533 | prediction 65536/105181
2026-09-30 04:26:10,682 | prediction 69632/105181
2026-09-30 04:26:17,826 | prediction 73728/105181
2026-09-30 04:26:24,970 | prediction 77824/105181
2026-09-30 04:26:32,113 | prediction 81920/105181
2026-09-30 04:26:39,255 | prediction 86016/105181
2026-09-30 04:26:46,403 | prediction 90112/105181
2026-09-30 04:26:53,546 | prediction 94208/105181
2026-09-30 04:27:00,688 | prediction 98304/105181
2026-09-30 04:27:07,839 | prediction 102400/105181
2026-09-30 04:27:14,224 | experiments/exp03/seeds/seed43/static/aligned/online_frozen.json | down:d76:uNone:pNone
2026-09-30 04:27:21,406 | prediction 4096/105181
2026-09-30 04:27:28,557 | prediction 8192/105181
2026-09-30 04:27:35,708 | prediction 12288/105181
2026-09-30 04:27:42,858 | prediction 16384/105181
2026-09-30 04:27:50,010 | prediction 20480/105181
2026-09-30 04:27:57,162 | prediction 24576/105181
2026-09-30 04:28:04,313 | prediction 28672/105181
2026-09-30 04:28:11,465 | prediction 32768/105181
2026-09-30 04:28:18,621 | prediction 36864/105181
2026-09-30 04:28:25,775 | prediction 40960/105181
2026-09-30 04:28:32,927 | prediction 45056/105181
2026-09-30 04:28:40,082 | prediction 49152/105181
2026-09-30 04:28:47,234 | prediction 53248/105181
2026-09-30 04:28:54,388 | prediction 57344/105181
2026-09-30 04:29:01,542 | prediction 61440/105181
2026-09-30 04:29:08,695 | prediction 65536/105181
2026-09-30 04:29:15,849 | prediction 69632/105181
2026-09-30 04:29:23,003 | prediction 73728/105181
2026-09-30 04:29:30,157 | prediction 77824/105181
2026-09-30 04:29:37,311 | prediction 81920/105181
2026-09-30 04:29:44,467 | prediction 86016/105181
2026-09-30 04:29:51,621 | prediction 90112/105181
2026-09-30 04:29:58,773 | prediction 94208/105181
2026-09-30 04:30:05,924 | prediction 98304/105181
2026-09-30 04:30:13,079 | prediction 102400/105181
2026-09-30 04:30:20,316 | experiments/exp03/seeds/seed43/static/aligned/online_frozen.json | up:dNone:u0:pNone
2026-09-30 04:30:27,479 | prediction 4096/105181
2026-09-30 04:30:34,632 | prediction 8192/105181
2026-09-30 04:30:41,783 | prediction 12288/105181
2026-09-30 04:30:48,927 | prediction 16384/105181
2026-09-30 04:30:56,071 | prediction 20480/105181
2026-09-30 04:31:03,216 | prediction 24576/105181
2026-09-30 04:31:10,370 | prediction 28672/105181
2026-09-30 04:31:17,514 | prediction 32768/105181
2026-09-30 04:31:24,659 | prediction 36864/105181
2026-09-30 04:31:31,805 | prediction 40960/105181
2026-09-30 04:31:38,949 | prediction 45056/105181
2026-09-30 04:31:46,095 | prediction 49152/105181
2026-09-30 04:31:53,241 | prediction 53248/105181
2026-09-30 04:32:00,390 | prediction 57344/105181
2026-09-30 04:32:07,535 | prediction 61440/105181
2026-09-30 04:32:14,681 | prediction 65536/105181
2026-09-30 04:32:21,849 | prediction 69632/105181
2026-09-30 04:32:28,990 | prediction 73728/105181
2026-09-30 04:32:36,133 | prediction 77824/105181
2026-09-30 04:32:43,277 | prediction 81920/105181
2026-09-30 04:32:50,419 | prediction 86016/105181
2026-09-30 04:32:57,560 | prediction 90112/105181
2026-09-30 04:33:04,701 | prediction 94208/105181
2026-09-30 04:33:11,842 | prediction 98304/105181
2026-09-30 04:33:18,983 | prediction 102400/105181
2026-09-30 04:33:25,362 | experiments/exp03/seeds/seed43/static/aligned/online_frozen.json | up:dNone:u1:pNone
2026-09-30 04:33:32,512 | prediction 4096/105181
2026-09-30 04:33:39,655 | prediction 8192/105181
2026-09-30 04:33:46,793 | prediction 12288/105181
2026-09-30 04:33:53,928 | prediction 16384/105181
2026-09-30 04:34:01,064 | prediction 20480/105181
2026-09-30 04:34:08,201 | prediction 24576/105181
2026-09-30 04:34:15,344 | prediction 28672/105181
2026-09-30 04:34:22,488 | prediction 32768/105181
2026-09-30 04:34:29,628 | prediction 36864/105181
2026-09-30 04:34:36,765 | prediction 40960/105181
2026-09-30 04:34:43,910 | prediction 45056/105181
2026-09-30 04:34:51,047 | prediction 49152/105181
2026-09-30 04:34:58,183 | prediction 53248/105181
2026-09-30 04:35:05,321 | prediction 57344/105181
2026-09-30 04:35:12,460 | prediction 61440/105181
2026-09-30 04:35:19,598 | prediction 65536/105181
2026-09-30 04:35:26,742 | prediction 69632/105181
2026-09-30 04:35:33,878 | prediction 73728/105181
2026-09-30 04:35:41,017 | prediction 77824/105181
2026-09-30 04:35:48,153 | prediction 81920/105181
2026-09-30 04:35:55,289 | prediction 86016/105181
2026-09-30 04:36:02,425 | prediction 90112/105181
2026-09-30 04:36:09,564 | prediction 94208/105181
2026-09-30 04:36:16,704 | prediction 98304/105181
2026-09-30 04:36:23,842 | prediction 102400/105181
2026-09-30 04:36:30,223 | experiments/exp03/seeds/seed43/static/aligned/online_frozen.json | up:dNone:u2:pNone
2026-09-30 04:36:37,376 | prediction 4096/105181
2026-09-30 04:36:44,521 | prediction 8192/105181
2026-09-30 04:36:51,665 | prediction 12288/105181
2026-09-30 04:36:58,808 | prediction 16384/105181
2026-09-30 04:37:05,951 | prediction 20480/105181
2026-09-30 04:37:13,111 | prediction 24576/105181
2026-09-30 04:37:20,289 | prediction 28672/105181
2026-09-30 04:37:27,464 | prediction 32768/105181
2026-09-30 04:37:34,641 | prediction 36864/105181
2026-09-30 04:37:41,820 | prediction 40960/105181
2026-09-30 04:37:48,991 | prediction 45056/105181
2026-09-30 04:37:56,159 | prediction 49152/105181
2026-09-30 04:38:03,328 | prediction 53248/105181
2026-09-30 04:38:10,498 | prediction 57344/105181
2026-09-30 04:38:17,670 | prediction 61440/105181
2026-09-30 04:38:24,811 | prediction 65536/105181
2026-09-30 04:38:31,947 | prediction 69632/105181
2026-09-30 04:38:39,086 | prediction 73728/105181
2026-09-30 04:38:46,225 | prediction 77824/105181
2026-09-30 04:38:53,364 | prediction 81920/105181
2026-09-30 04:39:00,505 | prediction 86016/105181
2026-09-30 04:39:07,645 | prediction 90112/105181
2026-09-30 04:39:14,781 | prediction 94208/105181
2026-09-30 04:39:21,920 | prediction 98304/105181
2026-09-30 04:39:29,062 | prediction 102400/105181
2026-09-30 04:39:35,474 | experiments/exp03/seeds/seed43/static/aligned/online_frozen.json | up:dNone:u4:pNone
2026-09-30 04:39:42,624 | prediction 4096/105181
2026-09-30 04:39:49,766 | prediction 8192/105181
2026-09-30 04:39:56,912 | prediction 12288/105181
2026-09-30 04:40:04,059 | prediction 16384/105181
2026-09-30 04:40:11,201 | prediction 20480/105181
2026-09-30 04:40:18,346 | prediction 24576/105181
2026-09-30 04:40:25,488 | prediction 28672/105181
2026-09-30 04:40:32,630 | prediction 32768/105181
2026-09-30 04:40:39,774 | prediction 36864/105181
2026-09-30 04:40:46,924 | prediction 40960/105181
2026-09-30 04:40:54,070 | prediction 45056/105181
2026-09-30 04:41:01,217 | prediction 49152/105181
2026-09-30 04:41:08,360 | prediction 53248/105181
2026-09-30 04:41:15,502 | prediction 57344/105181
2026-09-30 04:41:22,670 | prediction 61440/105181
2026-09-30 04:41:29,843 | prediction 65536/105181
2026-09-30 04:41:37,018 | prediction 69632/105181
2026-09-30 04:41:44,171 | prediction 73728/105181
2026-09-30 04:41:51,315 | prediction 77824/105181
2026-09-30 04:41:58,454 | prediction 81920/105181
2026-09-30 04:42:05,593 | prediction 86016/105181
2026-09-30 04:42:12,735 | prediction 90112/105181
2026-09-30 04:42:19,880 | prediction 94208/105181
2026-09-30 04:42:27,018 | prediction 98304/105181
2026-09-30 04:42:34,157 | prediction 102400/105181
2026-09-30 04:42:40,535 | experiments/exp03/seeds/seed43/static/aligned/online_frozen.json | up:dNone:u8:pNone
2026-09-30 04:42:47,694 | prediction 4096/105181
2026-09-30 04:42:54,845 | prediction 8192/105181
2026-09-30 04:43:01,996 | prediction 12288/105181
2026-09-30 04:43:09,146 | prediction 16384/105181
2026-09-30 04:43:16,295 | prediction 20480/105181
2026-09-30 04:43:23,445 | prediction 24576/105181
2026-09-30 04:43:30,595 | prediction 28672/105181
2026-09-30 04:43:37,746 | prediction 32768/105181
2026-09-30 04:43:44,897 | prediction 36864/105181
2026-09-30 04:43:52,040 | prediction 40960/105181
2026-09-30 04:43:59,180 | prediction 45056/105181
2026-09-30 04:44:06,323 | prediction 49152/105181
2026-09-30 04:44:13,468 | prediction 53248/105181
2026-09-30 04:44:20,619 | prediction 57344/105181
2026-09-30 04:44:27,767 | prediction 61440/105181
2026-09-30 04:44:34,917 | prediction 65536/105181
2026-09-30 04:44:42,062 | prediction 69632/105181
2026-09-30 04:44:49,207 | prediction 73728/105181
2026-09-30 04:44:56,352 | prediction 77824/105181
2026-09-30 04:45:03,497 | prediction 81920/105181
2026-09-30 04:45:10,642 | prediction 86016/105181
2026-09-30 04:45:17,788 | prediction 90112/105181
2026-09-30 04:45:24,935 | prediction 94208/105181
2026-09-30 04:45:32,083 | prediction 98304/105181
2026-09-30 04:45:39,237 | prediction 102400/105181
2026-09-30 04:45:45,627 | experiments/exp03/seeds/seed43/static/aligned/online_frozen.json | up:dNone:u16:pNone
2026-09-30 04:45:52,789 | prediction 4096/105181
2026-09-30 04:45:59,945 | prediction 8192/105181
2026-09-30 04:46:07,099 | prediction 12288/105181
2026-09-30 04:46:14,254 | prediction 16384/105181
2026-09-30 04:46:21,410 | prediction 20480/105181
2026-09-30 04:46:28,563 | prediction 24576/105181
2026-09-30 04:46:35,712 | prediction 28672/105181
2026-09-30 04:46:42,857 | prediction 32768/105181
2026-09-30 04:46:49,999 | prediction 36864/105181
2026-09-30 04:46:57,141 | prediction 40960/105181
2026-09-30 04:47:04,283 | prediction 45056/105181
2026-09-30 04:47:11,427 | prediction 49152/105181
2026-09-30 04:47:18,570 | prediction 53248/105181
2026-09-30 04:47:25,713 | prediction 57344/105181
2026-09-30 04:47:32,856 | prediction 61440/105181
2026-09-30 04:47:40,001 | prediction 65536/105181
2026-09-30 04:47:47,145 | prediction 69632/105181
2026-09-30 04:47:54,289 | prediction 73728/105181
2026-09-30 04:48:01,433 | prediction 77824/105181
2026-09-30 04:48:08,579 | prediction 81920/105181
2026-09-30 04:48:15,730 | prediction 86016/105181
2026-09-30 04:48:22,875 | prediction 90112/105181
2026-09-30 04:48:30,018 | prediction 94208/105181
2026-09-30 04:48:37,160 | prediction 98304/105181
2026-09-30 04:48:44,303 | prediction 102400/105181
2026-09-30 04:48:50,683 | experiments/exp03/seeds/seed43/static/aligned/online_frozen.json | up:dNone:u32:pNone
2026-09-30 04:48:57,862 | prediction 4096/105181
2026-09-30 04:49:05,008 | prediction 8192/105181
2026-09-30 04:49:12,153 | prediction 12288/105181
2026-09-30 04:49:19,298 | prediction 16384/105181
2026-09-30 04:49:26,442 | prediction 20480/105181
2026-09-30 04:49:33,610 | prediction 24576/105181
2026-09-30 04:49:40,786 | prediction 28672/105181
2026-09-30 04:49:47,961 | prediction 32768/105181
2026-09-30 04:49:55,142 | prediction 36864/105181
2026-09-30 04:50:02,320 | prediction 40960/105181
2026-09-30 04:50:09,499 | prediction 45056/105181
2026-09-30 04:50:16,685 | prediction 49152/105181
2026-09-30 04:50:23,871 | prediction 53248/105181
2026-09-30 04:50:31,050 | prediction 57344/105181
2026-09-30 04:50:38,229 | prediction 61440/105181
2026-09-30 04:50:45,408 | prediction 65536/105181
2026-09-30 04:50:52,587 | prediction 69632/105181
2026-09-30 04:50:59,767 | prediction 73728/105181
2026-09-30 04:51:06,945 | prediction 77824/105181
2026-09-30 04:51:14,127 | prediction 81920/105181
2026-09-30 04:51:21,305 | prediction 86016/105181
2026-09-30 04:51:28,482 | prediction 90112/105181
2026-09-30 04:51:35,664 | prediction 94208/105181
2026-09-30 04:51:42,846 | prediction 98304/105181
2026-09-30 04:51:50,033 | prediction 102400/105181
2026-09-30 04:51:56,445 | experiments/exp03/seeds/seed43/static/aligned/online_frozen.json | up:dNone:u48:pNone
2026-09-30 04:52:03,659 | prediction 4096/105181
2026-09-30 04:52:10,848 | prediction 8192/105181
2026-09-30 04:52:18,039 | prediction 12288/105181
2026-09-30 04:52:25,224 | prediction 16384/105181
2026-09-30 04:52:32,409 | prediction 20480/105181
2026-09-30 04:52:39,592 | prediction 24576/105181
2026-09-30 04:52:46,779 | prediction 28672/105181
2026-09-30 04:52:53,966 | prediction 32768/105181
2026-09-30 04:53:01,153 | prediction 36864/105181
2026-09-30 04:53:08,336 | prediction 40960/105181
2026-09-30 04:53:15,520 | prediction 45056/105181
2026-09-30 04:53:22,706 | prediction 49152/105181
2026-09-30 04:53:29,891 | prediction 53248/105181
2026-09-30 04:53:37,079 | prediction 57344/105181
2026-09-30 04:53:44,266 | prediction 61440/105181
2026-09-30 04:53:51,452 | prediction 65536/105181
2026-09-30 04:53:58,636 | prediction 69632/105181
2026-09-30 04:54:05,819 | prediction 73728/105181
2026-09-30 04:54:13,007 | prediction 77824/105181
2026-09-30 04:54:20,192 | prediction 81920/105181
2026-09-30 04:54:27,376 | prediction 86016/105181
2026-09-30 04:54:34,560 | prediction 90112/105181
2026-09-30 04:54:41,747 | prediction 94208/105181
2026-09-30 04:54:48,932 | prediction 98304/105181
2026-09-30 04:54:56,116 | prediction 102400/105181
2026-09-30 04:55:02,529 | experiments/exp03/seeds/seed43/static/aligned/online_frozen.json | up:dNone:u64:pNone
2026-09-30 04:55:09,745 | prediction 4096/105181
2026-09-30 04:55:16,928 | prediction 8192/105181
2026-09-30 04:55:24,111 | prediction 12288/105181
2026-09-30 04:55:31,295 | prediction 16384/105181
2026-09-30 04:55:38,478 | prediction 20480/105181
2026-09-30 04:55:45,661 | prediction 24576/105181
2026-09-30 04:55:52,844 | prediction 28672/105181
2026-09-30 04:56:00,027 | prediction 32768/105181
2026-09-30 04:56:07,209 | prediction 36864/105181
2026-09-30 04:56:14,393 | prediction 40960/105181
2026-09-30 04:56:21,575 | prediction 45056/105181
2026-09-30 04:56:28,758 | prediction 49152/105181
2026-09-30 04:56:35,940 | prediction 53248/105181
2026-09-30 04:56:43,121 | prediction 57344/105181
2026-09-30 04:56:50,303 | prediction 61440/105181
2026-09-30 04:56:57,485 | prediction 65536/105181
2026-09-30 04:57:04,664 | prediction 69632/105181
2026-09-30 04:57:11,845 | prediction 73728/105181
2026-09-30 04:57:19,025 | prediction 77824/105181
2026-09-30 04:57:26,205 | prediction 81920/105181
2026-09-30 04:57:33,385 | prediction 86016/105181
2026-09-30 04:57:40,565 | prediction 90112/105181
2026-09-30 04:57:47,746 | prediction 94208/105181
2026-09-30 04:57:54,927 | prediction 98304/105181
2026-09-30 04:58:02,111 | prediction 102400/105181
2026-09-30 04:58:08,550 | experiments/exp03/seeds/seed43/static/aligned/online_frozen.json | up:dNone:u76:pNone
2026-09-30 04:58:15,767 | prediction 4096/105181
2026-09-30 04:58:22,948 | prediction 8192/105181
2026-09-30 04:58:30,129 | prediction 12288/105181
2026-09-30 04:58:37,311 | prediction 16384/105181
2026-09-30 04:58:44,495 | prediction 20480/105181
2026-09-30 04:58:51,684 | prediction 24576/105181
2026-09-30 04:58:58,872 | prediction 28672/105181
2026-09-30 04:59:06,060 | prediction 32768/105181
2026-09-30 04:59:13,246 | prediction 36864/105181
2026-09-30 04:59:20,433 | prediction 40960/105181
2026-09-30 04:59:27,620 | prediction 45056/105181
2026-09-30 04:59:34,807 | prediction 49152/105181
2026-09-30 04:59:41,994 | prediction 53248/105181
2026-09-30 04:59:49,182 | prediction 57344/105181
2026-09-30 04:59:56,370 | prediction 61440/105181
2026-09-30 05:00:03,559 | prediction 65536/105181
2026-09-30 05:00:10,748 | prediction 69632/105181
2026-09-30 05:00:17,940 | prediction 73728/105181
2026-09-30 05:00:25,129 | prediction 77824/105181
2026-09-30 05:00:32,317 | prediction 81920/105181
2026-09-30 05:00:39,506 | prediction 86016/105181
2026-09-30 05:00:46,697 | prediction 90112/105181
2026-09-30 05:00:53,887 | prediction 94208/105181
2026-09-30 05:01:01,075 | prediction 98304/105181
2026-09-30 05:01:08,265 | prediction 102400/105181
2026-09-30 05:01:15,524 | experiments/exp03/seeds/seed43/static/aligned/online_frozen.json | both:d0:u0:pNone
2026-09-30 05:01:22,720 | prediction 4096/105181
2026-09-30 05:01:29,901 | prediction 8192/105181
2026-09-30 05:01:37,085 | prediction 12288/105181
2026-09-30 05:01:44,267 | prediction 16384/105181
2026-09-30 05:01:51,454 | prediction 20480/105181
2026-09-30 05:01:58,635 | prediction 24576/105181
2026-09-30 05:02:05,816 | prediction 28672/105181
2026-09-30 05:02:12,997 | prediction 32768/105181
2026-09-30 05:02:20,183 | prediction 36864/105181
2026-09-30 05:02:27,363 | prediction 40960/105181
2026-09-30 05:02:34,545 | prediction 45056/105181
2026-09-30 05:02:41,725 | prediction 49152/105181
2026-09-30 05:02:48,904 | prediction 53248/105181
2026-09-30 05:02:56,084 | prediction 57344/105181
2026-09-30 05:03:03,264 | prediction 61440/105181
2026-09-30 05:03:10,444 | prediction 65536/105181
2026-09-30 05:03:17,623 | prediction 69632/105181
2026-09-30 05:03:24,803 | prediction 73728/105181
2026-09-30 05:03:31,982 | prediction 77824/105181
2026-09-30 05:03:39,137 | prediction 81920/105181
2026-09-30 05:03:46,276 | prediction 86016/105181
2026-09-30 05:03:53,409 | prediction 90112/105181
2026-09-30 05:04:00,548 | prediction 94208/105181
2026-09-30 05:04:07,685 | prediction 98304/105181
2026-09-30 05:04:14,822 | prediction 102400/105181
2026-09-30 05:04:21,208 | experiments/exp03/seeds/seed43/static/aligned/online_frozen.json | both:d1:u1:pNone
2026-09-30 05:04:28,352 | prediction 4096/105181
2026-09-30 05:04:35,489 | prediction 8192/105181
2026-09-30 05:04:42,626 | prediction 12288/105181
2026-09-30 05:04:49,763 | prediction 16384/105181
2026-09-30 05:04:56,899 | prediction 20480/105181
2026-09-30 05:05:04,037 | prediction 24576/105181
2026-09-30 05:05:11,173 | prediction 28672/105181
2026-09-30 05:05:18,302 | prediction 32768/105181
2026-09-30 05:05:25,437 | prediction 36864/105181
2026-09-30 05:05:32,574 | prediction 40960/105181
2026-09-30 05:05:39,723 | prediction 45056/105181
2026-09-30 05:05:46,894 | prediction 49152/105181
2026-09-30 05:05:54,064 | prediction 53248/105181
2026-09-30 05:06:01,218 | prediction 57344/105181
2026-09-30 05:06:08,396 | prediction 61440/105181
2026-09-30 05:06:15,581 | prediction 65536/105181
2026-09-30 05:06:22,768 | prediction 69632/105181
2026-09-30 05:06:29,955 | prediction 73728/105181
2026-09-30 05:06:37,142 | prediction 77824/105181
2026-09-30 05:06:44,328 | prediction 81920/105181
2026-09-30 05:06:51,514 | prediction 86016/105181
2026-09-30 05:06:58,698 | prediction 90112/105181
2026-09-30 05:07:05,884 | prediction 94208/105181
2026-09-30 05:07:13,068 | prediction 98304/105181
2026-09-30 05:07:20,250 | prediction 102400/105181
2026-09-30 05:07:26,667 | experiments/exp03/seeds/seed43/static/aligned/online_frozen.json | both:d2:u2:pNone
2026-09-30 05:07:33,835 | prediction 4096/105181
2026-09-30 05:07:40,994 | prediction 8192/105181
2026-09-30 05:07:48,152 | prediction 12288/105181
2026-09-30 05:07:55,310 | prediction 16384/105181
2026-09-30 05:08:02,466 | prediction 20480/105181
2026-09-30 05:08:09,621 | prediction 24576/105181
2026-09-30 05:08:16,780 | prediction 28672/105181
2026-09-30 05:08:23,936 | prediction 32768/105181
2026-09-30 05:08:31,094 | prediction 36864/105181
2026-09-30 05:08:38,247 | prediction 40960/105181
2026-09-30 05:08:45,394 | prediction 45056/105181
2026-09-30 05:08:52,542 | prediction 49152/105181
2026-09-30 05:08:59,689 | prediction 53248/105181
2026-09-30 05:09:06,837 | prediction 57344/105181
2026-09-30 05:09:13,984 | prediction 61440/105181
2026-09-30 05:09:21,133 | prediction 65536/105181
2026-09-30 05:09:28,281 | prediction 69632/105181
2026-09-30 05:09:35,428 | prediction 73728/105181
2026-09-30 05:09:42,576 | prediction 77824/105181
2026-09-30 05:09:49,724 | prediction 81920/105181
2026-09-30 05:09:56,872 | prediction 86016/105181
2026-09-30 05:10:04,022 | prediction 90112/105181
2026-09-30 05:10:11,175 | prediction 94208/105181
2026-09-30 05:10:18,328 | prediction 98304/105181
2026-09-30 05:10:25,478 | prediction 102400/105181
2026-09-30 05:10:31,868 | experiments/exp03/seeds/seed43/static/aligned/online_frozen.json | both:d4:u4:pNone
2026-09-30 05:10:39,024 | prediction 4096/105181
2026-09-30 05:10:46,175 | prediction 8192/105181
2026-09-30 05:10:53,329 | prediction 12288/105181
2026-09-30 05:11:00,485 | prediction 16384/105181
2026-09-30 05:11:07,633 | prediction 20480/105181
2026-09-30 05:11:14,782 | prediction 24576/105181
2026-09-30 05:11:21,934 | prediction 28672/105181
2026-09-30 05:11:29,092 | prediction 32768/105181
2026-09-30 05:11:36,243 | prediction 36864/105181
2026-09-30 05:11:43,394 | prediction 40960/105181
2026-09-30 05:11:50,546 | prediction 45056/105181
2026-09-30 05:11:57,698 | prediction 49152/105181
2026-09-30 05:12:04,849 | prediction 53248/105181
2026-09-30 05:12:11,999 | prediction 57344/105181
2026-09-30 05:12:19,159 | prediction 61440/105181
2026-09-30 05:12:26,313 | prediction 65536/105181
2026-09-30 05:12:33,463 | prediction 69632/105181
2026-09-30 05:12:40,612 | prediction 73728/105181
2026-09-30 05:12:47,761 | prediction 77824/105181
2026-09-30 05:12:54,934 | prediction 81920/105181
2026-09-30 05:13:02,075 | prediction 86016/105181
2026-09-30 05:13:09,216 | prediction 90112/105181
2026-09-30 05:13:16,355 | prediction 94208/105181
2026-09-30 05:13:23,493 | prediction 98304/105181
2026-09-30 05:13:30,634 | prediction 102400/105181
2026-09-30 05:13:37,047 | experiments/exp03/seeds/seed43/static/aligned/online_frozen.json | both:d8:u8:pNone
2026-09-30 05:13:44,197 | prediction 4096/105181
2026-09-30 05:13:51,340 | prediction 8192/105181
2026-09-30 05:13:58,483 | prediction 12288/105181
2026-09-30 05:14:05,627 | prediction 16384/105181
2026-09-30 05:14:12,771 | prediction 20480/105181
2026-09-30 05:14:19,918 | prediction 24576/105181
2026-09-30 05:14:27,091 | prediction 28672/105181
2026-09-30 05:14:34,268 | prediction 32768/105181
2026-09-30 05:14:41,445 | prediction 36864/105181
2026-09-30 05:14:48,622 | prediction 40960/105181
2026-09-30 05:14:55,799 | prediction 45056/105181
2026-09-30 05:15:02,976 | prediction 49152/105181
2026-09-30 05:15:10,151 | prediction 53248/105181
2026-09-30 05:15:17,326 | prediction 57344/105181
2026-09-30 05:15:24,502 | prediction 61440/105181
2026-09-30 05:15:31,678 | prediction 65536/105181
2026-09-30 05:15:38,852 | prediction 69632/105181
2026-09-30 05:15:46,028 | prediction 73728/105181
2026-09-30 05:15:53,204 | prediction 77824/105181
2026-09-30 05:16:00,380 | prediction 81920/105181
2026-09-30 05:16:07,556 | prediction 86016/105181
2026-09-30 05:16:14,735 | prediction 90112/105181
2026-09-30 05:16:21,912 | prediction 94208/105181
2026-09-30 05:16:29,089 | prediction 98304/105181
2026-09-30 05:16:36,266 | prediction 102400/105181
2026-09-30 05:16:42,679 | experiments/exp03/seeds/seed43/static/aligned/online_frozen.json | both:d16:u16:pNone
2026-09-30 05:16:49,870 | prediction 4096/105181
2026-09-30 05:16:57,052 | prediction 8192/105181
2026-09-30 05:17:04,231 | prediction 12288/105181
2026-09-30 05:17:11,381 | prediction 16384/105181
2026-09-30 05:17:18,526 | prediction 20480/105181
2026-09-30 05:17:25,670 | prediction 24576/105181
2026-09-30 05:17:32,815 | prediction 28672/105181
2026-09-30 05:17:39,960 | prediction 32768/105181
2026-09-30 05:17:47,104 | prediction 36864/105181
2026-09-30 05:17:54,251 | prediction 40960/105181
2026-09-30 05:18:01,400 | prediction 45056/105181
2026-09-30 05:18:08,551 | prediction 49152/105181
2026-09-30 05:18:15,699 | prediction 53248/105181
2026-09-30 05:18:22,846 | prediction 57344/105181
2026-09-30 05:18:29,994 | prediction 61440/105181
2026-09-30 05:18:37,142 | prediction 65536/105181
2026-09-30 05:18:44,290 | prediction 69632/105181
2026-09-30 05:18:51,433 | prediction 73728/105181
2026-09-30 05:18:58,578 | prediction 77824/105181
2026-09-30 05:19:05,724 | prediction 81920/105181
2026-09-30 05:19:12,867 | prediction 86016/105181
2026-09-30 05:19:20,013 | prediction 90112/105181
2026-09-30 05:19:27,161 | prediction 94208/105181
2026-09-30 05:19:34,306 | prediction 98304/105181
2026-09-30 05:19:41,451 | prediction 102400/105181
2026-09-30 05:19:47,844 | experiments/exp03/seeds/seed43/static/aligned/online_frozen.json | both:d32:u32:pNone
2026-09-30 05:19:55,024 | prediction 4096/105181
2026-09-30 05:20:02,175 | prediction 8192/105181
2026-09-30 05:20:09,326 | prediction 12288/105181
2026-09-30 05:20:16,478 | prediction 16384/105181
2026-09-30 05:20:23,628 | prediction 20480/105181
2026-09-30 05:20:30,776 | prediction 24576/105181
2026-09-30 05:20:37,927 | prediction 28672/105181
2026-09-30 05:20:45,078 | prediction 32768/105181
2026-09-30 05:20:52,228 | prediction 36864/105181
2026-09-30 05:20:59,378 | prediction 40960/105181
2026-09-30 05:21:06,526 | prediction 45056/105181
2026-09-30 05:21:13,677 | prediction 49152/105181
2026-09-30 05:21:20,826 | prediction 53248/105181
2026-09-30 05:21:27,977 | prediction 57344/105181
2026-09-30 05:21:35,127 | prediction 61440/105181
2026-09-30 05:21:42,277 | prediction 65536/105181
2026-09-30 05:21:49,424 | prediction 69632/105181
2026-09-30 05:21:56,576 | prediction 73728/105181
2026-09-30 05:22:03,726 | prediction 77824/105181
2026-09-30 05:22:10,880 | prediction 81920/105181
2026-09-30 05:22:18,033 | prediction 86016/105181
2026-09-30 05:22:25,182 | prediction 90112/105181
2026-09-30 05:22:32,329 | prediction 94208/105181
2026-09-30 05:22:39,477 | prediction 98304/105181
2026-09-30 05:22:46,626 | prediction 102400/105181
2026-09-30 05:22:53,017 | experiments/exp03/seeds/seed43/static/aligned/online_frozen.json | both:d48:u48:pNone
2026-09-30 05:23:00,196 | prediction 4096/105181
2026-09-30 05:23:07,342 | prediction 8192/105181
2026-09-30 05:23:14,487 | prediction 12288/105181
2026-09-30 05:23:21,633 | prediction 16384/105181
2026-09-30 05:23:28,779 | prediction 20480/105181
2026-09-30 05:23:35,925 | prediction 24576/105181
2026-09-30 05:23:43,072 | prediction 28672/105181
2026-09-30 05:23:50,219 | prediction 32768/105181
2026-09-30 05:23:57,362 | prediction 36864/105181
2026-09-30 05:24:04,508 | prediction 40960/105181
2026-09-30 05:24:11,653 | prediction 45056/105181
2026-09-30 05:24:18,801 | prediction 49152/105181
2026-09-30 05:24:25,948 | prediction 53248/105181
2026-09-30 05:24:33,098 | prediction 57344/105181
2026-09-30 05:24:40,274 | prediction 61440/105181
2026-09-30 05:24:47,454 | prediction 65536/105181
2026-09-30 05:24:54,631 | prediction 69632/105181
2026-09-30 05:25:01,811 | prediction 73728/105181
2026-09-30 05:25:08,987 | prediction 77824/105181
2026-09-30 05:25:16,163 | prediction 81920/105181
2026-09-30 05:25:23,340 | prediction 86016/105181
2026-09-30 05:25:30,517 | prediction 90112/105181
2026-09-30 05:25:37,693 | prediction 94208/105181
2026-09-30 05:25:44,872 | prediction 98304/105181
2026-09-30 05:25:52,052 | prediction 102400/105181
2026-09-30 05:25:58,459 | experiments/exp03/seeds/seed43/static/aligned/online_frozen.json | both:d64:u64:pNone
2026-09-30 05:26:05,672 | prediction 4096/105181
2026-09-30 05:26:12,852 | prediction 8192/105181
2026-09-30 05:26:20,033 | prediction 12288/105181
2026-09-30 05:26:27,213 | prediction 16384/105181
2026-09-30 05:26:34,394 | prediction 20480/105181
2026-09-30 05:26:41,573 | prediction 24576/105181
2026-09-30 05:26:48,752 | prediction 28672/105181
2026-09-30 05:26:55,932 | prediction 32768/105181
2026-09-30 05:27:03,110 | prediction 36864/105181
2026-09-30 05:27:10,292 | prediction 40960/105181
2026-09-30 05:27:17,471 | prediction 45056/105181
2026-09-30 05:27:24,649 | prediction 49152/105181
2026-09-30 05:27:31,827 | prediction 53248/105181
2026-09-30 05:27:39,006 | prediction 57344/105181
2026-09-30 05:27:46,183 | prediction 61440/105181
2026-09-30 05:27:53,363 | prediction 65536/105181
2026-09-30 05:28:00,544 | prediction 69632/105181
2026-09-30 05:28:07,723 | prediction 73728/105181
2026-09-30 05:28:14,905 | prediction 77824/105181
2026-09-30 05:28:22,088 | prediction 81920/105181
2026-09-30 05:28:29,271 | prediction 86016/105181
2026-09-30 05:28:36,451 | prediction 90112/105181
2026-09-30 05:28:43,631 | prediction 94208/105181
2026-09-30 05:28:50,812 | prediction 98304/105181
2026-09-30 05:28:57,997 | prediction 102400/105181
2026-09-30 05:29:04,412 | experiments/exp03/seeds/seed43/static/aligned/online_frozen.json | both:d76:u76:pNone
2026-09-30 05:29:11,626 | prediction 4096/105181
2026-09-30 05:29:18,806 | prediction 8192/105181
2026-09-30 05:29:25,986 | prediction 12288/105181
2026-09-30 05:29:33,167 | prediction 16384/105181
2026-09-30 05:29:40,346 | prediction 20480/105181
2026-09-30 05:29:47,526 | prediction 24576/105181
2026-09-30 05:29:54,708 | prediction 28672/105181
2026-09-30 05:30:01,887 | prediction 32768/105181
2026-09-30 05:30:09,067 | prediction 36864/105181
2026-09-30 05:30:16,248 | prediction 40960/105181
2026-09-30 05:30:23,430 | prediction 45056/105181
2026-09-30 05:30:30,610 | prediction 49152/105181
2026-09-30 05:30:37,792 | prediction 53248/105181
2026-09-30 05:30:44,971 | prediction 57344/105181
2026-09-30 05:30:52,149 | prediction 61440/105181
2026-09-30 05:30:59,327 | prediction 65536/105181
2026-09-30 05:31:06,506 | prediction 69632/105181
2026-09-30 05:31:13,686 | prediction 73728/105181
2026-09-30 05:31:20,866 | prediction 77824/105181
2026-09-30 05:31:28,046 | prediction 81920/105181
2026-09-30 05:31:35,225 | prediction 86016/105181
2026-09-30 05:31:42,405 | prediction 90112/105181
2026-09-30 05:31:49,583 | prediction 94208/105181
2026-09-30 05:31:56,764 | prediction 98304/105181
2026-09-30 05:32:03,942 | prediction 102400/105181
2026-09-30 05:32:48,068 | Original online 1000/105181 updates=673
2026-09-30 05:33:12,628 | Original online 2000/105181 updates=1328
2026-09-30 05:33:28,732 | Original online 3000/105181 updates=1656
2026-09-30 05:33:45,714 | Original online 4000/105181 updates=2017
2026-09-30 05:34:10,847 | Original online 5000/105181 updates=2689
2026-09-30 05:34:34,706 | Original online 6000/105181 updates=3312
2026-09-30 05:34:50,854 | Original online 7000/105181 updates=3640
2026-09-30 05:35:08,708 | Original online 8000/105181 updates=4033
2026-09-30 05:35:33,930 | Original online 9000/105181 updates=4705
2026-09-30 05:35:57,036 | Original online 10000/105181 updates=5296
2026-09-30 05:36:13,240 | Original online 11000/105181 updates=5624
2026-09-30 05:36:31,956 | Original online 12000/105181 updates=6049
2026-09-30 05:36:57,144 | Original online 13000/105181 updates=6721
2026-09-30 05:37:19,354 | Original online 14000/105181 updates=7280
2026-09-30 05:37:35,521 | Original online 15000/105181 updates=7608
2026-09-30 05:37:55,080 | Original online 16000/105181 updates=8065
2026-09-30 05:38:20,259 | Original online 17000/105181 updates=8737
2026-09-30 05:38:41,621 | Original online 18000/105181 updates=9264
2026-09-30 05:38:57,785 | Original online 19000/105181 updates=9592
2026-09-30 05:39:18,164 | Original online 20000/105181 updates=10081
2026-09-30 05:39:43,378 | Original online 21000/105181 updates=10753
2026-09-30 05:40:03,912 | Original online 22000/105181 updates=11248
2026-09-30 05:40:20,106 | Original online 23000/105181 updates=11576
2026-09-30 05:40:41,373 | Original online 24000/105181 updates=12097
2026-09-30 05:41:06,609 | Original online 25000/105181 updates=12769
2026-09-30 05:41:26,314 | Original online 26000/105181 updates=13232
2026-09-30 05:41:42,515 | Original online 27000/105181 updates=13560
2026-09-30 05:42:04,655 | Original online 28000/105181 updates=14113
2026-09-30 05:42:29,961 | Original online 29000/105181 updates=14785
2026-09-30 05:42:48,854 | Original online 30000/105181 updates=15216
2026-09-30 05:43:05,083 | Original online 31000/105181 updates=15544
2026-09-30 05:43:28,118 | Original online 32000/105181 updates=16129
2026-09-30 05:43:53,426 | Original online 33000/105181 updates=16801
2026-09-30 05:44:11,504 | Original online 34000/105181 updates=17200
2026-09-30 05:44:27,757 | Original online 35000/105181 updates=17528
2026-09-30 05:44:51,636 | Original online 36000/105181 updates=18145
2026-09-30 05:45:16,978 | Original online 37000/105181 updates=18817
2026-09-30 05:45:34,206 | Original online 38000/105181 updates=19184
2026-09-30 05:45:50,450 | Original online 39000/105181 updates=19512
2026-09-30 05:46:15,196 | Original online 40000/105181 updates=20161
2026-09-30 05:46:40,565 | Original online 41000/105181 updates=20833
2026-09-30 05:46:56,958 | Original online 42000/105181 updates=21168
2026-09-30 05:47:13,442 | Original online 43000/105181 updates=21505
2026-09-30 05:47:38,872 | Original online 44000/105181 updates=22177
2026-09-30 05:48:03,595 | Original online 45000/105181 updates=22824
2026-09-30 05:48:19,850 | Original online 46000/105181 updates=23152
2026-09-30 05:48:37,223 | Original online 47000/105181 updates=23521
2026-09-30 05:49:02,639 | Original online 48000/105181 updates=24193
2026-09-30 05:49:26,552 | Original online 49000/105181 updates=24808
2026-09-30 05:49:42,787 | Original online 50000/105181 updates=25136
2026-09-30 05:50:01,009 | Original online 51000/105181 updates=25537
2026-09-30 05:50:26,435 | Original online 52000/105181 updates=26209
2026-09-30 05:50:49,471 | Original online 53000/105181 updates=26792
2026-09-30 05:51:05,717 | Original online 54000/105181 updates=27120
2026-09-30 05:51:24,815 | Original online 55000/105181 updates=27553
2026-09-30 05:51:50,236 | Original online 56000/105181 updates=28225
2026-09-30 05:52:12,433 | Original online 57000/105181 updates=28776
2026-09-30 05:52:28,720 | Original online 58000/105181 updates=29104
2026-09-30 05:52:48,668 | Original online 59000/105181 updates=29569
2026-09-30 05:53:14,112 | Original online 60000/105181 updates=30241
2026-09-30 05:53:35,464 | Original online 61000/105181 updates=30760
2026-09-30 05:53:51,755 | Original online 62000/105181 updates=31088
2026-09-30 05:54:12,571 | Original online 63000/105181 updates=31585
2026-09-30 05:54:38,052 | Original online 64000/105181 updates=32257
2026-09-30 05:54:58,593 | Original online 65000/105181 updates=32744
2026-09-30 05:55:14,915 | Original online 66000/105181 updates=33072
2026-09-30 05:55:36,622 | Original online 67000/105181 updates=33601
2026-09-30 05:56:02,129 | Original online 68000/105181 updates=34273
2026-09-30 05:56:21,839 | Original online 69000/105181 updates=34728
2026-09-30 05:56:38,188 | Original online 70000/105181 updates=35056
2026-09-30 05:57:00,734 | Original online 71000/105181 updates=35617
2026-09-30 05:57:26,224 | Original online 72000/105181 updates=36289
2026-09-30 05:57:45,048 | Original online 73000/105181 updates=36712
2026-09-30 05:58:01,396 | Original online 74000/105181 updates=37040
2026-09-30 05:58:24,815 | Original online 75000/105181 updates=37633
2026-09-30 05:58:50,391 | Original online 76000/105181 updates=38305
2026-09-30 05:59:08,414 | Original online 77000/105181 updates=38696
2026-09-30 05:59:24,761 | Original online 78000/105181 updates=39024
2026-09-30 05:59:49,067 | Original online 79000/105181 updates=39649
2026-09-30 06:00:14,607 | Original online 80000/105181 updates=40321
2026-09-30 06:00:31,757 | Original online 81000/105181 updates=40680
2026-09-30 06:00:48,131 | Original online 82000/105181 updates=41008
2026-09-30 06:01:13,283 | Original online 83000/105181 updates=41665
2026-09-30 06:01:38,820 | Original online 84000/105181 updates=42336
2026-09-30 06:01:55,142 | Original online 85000/105181 updates=42664
2026-09-30 06:02:11,973 | Original online 86000/105181 updates=43009
2026-09-30 06:02:37,572 | Original online 87000/105181 updates=43681
2026-09-30 06:03:02,247 | Original online 88000/105181 updates=44320
2026-09-30 06:03:18,594 | Original online 89000/105181 updates=44648
2026-09-30 06:03:36,317 | Original online 90000/105181 updates=45025
2026-09-30 06:04:01,956 | Original online 91000/105181 updates=45697
2026-09-30 06:04:25,823 | Original online 92000/105181 updates=46304
2026-09-30 06:04:42,251 | Original online 93000/105181 updates=46632
2026-09-30 06:05:00,902 | Original online 94000/105181 updates=47041
2026-09-30 06:05:26,641 | Original online 95000/105181 updates=47713
2026-09-30 06:05:49,697 | Original online 96000/105181 updates=48288
2026-09-30 06:06:06,085 | Original online 97000/105181 updates=48616
2026-09-30 06:06:25,565 | Original online 98000/105181 updates=49057
2026-09-30 06:06:51,235 | Original online 99000/105181 updates=49729
2026-09-30 06:07:13,382 | Original online 100000/105181 updates=50272
2026-09-30 06:07:29,783 | Original online 101000/105181 updates=50600
2026-09-30 06:07:50,122 | Original online 102000/105181 updates=51073
2026-09-30 06:08:15,775 | Original online 103000/105181 updates=51745
2026-09-30 06:08:37,086 | Original online 104000/105181 updates=52256
2026-09-30 06:08:53,506 | Original online 105000/105181 updates=52584
2026-09-30 06:08:59,742 | Original online 105181/105181 updates=52765
2026-09-30 06:09:03,259 | snapshot analysis step=-1
2026-09-30 06:09:41,885 | snapshot analysis step=671
2026-09-30 06:10:20,481 | snapshot analysis step=1343
2026-09-30 06:10:59,090 | snapshot analysis step=2015
2026-09-30 06:11:37,672 | snapshot analysis step=2687
2026-09-30 06:12:16,286 | snapshot analysis step=3359
2026-09-30 06:12:54,942 | snapshot analysis step=4031
2026-09-30 06:13:33,548 | snapshot analysis step=4703
2026-09-30 06:14:12,171 | snapshot analysis step=5375
2026-09-30 06:14:50,853 | snapshot analysis step=6047
2026-09-30 06:15:29,520 | snapshot analysis step=6719
2026-09-30 06:16:08,200 | snapshot analysis step=7391
2026-09-30 06:16:46,892 | snapshot analysis step=8063
2026-09-30 06:17:25,565 | snapshot analysis step=8735
2026-09-30 06:18:04,289 | snapshot analysis step=9407
2026-09-30 06:18:43,044 | snapshot analysis step=10079
2026-09-30 06:19:21,843 | snapshot analysis step=10751
2026-09-30 06:20:00,645 | snapshot analysis step=11423
2026-09-30 06:20:39,485 | snapshot analysis step=12095
2026-09-30 06:21:18,429 | snapshot analysis step=12767
2026-09-30 06:21:57,262 | snapshot analysis step=13439
2026-09-30 06:22:36,214 | snapshot analysis step=14111
2026-09-30 06:23:15,051 | snapshot analysis step=14783
2026-09-30 06:23:53,908 | snapshot analysis step=15455
2026-09-30 06:24:32,808 | snapshot analysis step=16127
2026-09-30 06:25:11,757 | snapshot analysis step=16799
2026-09-30 06:25:50,829 | snapshot analysis step=17471
2026-09-30 06:26:29,802 | snapshot analysis step=18143
2026-09-30 06:27:08,861 | snapshot analysis step=18815
2026-09-30 06:27:47,859 | snapshot analysis step=19487
2026-09-30 06:28:26,978 | snapshot analysis step=20159
2026-09-30 06:29:06,137 | snapshot analysis step=20831
2026-09-30 06:29:45,243 | snapshot analysis step=21503
2026-09-30 06:30:24,358 | snapshot analysis step=22175
2026-09-30 06:31:03,414 | snapshot analysis step=22847
2026-09-30 06:31:42,458 | snapshot analysis step=23519
2026-09-30 06:32:21,587 | snapshot analysis step=24191
2026-09-30 06:33:00,648 | snapshot analysis step=24863
2026-09-30 06:33:39,797 | snapshot analysis step=25535
2026-09-30 06:34:19,088 | snapshot analysis step=26207
2026-09-30 06:34:58,250 | snapshot analysis step=26879
2026-09-30 06:35:37,403 | snapshot analysis step=27551
2026-09-30 06:36:16,593 | snapshot analysis step=28223
2026-09-30 06:36:55,862 | snapshot analysis step=28895
2026-09-30 06:37:35,131 | snapshot analysis step=29567
2026-09-30 06:38:14,429 | snapshot analysis step=30239
2026-09-30 06:38:53,752 | snapshot analysis step=30911
2026-09-30 06:39:32,854 | snapshot analysis step=31583
2026-09-30 06:40:12,020 | snapshot analysis step=32255
2026-09-30 06:40:51,307 | snapshot analysis step=32927
2026-09-30 06:41:30,622 | snapshot analysis step=33599
2026-09-30 06:42:09,926 | snapshot analysis step=34271
2026-09-30 06:42:49,275 | snapshot analysis step=34943
2026-09-30 06:43:28,572 | snapshot analysis step=35615
2026-09-30 06:44:07,914 | snapshot analysis step=36287
2026-09-30 06:44:47,072 | snapshot analysis step=36959
2026-09-30 06:45:26,265 | snapshot analysis step=37631
2026-09-30 06:46:06,071 | snapshot analysis step=38303
2026-09-30 06:46:45,256 | snapshot analysis step=38975
2026-09-30 06:47:24,516 | snapshot analysis step=39647
2026-09-30 06:48:03,727 | snapshot analysis step=40319
2026-09-30 06:48:43,071 | snapshot analysis step=40991
2026-09-30 06:49:22,391 | snapshot analysis step=41663
2026-09-30 06:50:01,770 | snapshot analysis step=42335
2026-09-30 06:50:41,077 | snapshot analysis step=43007
2026-09-30 06:51:20,467 | snapshot analysis step=43679
2026-09-30 06:51:59,720 | snapshot analysis step=44351
2026-09-30 06:52:39,029 | snapshot analysis step=45023
2026-09-30 06:53:18,332 | snapshot analysis step=45695
2026-09-30 06:53:57,717 | snapshot analysis step=46367
2026-09-30 06:54:37,126 | snapshot analysis step=47039
2026-09-30 06:55:16,479 | snapshot analysis step=47711
2026-09-30 06:55:55,857 | snapshot analysis step=48383
2026-09-30 06:56:35,288 | snapshot analysis step=49055
2026-09-30 06:57:14,816 | snapshot analysis step=49727
2026-09-30 06:57:54,343 | snapshot analysis step=50399
2026-09-30 06:58:33,874 | snapshot analysis step=51071
2026-09-30 06:59:13,354 | snapshot analysis step=51743
2026-09-30 06:59:52,938 | snapshot analysis step=52415
2026-09-30 07:00:32,495 | snapshot analysis step=53087
2026-09-30 07:01:11,984 | snapshot analysis step=53759
2026-09-30 07:01:51,516 | snapshot analysis step=54431
2026-09-30 07:02:30,956 | snapshot analysis step=55103
2026-09-30 07:03:10,401 | snapshot analysis step=55775
2026-09-30 07:03:49,825 | snapshot analysis step=56447
2026-09-30 07:04:29,266 | snapshot analysis step=57119
2026-09-30 07:05:08,817 | snapshot analysis step=57791
2026-09-30 07:05:48,288 | snapshot analysis step=58463
2026-09-30 07:06:27,794 | snapshot analysis step=59135
2026-09-30 07:07:07,383 | snapshot analysis step=59807
2026-09-30 07:07:46,960 | snapshot analysis step=60479
2026-09-30 07:08:26,474 | snapshot analysis step=61151
2026-09-30 07:09:06,155 | snapshot analysis step=61823
2026-09-30 07:09:45,648 | snapshot analysis step=62495
2026-09-30 07:10:25,204 | snapshot analysis step=63167
2026-09-30 07:11:04,703 | snapshot analysis step=63839
2026-09-30 07:11:44,284 | snapshot analysis step=64511
2026-09-30 07:12:23,788 | snapshot analysis step=65183
2026-09-30 07:13:03,318 | snapshot analysis step=65855
2026-09-30 07:13:42,958 | snapshot analysis step=66527
2026-09-30 07:14:22,538 | snapshot analysis step=67199
2026-09-30 07:15:02,083 | snapshot analysis step=67871
2026-09-30 07:15:41,746 | snapshot analysis step=68543
2026-09-30 07:16:21,286 | snapshot analysis step=69215
2026-09-30 07:17:00,896 | snapshot analysis step=69887
2026-09-30 07:17:40,566 | snapshot analysis step=70559
2026-09-30 07:18:20,201 | snapshot analysis step=71231
2026-09-30 07:18:59,941 | snapshot analysis step=71903
2026-09-30 07:19:39,560 | snapshot analysis step=72575
2026-09-30 07:20:19,390 | snapshot analysis step=73247
2026-09-30 07:20:59,181 | snapshot analysis step=73919
2026-09-30 07:21:38,898 | snapshot analysis step=74591
2026-09-30 07:22:18,598 | snapshot analysis step=75263
2026-09-30 07:22:58,317 | snapshot analysis step=75935
2026-09-30 07:23:38,000 | snapshot analysis step=76607
2026-09-30 07:24:17,837 | snapshot analysis step=77279
2026-09-30 07:24:57,538 | snapshot analysis step=77951
2026-09-30 07:25:37,220 | snapshot analysis step=78623
2026-09-30 07:26:17,193 | snapshot analysis step=79295
2026-09-30 07:26:56,929 | snapshot analysis step=79967
2026-09-30 07:27:36,804 | snapshot analysis step=80639
2026-09-30 07:28:16,622 | snapshot analysis step=81311
2026-09-30 07:28:56,410 | snapshot analysis step=81983
2026-09-30 07:29:36,280 | snapshot analysis step=82655
2026-09-30 07:30:16,167 | snapshot analysis step=83327
2026-09-30 07:30:55,919 | snapshot analysis step=83999
2026-09-30 07:31:35,884 | snapshot analysis step=84671
2026-09-30 07:32:15,689 | snapshot analysis step=85343
2026-09-30 07:32:55,552 | snapshot analysis step=86015
2026-09-30 07:33:35,476 | snapshot analysis step=86687
2026-09-30 07:34:15,454 | snapshot analysis step=87359
2026-09-30 07:34:55,311 | snapshot analysis step=88031
2026-09-30 07:35:35,215 | snapshot analysis step=88703
2026-09-30 07:36:15,082 | snapshot analysis step=89375
2026-09-30 07:36:55,116 | snapshot analysis step=90047
2026-09-30 07:37:35,000 | snapshot analysis step=90719
2026-09-30 07:38:15,039 | snapshot analysis step=91391
2026-09-30 07:38:54,943 | snapshot analysis step=92063
2026-09-30 07:39:35,007 | snapshot analysis step=92735
2026-09-30 07:40:14,923 | snapshot analysis step=93407
2026-09-30 07:40:54,958 | snapshot analysis step=94079
2026-09-30 07:41:35,057 | snapshot analysis step=94751
2026-09-30 07:42:15,150 | snapshot analysis step=95423
2026-09-30 07:42:55,285 | snapshot analysis step=96095
2026-09-30 07:43:35,283 | snapshot analysis step=96767
2026-09-30 07:44:15,337 | snapshot analysis step=97439
2026-09-30 07:44:55,460 | snapshot analysis step=98111
2026-09-30 07:45:35,603 | snapshot analysis step=98783
2026-09-30 07:46:15,724 | snapshot analysis step=99455
2026-09-30 07:46:55,759 | snapshot analysis step=100127
2026-09-30 07:47:35,888 | snapshot analysis step=100799
2026-09-30 07:48:16,111 | snapshot analysis step=101471
2026-09-30 07:48:56,230 | snapshot analysis step=102143
2026-09-30 07:49:36,340 | snapshot analysis step=102815
2026-09-30 07:50:16,469 | snapshot analysis step=103487
2026-09-30 07:50:56,610 | snapshot analysis step=104159
2026-09-30 07:51:36,762 | snapshot analysis step=104831
