2026-09-30 07:52:19,194 | exp03 seed=44 stage=all scope=full
2026-09-30 07:52:39,262 | prediction 4096/7002
2026-09-30 07:52:44,381 | experiments/exp03/seeds/seed44/static/as_stored/validation.json | original:dNone:uNone:pNone
2026-09-30 07:52:45,111 | experiments/exp03/seeds/seed44/static/as_stored/validation.json | bypass:dNone:uNone:pNone
2026-09-30 07:52:52,292 | prediction 4096/7002
2026-09-30 07:52:58,082 | experiments/exp03/seeds/seed44/static/as_stored/validation.json | down:d0:uNone:pNone
2026-09-30 07:53:05,263 | prediction 4096/7002
2026-09-30 07:53:11,052 | experiments/exp03/seeds/seed44/static/as_stored/validation.json | down:d1:uNone:pNone
2026-09-30 07:53:18,234 | prediction 4096/7002
2026-09-30 07:53:24,028 | experiments/exp03/seeds/seed44/static/as_stored/validation.json | down:d2:uNone:pNone
2026-09-30 07:53:31,207 | prediction 4096/7002
2026-09-30 07:53:36,998 | experiments/exp03/seeds/seed44/static/as_stored/validation.json | down:d4:uNone:pNone
2026-09-30 07:53:44,177 | prediction 4096/7002
2026-09-30 07:53:49,964 | experiments/exp03/seeds/seed44/static/as_stored/validation.json | down:d8:uNone:pNone
2026-09-30 07:53:57,142 | prediction 4096/7002
2026-09-30 07:54:02,931 | experiments/exp03/seeds/seed44/static/as_stored/validation.json | down:d16:uNone:pNone
2026-09-30 07:54:10,108 | prediction 4096/7002
2026-09-30 07:54:15,899 | experiments/exp03/seeds/seed44/static/as_stored/validation.json | down:d32:uNone:pNone
2026-09-30 07:54:23,104 | prediction 4096/7002
2026-09-30 07:54:28,897 | experiments/exp03/seeds/seed44/static/as_stored/validation.json | down:d48:uNone:pNone
2026-09-30 07:54:36,099 | prediction 4096/7002
2026-09-30 07:54:41,890 | experiments/exp03/seeds/seed44/static/as_stored/validation.json | down:d64:uNone:pNone
2026-09-30 07:54:49,092 | prediction 4096/7002
2026-09-30 07:54:54,882 | experiments/exp03/seeds/seed44/static/as_stored/validation.json | down:d76:uNone:pNone
2026-09-30 07:55:02,085 | prediction 4096/7002
2026-09-30 07:55:07,905 | experiments/exp03/seeds/seed44/static/as_stored/validation.json | up:dNone:u0:pNone
2026-09-30 07:55:15,083 | prediction 4096/7002
2026-09-30 07:55:20,875 | experiments/exp03/seeds/seed44/static/as_stored/validation.json | up:dNone:u1:pNone
2026-09-30 07:55:28,052 | prediction 4096/7002
2026-09-30 07:55:33,844 | experiments/exp03/seeds/seed44/static/as_stored/validation.json | up:dNone:u2:pNone
2026-09-30 07:55:41,022 | prediction 4096/7002
2026-09-30 07:55:46,815 | experiments/exp03/seeds/seed44/static/as_stored/validation.json | up:dNone:u4:pNone
2026-09-30 07:55:53,992 | prediction 4096/7002
2026-09-30 07:55:59,783 | experiments/exp03/seeds/seed44/static/as_stored/validation.json | up:dNone:u8:pNone
2026-09-30 07:56:06,961 | prediction 4096/7002
2026-09-30 07:56:12,755 | experiments/exp03/seeds/seed44/static/as_stored/validation.json | up:dNone:u16:pNone
2026-09-30 07:56:19,935 | prediction 4096/7002
2026-09-30 07:56:25,729 | experiments/exp03/seeds/seed44/static/as_stored/validation.json | up:dNone:u32:pNone
2026-09-30 07:56:32,932 | prediction 4096/7002
2026-09-30 07:56:38,728 | experiments/exp03/seeds/seed44/static/as_stored/validation.json | up:dNone:u48:pNone
2026-09-30 07:56:45,933 | prediction 4096/7002
2026-09-30 07:56:51,727 | experiments/exp03/seeds/seed44/static/as_stored/validation.json | up:dNone:u64:pNone
2026-09-30 07:56:58,931 | prediction 4096/7002
2026-09-30 07:57:04,728 | experiments/exp03/seeds/seed44/static/as_stored/validation.json | up:dNone:u76:pNone
2026-09-30 07:57:11,931 | prediction 4096/7002
2026-09-30 07:57:17,753 | experiments/exp03/seeds/seed44/static/as_stored/validation.json | both:d0:u0:pNone
2026-09-30 07:57:24,932 | prediction 4096/7002
2026-09-30 07:57:30,725 | experiments/exp03/seeds/seed44/static/as_stored/validation.json | both:d0:u1:pNone
2026-09-30 07:57:37,901 | prediction 4096/7002
2026-09-30 07:57:43,729 | experiments/exp03/seeds/seed44/static/as_stored/validation.json | both:d0:u2:pNone
2026-09-30 07:57:50,963 | prediction 4096/7002
2026-09-30 07:57:56,827 | experiments/exp03/seeds/seed44/static/as_stored/validation.json | both:d0:u4:pNone
2026-09-30 07:58:04,007 | prediction 4096/7002
2026-09-30 07:58:09,792 | experiments/exp03/seeds/seed44/static/as_stored/validation.json | both:d0:u8:pNone
2026-09-30 07:58:16,937 | prediction 4096/7002
2026-09-30 07:58:22,708 | experiments/exp03/seeds/seed44/static/as_stored/validation.json | both:d0:u16:pNone
2026-09-30 07:58:29,850 | prediction 4096/7002
2026-09-30 07:58:35,619 | experiments/exp03/seeds/seed44/static/as_stored/validation.json | both:d0:u32:pNone
2026-09-30 07:58:42,788 | prediction 4096/7002
2026-09-30 07:58:48,566 | experiments/exp03/seeds/seed44/static/as_stored/validation.json | both:d0:u48:pNone
2026-09-30 07:58:55,736 | prediction 4096/7002
2026-09-30 07:59:01,507 | experiments/exp03/seeds/seed44/static/as_stored/validation.json | both:d0:u64:pNone
2026-09-30 07:59:08,677 | prediction 4096/7002
2026-09-30 07:59:14,450 | experiments/exp03/seeds/seed44/static/as_stored/validation.json | both:d0:u76:pNone
2026-09-30 07:59:21,623 | prediction 4096/7002
2026-09-30 07:59:27,396 | experiments/exp03/seeds/seed44/static/as_stored/validation.json | both:d1:u0:pNone
2026-09-30 07:59:34,544 | prediction 4096/7002
2026-09-30 07:59:40,322 | experiments/exp03/seeds/seed44/static/as_stored/validation.json | both:d1:u1:pNone
2026-09-30 07:59:47,468 | prediction 4096/7002
2026-09-30 07:59:53,240 | experiments/exp03/seeds/seed44/static/as_stored/validation.json | both:d1:u2:pNone
2026-09-30 08:00:00,385 | prediction 4096/7002
2026-09-30 08:00:06,163 | experiments/exp03/seeds/seed44/static/as_stored/validation.json | both:d1:u4:pNone
2026-09-30 08:00:13,306 | prediction 4096/7002
2026-09-30 08:00:19,100 | experiments/exp03/seeds/seed44/static/as_stored/validation.json | both:d1:u8:pNone
2026-09-30 08:00:26,249 | prediction 4096/7002
2026-09-30 08:00:32,024 | experiments/exp03/seeds/seed44/static/as_stored/validation.json | both:d1:u16:pNone
2026-09-30 08:00:39,167 | prediction 4096/7002
2026-09-30 08:00:44,942 | experiments/exp03/seeds/seed44/static/as_stored/validation.json | both:d1:u32:pNone
2026-09-30 08:00:52,109 | prediction 4096/7002
2026-09-30 08:00:57,885 | experiments/exp03/seeds/seed44/static/as_stored/validation.json | both:d1:u48:pNone
2026-09-30 08:01:05,055 | prediction 4096/7002
2026-09-30 08:01:10,835 | experiments/exp03/seeds/seed44/static/as_stored/validation.json | both:d1:u64:pNone
2026-09-30 08:01:18,010 | prediction 4096/7002
2026-09-30 08:01:23,795 | experiments/exp03/seeds/seed44/static/as_stored/validation.json | both:d1:u76:pNone
2026-09-30 08:01:30,971 | prediction 4096/7002
2026-09-30 08:01:36,749 | experiments/exp03/seeds/seed44/static/as_stored/validation.json | both:d2:u0:pNone
2026-09-30 08:01:43,897 | prediction 4096/7002
2026-09-30 08:01:49,670 | experiments/exp03/seeds/seed44/static/as_stored/validation.json | both:d2:u1:pNone
2026-09-30 08:01:56,821 | prediction 4096/7002
2026-09-30 08:02:02,595 | experiments/exp03/seeds/seed44/static/as_stored/validation.json | both:d2:u2:pNone
2026-09-30 08:02:09,739 | prediction 4096/7002
2026-09-30 08:02:15,516 | experiments/exp03/seeds/seed44/static/as_stored/validation.json | both:d2:u4:pNone
2026-09-30 08:02:22,693 | prediction 4096/7002
2026-09-30 08:02:28,472 | experiments/exp03/seeds/seed44/static/as_stored/validation.json | both:d2:u8:pNone
2026-09-30 08:02:35,614 | prediction 4096/7002
2026-09-30 08:02:41,390 | experiments/exp03/seeds/seed44/static/as_stored/validation.json | both:d2:u16:pNone
2026-09-30 08:02:48,533 | prediction 4096/7002
2026-09-30 08:02:54,311 | experiments/exp03/seeds/seed44/static/as_stored/validation.json | both:d2:u32:pNone
2026-09-30 08:03:01,482 | prediction 4096/7002
2026-09-30 08:03:07,261 | experiments/exp03/seeds/seed44/static/as_stored/validation.json | both:d2:u48:pNone
2026-09-30 08:03:14,424 | prediction 4096/7002
2026-09-30 08:03:20,201 | experiments/exp03/seeds/seed44/static/as_stored/validation.json | both:d2:u64:pNone
2026-09-30 08:03:27,370 | prediction 4096/7002
2026-09-30 08:03:33,146 | experiments/exp03/seeds/seed44/static/as_stored/validation.json | both:d2:u76:pNone
2026-09-30 08:03:40,315 | prediction 4096/7002
2026-09-30 08:03:46,095 | experiments/exp03/seeds/seed44/static/as_stored/validation.json | both:d4:u0:pNone
2026-09-30 08:03:53,237 | prediction 4096/7002
2026-09-30 08:03:59,020 | experiments/exp03/seeds/seed44/static/as_stored/validation.json | both:d4:u1:pNone
2026-09-30 08:04:06,162 | prediction 4096/7002
2026-09-30 08:04:11,941 | experiments/exp03/seeds/seed44/static/as_stored/validation.json | both:d4:u2:pNone
2026-09-30 08:04:19,085 | prediction 4096/7002
2026-09-30 08:04:24,872 | experiments/exp03/seeds/seed44/static/as_stored/validation.json | both:d4:u4:pNone
2026-09-30 08:04:32,015 | prediction 4096/7002
2026-09-30 08:04:37,796 | experiments/exp03/seeds/seed44/static/as_stored/validation.json | both:d4:u8:pNone
2026-09-30 08:04:44,941 | prediction 4096/7002
2026-09-30 08:04:50,724 | experiments/exp03/seeds/seed44/static/as_stored/validation.json | both:d4:u16:pNone
2026-09-30 08:04:57,869 | prediction 4096/7002
2026-09-30 08:05:03,651 | experiments/exp03/seeds/seed44/static/as_stored/validation.json | both:d4:u32:pNone
2026-09-30 08:05:10,821 | prediction 4096/7002
2026-09-30 08:05:16,604 | experiments/exp03/seeds/seed44/static/as_stored/validation.json | both:d4:u48:pNone
2026-09-30 08:05:23,775 | prediction 4096/7002
2026-09-30 08:05:29,559 | experiments/exp03/seeds/seed44/static/as_stored/validation.json | both:d4:u64:pNone
2026-09-30 08:05:36,730 | prediction 4096/7002
2026-09-30 08:05:42,513 | experiments/exp03/seeds/seed44/static/as_stored/validation.json | both:d4:u76:pNone
2026-09-30 08:05:49,679 | prediction 4096/7002
2026-09-30 08:05:55,457 | experiments/exp03/seeds/seed44/static/as_stored/validation.json | both:d8:u0:pNone
2026-09-30 08:06:02,600 | prediction 4096/7002
2026-09-30 08:06:08,383 | experiments/exp03/seeds/seed44/static/as_stored/validation.json | both:d8:u1:pNone
2026-09-30 08:06:15,506 | prediction 4096/7002
2026-09-30 08:06:21,279 | experiments/exp03/seeds/seed44/static/as_stored/validation.json | both:d8:u2:pNone
2026-09-30 08:06:28,402 | prediction 4096/7002
2026-09-30 08:06:34,176 | experiments/exp03/seeds/seed44/static/as_stored/validation.json | both:d8:u4:pNone
2026-09-30 08:06:41,322 | prediction 4096/7002
2026-09-30 08:06:47,108 | experiments/exp03/seeds/seed44/static/as_stored/validation.json | both:d8:u8:pNone
2026-09-30 08:06:54,252 | prediction 4096/7002
2026-09-30 08:07:00,040 | experiments/exp03/seeds/seed44/static/as_stored/validation.json | both:d8:u16:pNone
2026-09-30 08:07:07,186 | prediction 4096/7002
2026-09-30 08:07:12,972 | experiments/exp03/seeds/seed44/static/as_stored/validation.json | both:d8:u32:pNone
2026-09-30 08:07:20,149 | prediction 4096/7002
2026-09-30 08:07:25,938 | experiments/exp03/seeds/seed44/static/as_stored/validation.json | both:d8:u48:pNone
2026-09-30 08:07:33,109 | prediction 4096/7002
2026-09-30 08:07:38,894 | experiments/exp03/seeds/seed44/static/as_stored/validation.json | both:d8:u64:pNone
2026-09-30 08:07:46,077 | prediction 4096/7002
2026-09-30 08:07:51,886 | experiments/exp03/seeds/seed44/static/as_stored/validation.json | both:d8:u76:pNone
2026-09-30 08:07:59,070 | prediction 4096/7002
2026-09-30 08:08:04,856 | experiments/exp03/seeds/seed44/static/as_stored/validation.json | both:d16:u0:pNone
2026-09-30 08:08:12,003 | prediction 4096/7002
2026-09-30 08:08:17,794 | experiments/exp03/seeds/seed44/static/as_stored/validation.json | both:d16:u1:pNone
2026-09-30 08:08:24,943 | prediction 4096/7002
2026-09-30 08:08:30,728 | experiments/exp03/seeds/seed44/static/as_stored/validation.json | both:d16:u2:pNone
2026-09-30 08:08:37,879 | prediction 4096/7002
2026-09-30 08:08:43,668 | experiments/exp03/seeds/seed44/static/as_stored/validation.json | both:d16:u4:pNone
2026-09-30 08:08:50,812 | prediction 4096/7002
2026-09-30 08:08:56,602 | experiments/exp03/seeds/seed44/static/as_stored/validation.json | both:d16:u8:pNone
2026-09-30 08:09:03,749 | prediction 4096/7002
2026-09-30 08:09:09,541 | experiments/exp03/seeds/seed44/static/as_stored/validation.json | both:d16:u16:pNone
2026-09-30 08:09:16,687 | prediction 4096/7002
2026-09-30 08:09:22,478 | experiments/exp03/seeds/seed44/static/as_stored/validation.json | both:d16:u32:pNone
2026-09-30 08:09:29,652 | prediction 4096/7002
2026-09-30 08:09:35,447 | experiments/exp03/seeds/seed44/static/as_stored/validation.json | both:d16:u48:pNone
2026-09-30 08:09:42,620 | prediction 4096/7002
2026-09-30 08:09:48,409 | experiments/exp03/seeds/seed44/static/as_stored/validation.json | both:d16:u64:pNone
2026-09-30 08:09:55,587 | prediction 4096/7002
2026-09-30 08:10:01,382 | experiments/exp03/seeds/seed44/static/as_stored/validation.json | both:d16:u76:pNone
2026-09-30 08:10:08,551 | prediction 4096/7002
2026-09-30 08:10:14,342 | experiments/exp03/seeds/seed44/static/as_stored/validation.json | both:d32:u0:pNone
2026-09-30 08:10:21,518 | prediction 4096/7002
2026-09-30 08:10:27,312 | experiments/exp03/seeds/seed44/static/as_stored/validation.json | both:d32:u1:pNone
2026-09-30 08:10:34,482 | prediction 4096/7002
2026-09-30 08:10:40,272 | experiments/exp03/seeds/seed44/static/as_stored/validation.json | both:d32:u2:pNone
2026-09-30 08:10:47,445 | prediction 4096/7002
2026-09-30 08:10:53,234 | experiments/exp03/seeds/seed44/static/as_stored/validation.json | both:d32:u4:pNone
2026-09-30 08:11:00,412 | prediction 4096/7002
2026-09-30 08:11:06,205 | experiments/exp03/seeds/seed44/static/as_stored/validation.json | both:d32:u8:pNone
2026-09-30 08:11:13,376 | prediction 4096/7002
2026-09-30 08:11:19,169 | experiments/exp03/seeds/seed44/static/as_stored/validation.json | both:d32:u16:pNone
2026-09-30 08:11:26,340 | prediction 4096/7002
2026-09-30 08:11:32,130 | experiments/exp03/seeds/seed44/static/as_stored/validation.json | both:d32:u32:pNone
2026-09-30 08:11:39,303 | prediction 4096/7002
2026-09-30 08:11:45,097 | experiments/exp03/seeds/seed44/static/as_stored/validation.json | both:d32:u48:pNone
2026-09-30 08:11:52,270 | prediction 4096/7002
2026-09-30 08:11:58,058 | experiments/exp03/seeds/seed44/static/as_stored/validation.json | both:d32:u64:pNone
2026-09-30 08:12:05,243 | prediction 4096/7002
2026-09-30 08:12:11,031 | experiments/exp03/seeds/seed44/static/as_stored/validation.json | both:d32:u76:pNone
2026-09-30 08:12:18,198 | prediction 4096/7002
2026-09-30 08:12:23,994 | experiments/exp03/seeds/seed44/static/as_stored/validation.json | both:d48:u0:pNone
2026-09-30 08:12:31,166 | prediction 4096/7002
2026-09-30 08:12:36,961 | experiments/exp03/seeds/seed44/static/as_stored/validation.json | both:d48:u1:pNone
2026-09-30 08:12:44,138 | prediction 4096/7002
2026-09-30 08:12:49,933 | experiments/exp03/seeds/seed44/static/as_stored/validation.json | both:d48:u2:pNone
2026-09-30 08:12:57,106 | prediction 4096/7002
2026-09-30 08:13:02,901 | experiments/exp03/seeds/seed44/static/as_stored/validation.json | both:d48:u4:pNone
2026-09-30 08:13:10,077 | prediction 4096/7002
2026-09-30 08:13:15,872 | experiments/exp03/seeds/seed44/static/as_stored/validation.json | both:d48:u8:pNone
2026-09-30 08:13:23,047 | prediction 4096/7002
2026-09-30 08:13:28,841 | experiments/exp03/seeds/seed44/static/as_stored/validation.json | both:d48:u16:pNone
2026-09-30 08:13:36,014 | prediction 4096/7002
2026-09-30 08:13:41,809 | experiments/exp03/seeds/seed44/static/as_stored/validation.json | both:d48:u32:pNone
2026-09-30 08:13:48,981 | prediction 4096/7002
2026-09-30 08:13:54,776 | experiments/exp03/seeds/seed44/static/as_stored/validation.json | both:d48:u48:pNone
2026-09-30 08:14:01,947 | prediction 4096/7002
2026-09-30 08:14:07,742 | experiments/exp03/seeds/seed44/static/as_stored/validation.json | both:d48:u64:pNone
2026-09-30 08:14:14,914 | prediction 4096/7002
2026-09-30 08:14:20,710 | experiments/exp03/seeds/seed44/static/as_stored/validation.json | both:d48:u76:pNone
2026-09-30 08:14:27,886 | prediction 4096/7002
2026-09-30 08:14:33,684 | experiments/exp03/seeds/seed44/static/as_stored/validation.json | both:d64:u0:pNone
2026-09-30 08:14:40,838 | prediction 4096/7002
2026-09-30 08:14:46,628 | experiments/exp03/seeds/seed44/static/as_stored/validation.json | both:d64:u1:pNone
2026-09-30 08:14:53,833 | prediction 4096/7002
2026-09-30 08:14:59,656 | experiments/exp03/seeds/seed44/static/as_stored/validation.json | both:d64:u2:pNone
2026-09-30 08:15:06,844 | prediction 4096/7002
2026-09-30 08:15:12,634 | experiments/exp03/seeds/seed44/static/as_stored/validation.json | both:d64:u4:pNone
2026-09-30 08:15:19,809 | prediction 4096/7002
2026-09-30 08:15:25,609 | experiments/exp03/seeds/seed44/static/as_stored/validation.json | both:d64:u8:pNone
2026-09-30 08:15:32,795 | prediction 4096/7002
2026-09-30 08:15:38,612 | experiments/exp03/seeds/seed44/static/as_stored/validation.json | both:d64:u16:pNone
2026-09-30 08:15:45,812 | prediction 4096/7002
2026-09-30 08:15:51,633 | experiments/exp03/seeds/seed44/static/as_stored/validation.json | both:d64:u32:pNone
2026-09-30 08:15:58,841 | prediction 4096/7002
2026-09-30 08:16:04,664 | experiments/exp03/seeds/seed44/static/as_stored/validation.json | both:d64:u48:pNone
2026-09-30 08:16:11,872 | prediction 4096/7002
2026-09-30 08:16:17,695 | experiments/exp03/seeds/seed44/static/as_stored/validation.json | both:d64:u64:pNone
2026-09-30 08:16:24,899 | prediction 4096/7002
2026-09-30 08:16:30,718 | experiments/exp03/seeds/seed44/static/as_stored/validation.json | both:d64:u76:pNone
2026-09-30 08:16:37,935 | prediction 4096/7002
2026-09-30 08:16:43,764 | experiments/exp03/seeds/seed44/static/as_stored/validation.json | both:d76:u0:pNone
2026-09-30 08:16:50,974 | prediction 4096/7002
2026-09-30 08:16:56,802 | experiments/exp03/seeds/seed44/static/as_stored/validation.json | both:d76:u1:pNone
2026-09-30 08:17:04,012 | prediction 4096/7002
2026-09-30 08:17:09,839 | experiments/exp03/seeds/seed44/static/as_stored/validation.json | both:d76:u2:pNone
2026-09-30 08:17:17,045 | prediction 4096/7002
2026-09-30 08:17:22,871 | experiments/exp03/seeds/seed44/static/as_stored/validation.json | both:d76:u4:pNone
2026-09-30 08:17:30,080 | prediction 4096/7002
2026-09-30 08:17:35,908 | experiments/exp03/seeds/seed44/static/as_stored/validation.json | both:d76:u8:pNone
2026-09-30 08:17:43,120 | prediction 4096/7002
2026-09-30 08:17:48,949 | experiments/exp03/seeds/seed44/static/as_stored/validation.json | both:d76:u16:pNone
2026-09-30 08:17:56,159 | prediction 4096/7002
2026-09-30 08:18:01,987 | experiments/exp03/seeds/seed44/static/as_stored/validation.json | both:d76:u32:pNone
2026-09-30 08:18:09,195 | prediction 4096/7002
2026-09-30 08:18:15,025 | experiments/exp03/seeds/seed44/static/as_stored/validation.json | both:d76:u48:pNone
2026-09-30 08:18:22,237 | prediction 4096/7002
2026-09-30 08:18:28,066 | experiments/exp03/seeds/seed44/static/as_stored/validation.json | both:d76:u64:pNone
2026-09-30 08:18:35,274 | prediction 4096/7002
2026-09-30 08:18:41,104 | experiments/exp03/seeds/seed44/static/as_stored/validation.json | both:d76:u76:pNone
2026-09-30 08:18:48,314 | prediction 4096/7002
2026-09-30 08:18:54,175 | experiments/exp03/seeds/seed44/static/as_stored/validation.json | random:d4:u4:p0
2026-09-30 08:19:01,375 | prediction 4096/7002
2026-09-30 08:19:07,213 | experiments/exp03/seeds/seed44/static/as_stored/validation.json | random:d4:u4:p1
2026-09-30 08:19:14,416 | prediction 4096/7002
2026-09-30 08:19:20,257 | experiments/exp03/seeds/seed44/static/as_stored/validation.json | random:d4:u4:p2
2026-09-30 08:19:27,459 | prediction 4096/7002
2026-09-30 08:19:33,299 | experiments/exp03/seeds/seed44/static/as_stored/validation.json | random:d8:u8:p0
2026-09-30 08:19:40,500 | prediction 4096/7002
2026-09-30 08:19:46,342 | experiments/exp03/seeds/seed44/static/as_stored/validation.json | random:d8:u8:p1
2026-09-30 08:19:53,547 | prediction 4096/7002
2026-09-30 08:19:59,389 | experiments/exp03/seeds/seed44/static/as_stored/validation.json | random:d8:u8:p2
2026-09-30 08:20:06,591 | prediction 4096/7002
2026-09-30 08:20:12,434 | experiments/exp03/seeds/seed44/static/as_stored/validation.json | random:d16:u16:p0
2026-09-30 08:20:19,637 | prediction 4096/7002
2026-09-30 08:20:25,481 | experiments/exp03/seeds/seed44/static/as_stored/validation.json | random:d16:u16:p1
2026-09-30 08:20:32,687 | prediction 4096/7002
2026-09-30 08:20:38,530 | experiments/exp03/seeds/seed44/static/as_stored/validation.json | random:d16:u16:p2
2026-09-30 08:20:45,736 | prediction 4096/7002
2026-09-30 08:20:51,579 | experiments/exp03/seeds/seed44/static/as_stored/validation.json | random:d32:u32:p0
2026-09-30 08:20:58,800 | prediction 4096/7002
2026-09-30 08:21:04,644 | experiments/exp03/seeds/seed44/static/as_stored/validation.json | random:d32:u32:p1
2026-09-30 08:21:11,866 | prediction 4096/7002
2026-09-30 08:21:17,710 | experiments/exp03/seeds/seed44/static/as_stored/validation.json | random:d32:u32:p2
2026-09-30 08:21:24,934 | prediction 4096/7002
2026-09-30 08:21:38,060 | prediction 4096/7002
2026-09-30 08:21:43,182 | experiments/exp03/seeds/seed44/static/aligned/validation.json | original:dNone:uNone:pNone
2026-09-30 08:21:43,910 | experiments/exp03/seeds/seed44/static/aligned/validation.json | bypass:dNone:uNone:pNone
2026-09-30 08:21:51,098 | prediction 4096/7002
2026-09-30 08:21:56,892 | experiments/exp03/seeds/seed44/static/aligned/validation.json | down:d0:uNone:pNone
2026-09-30 08:22:04,080 | prediction 4096/7002
2026-09-30 08:22:09,878 | experiments/exp03/seeds/seed44/static/aligned/validation.json | down:d1:uNone:pNone
2026-09-30 08:22:17,067 | prediction 4096/7002
2026-09-30 08:22:22,868 | experiments/exp03/seeds/seed44/static/aligned/validation.json | down:d2:uNone:pNone
2026-09-30 08:22:30,040 | prediction 4096/7002
2026-09-30 08:22:35,826 | experiments/exp03/seeds/seed44/static/aligned/validation.json | down:d4:uNone:pNone
2026-09-30 08:22:42,998 | prediction 4096/7002
2026-09-30 08:22:48,782 | experiments/exp03/seeds/seed44/static/aligned/validation.json | down:d8:uNone:pNone
2026-09-30 08:22:55,952 | prediction 4096/7002
2026-09-30 08:23:01,736 | experiments/exp03/seeds/seed44/static/aligned/validation.json | down:d16:uNone:pNone
2026-09-30 08:23:08,906 | prediction 4096/7002
2026-09-30 08:23:14,692 | experiments/exp03/seeds/seed44/static/aligned/validation.json | down:d32:uNone:pNone
2026-09-30 08:23:21,905 | prediction 4096/7002
2026-09-30 08:23:27,703 | experiments/exp03/seeds/seed44/static/aligned/validation.json | down:d48:uNone:pNone
2026-09-30 08:23:34,907 | prediction 4096/7002
2026-09-30 08:23:40,701 | experiments/exp03/seeds/seed44/static/aligned/validation.json | down:d64:uNone:pNone
2026-09-30 08:23:47,907 | prediction 4096/7002
2026-09-30 08:23:53,699 | experiments/exp03/seeds/seed44/static/aligned/validation.json | down:d76:uNone:pNone
2026-09-30 08:24:00,905 | prediction 4096/7002
2026-09-30 08:24:06,728 | experiments/exp03/seeds/seed44/static/aligned/validation.json | up:dNone:u0:pNone
2026-09-30 08:24:13,911 | prediction 4096/7002
2026-09-30 08:24:19,714 | experiments/exp03/seeds/seed44/static/aligned/validation.json | up:dNone:u1:pNone
2026-09-30 08:24:26,896 | prediction 4096/7002
2026-09-30 08:24:32,691 | experiments/exp03/seeds/seed44/static/aligned/validation.json | up:dNone:u2:pNone
2026-09-30 08:24:39,869 | prediction 4096/7002
2026-09-30 08:24:45,665 | experiments/exp03/seeds/seed44/static/aligned/validation.json | up:dNone:u4:pNone
2026-09-30 08:24:52,846 | prediction 4096/7002
2026-09-30 08:24:58,641 | experiments/exp03/seeds/seed44/static/aligned/validation.json | up:dNone:u8:pNone
2026-09-30 08:25:05,823 | prediction 4096/7002
2026-09-30 08:25:11,616 | experiments/exp03/seeds/seed44/static/aligned/validation.json | up:dNone:u16:pNone
2026-09-30 08:25:18,794 | prediction 4096/7002
2026-09-30 08:25:24,586 | experiments/exp03/seeds/seed44/static/aligned/validation.json | up:dNone:u32:pNone
2026-09-30 08:25:31,791 | prediction 4096/7002
2026-09-30 08:25:37,586 | experiments/exp03/seeds/seed44/static/aligned/validation.json | up:dNone:u48:pNone
2026-09-30 08:25:44,791 | prediction 4096/7002
2026-09-30 08:25:50,585 | experiments/exp03/seeds/seed44/static/aligned/validation.json | up:dNone:u64:pNone
2026-09-30 08:25:57,789 | prediction 4096/7002
2026-09-30 08:26:03,583 | experiments/exp03/seeds/seed44/static/aligned/validation.json | up:dNone:u76:pNone
2026-09-30 08:26:10,788 | prediction 4096/7002
2026-09-30 08:26:16,614 | experiments/exp03/seeds/seed44/static/aligned/validation.json | both:d0:u0:pNone
2026-09-30 08:26:23,798 | prediction 4096/7002
2026-09-30 08:26:29,595 | experiments/exp03/seeds/seed44/static/aligned/validation.json | both:d0:u1:pNone
2026-09-30 08:26:36,775 | prediction 4096/7002
2026-09-30 08:26:42,571 | experiments/exp03/seeds/seed44/static/aligned/validation.json | both:d0:u2:pNone
2026-09-30 08:26:49,753 | prediction 4096/7002
2026-09-30 08:26:55,551 | experiments/exp03/seeds/seed44/static/aligned/validation.json | both:d0:u4:pNone
2026-09-30 08:27:02,733 | prediction 4096/7002
2026-09-30 08:27:08,532 | experiments/exp03/seeds/seed44/static/aligned/validation.json | both:d0:u8:pNone
2026-09-30 08:27:15,711 | prediction 4096/7002
2026-09-30 08:27:21,507 | experiments/exp03/seeds/seed44/static/aligned/validation.json | both:d0:u16:pNone
2026-09-30 08:27:28,686 | prediction 4096/7002
2026-09-30 08:27:34,483 | experiments/exp03/seeds/seed44/static/aligned/validation.json | both:d0:u32:pNone
2026-09-30 08:27:41,688 | prediction 4096/7002
2026-09-30 08:27:47,486 | experiments/exp03/seeds/seed44/static/aligned/validation.json | both:d0:u48:pNone
2026-09-30 08:27:54,695 | prediction 4096/7002
2026-09-30 08:28:00,494 | experiments/exp03/seeds/seed44/static/aligned/validation.json | both:d0:u64:pNone
2026-09-30 08:28:07,701 | prediction 4096/7002
2026-09-30 08:28:13,497 | experiments/exp03/seeds/seed44/static/aligned/validation.json | both:d0:u76:pNone
2026-09-30 08:28:20,705 | prediction 4096/7002
2026-09-30 08:28:26,501 | experiments/exp03/seeds/seed44/static/aligned/validation.json | both:d1:u0:pNone
2026-09-30 08:28:33,681 | prediction 4096/7002
2026-09-30 08:28:39,478 | experiments/exp03/seeds/seed44/static/aligned/validation.json | both:d1:u1:pNone
2026-09-30 08:28:46,659 | prediction 4096/7002
2026-09-30 08:28:52,460 | experiments/exp03/seeds/seed44/static/aligned/validation.json | both:d1:u2:pNone
2026-09-30 08:28:59,639 | prediction 4096/7002
2026-09-30 08:29:05,442 | experiments/exp03/seeds/seed44/static/aligned/validation.json | both:d1:u4:pNone
2026-09-30 08:29:12,624 | prediction 4096/7002
2026-09-30 08:29:18,425 | experiments/exp03/seeds/seed44/static/aligned/validation.json | both:d1:u8:pNone
2026-09-30 08:29:25,609 | prediction 4096/7002
2026-09-30 08:29:31,413 | experiments/exp03/seeds/seed44/static/aligned/validation.json | both:d1:u16:pNone
2026-09-30 08:29:38,596 | prediction 4096/7002
2026-09-30 08:29:44,397 | experiments/exp03/seeds/seed44/static/aligned/validation.json | both:d1:u32:pNone
2026-09-30 08:29:51,605 | prediction 4096/7002
2026-09-30 08:29:57,407 | experiments/exp03/seeds/seed44/static/aligned/validation.json | both:d1:u48:pNone
2026-09-30 08:30:04,616 | prediction 4096/7002
2026-09-30 08:30:10,424 | experiments/exp03/seeds/seed44/static/aligned/validation.json | both:d1:u64:pNone
2026-09-30 08:30:17,629 | prediction 4096/7002
2026-09-30 08:30:23,435 | experiments/exp03/seeds/seed44/static/aligned/validation.json | both:d1:u76:pNone
2026-09-30 08:30:30,642 | prediction 4096/7002
2026-09-30 08:30:36,448 | experiments/exp03/seeds/seed44/static/aligned/validation.json | both:d2:u0:pNone
2026-09-30 08:30:43,638 | prediction 4096/7002
2026-09-30 08:30:49,445 | experiments/exp03/seeds/seed44/static/aligned/validation.json | both:d2:u1:pNone
2026-09-30 08:30:56,632 | prediction 4096/7002
2026-09-30 08:31:02,438 | experiments/exp03/seeds/seed44/static/aligned/validation.json | both:d2:u2:pNone
2026-09-30 08:31:09,628 | prediction 4096/7002
2026-09-30 08:31:15,437 | experiments/exp03/seeds/seed44/static/aligned/validation.json | both:d2:u4:pNone
2026-09-30 08:31:22,626 | prediction 4096/7002
2026-09-30 08:31:28,435 | experiments/exp03/seeds/seed44/static/aligned/validation.json | both:d2:u8:pNone
2026-09-30 08:31:35,620 | prediction 4096/7002
2026-09-30 08:31:41,429 | experiments/exp03/seeds/seed44/static/aligned/validation.json | both:d2:u16:pNone
2026-09-30 08:31:48,618 | prediction 4096/7002
2026-09-30 08:31:54,429 | experiments/exp03/seeds/seed44/static/aligned/validation.json | both:d2:u32:pNone
2026-09-30 08:32:01,643 | prediction 4096/7002
2026-09-30 08:32:07,455 | experiments/exp03/seeds/seed44/static/aligned/validation.json | both:d2:u48:pNone
2026-09-30 08:32:14,669 | prediction 4096/7002
2026-09-30 08:32:20,484 | experiments/exp03/seeds/seed44/static/aligned/validation.json | both:d2:u64:pNone
2026-09-30 08:32:27,699 | prediction 4096/7002
2026-09-30 08:32:33,512 | experiments/exp03/seeds/seed44/static/aligned/validation.json | both:d2:u76:pNone
2026-09-30 08:32:40,718 | prediction 4096/7002
2026-09-30 08:32:46,522 | experiments/exp03/seeds/seed44/static/aligned/validation.json | both:d4:u0:pNone
2026-09-30 08:32:53,700 | prediction 4096/7002
2026-09-30 08:32:59,508 | experiments/exp03/seeds/seed44/static/aligned/validation.json | both:d4:u1:pNone
2026-09-30 08:33:06,688 | prediction 4096/7002
2026-09-30 08:33:12,494 | experiments/exp03/seeds/seed44/static/aligned/validation.json | both:d4:u2:pNone
2026-09-30 08:33:19,671 | prediction 4096/7002
2026-09-30 08:33:25,481 | experiments/exp03/seeds/seed44/static/aligned/validation.json | both:d4:u4:pNone
2026-09-30 08:33:32,662 | prediction 4096/7002
2026-09-30 08:33:38,472 | experiments/exp03/seeds/seed44/static/aligned/validation.json | both:d4:u8:pNone
2026-09-30 08:33:45,652 | prediction 4096/7002
2026-09-30 08:33:51,460 | experiments/exp03/seeds/seed44/static/aligned/validation.json | both:d4:u16:pNone
2026-09-30 08:33:58,639 | prediction 4096/7002
2026-09-30 08:34:04,444 | experiments/exp03/seeds/seed44/static/aligned/validation.json | both:d4:u32:pNone
2026-09-30 08:34:11,650 | prediction 4096/7002
2026-09-30 08:34:17,464 | experiments/exp03/seeds/seed44/static/aligned/validation.json | both:d4:u48:pNone
2026-09-30 08:34:24,672 | prediction 4096/7002
2026-09-30 08:34:30,477 | experiments/exp03/seeds/seed44/static/aligned/validation.json | both:d4:u64:pNone
2026-09-30 08:34:37,673 | prediction 4096/7002
2026-09-30 08:34:43,442 | experiments/exp03/seeds/seed44/static/aligned/validation.json | both:d4:u76:pNone
2026-09-30 08:34:50,613 | prediction 4096/7002
2026-09-30 08:34:56,394 | experiments/exp03/seeds/seed44/static/aligned/validation.json | both:d8:u0:pNone
2026-09-30 08:35:03,538 | prediction 4096/7002
2026-09-30 08:35:09,320 | experiments/exp03/seeds/seed44/static/aligned/validation.json | both:d8:u1:pNone
2026-09-30 08:35:16,464 | prediction 4096/7002
2026-09-30 08:35:22,248 | experiments/exp03/seeds/seed44/static/aligned/validation.json | both:d8:u2:pNone
2026-09-30 08:35:29,388 | prediction 4096/7002
2026-09-30 08:35:35,171 | experiments/exp03/seeds/seed44/static/aligned/validation.json | both:d8:u4:pNone
2026-09-30 08:35:42,315 | prediction 4096/7002
2026-09-30 08:35:48,097 | experiments/exp03/seeds/seed44/static/aligned/validation.json | both:d8:u8:pNone
2026-09-30 08:35:55,240 | prediction 4096/7002
2026-09-30 08:36:01,027 | experiments/exp03/seeds/seed44/static/aligned/validation.json | both:d8:u16:pNone
2026-09-30 08:36:08,168 | prediction 4096/7002
2026-09-30 08:36:13,946 | experiments/exp03/seeds/seed44/static/aligned/validation.json | both:d8:u32:pNone
2026-09-30 08:36:21,117 | prediction 4096/7002
2026-09-30 08:36:26,900 | experiments/exp03/seeds/seed44/static/aligned/validation.json | both:d8:u48:pNone
2026-09-30 08:36:34,082 | prediction 4096/7002
2026-09-30 08:36:39,887 | experiments/exp03/seeds/seed44/static/aligned/validation.json | both:d8:u64:pNone
2026-09-30 08:36:47,093 | prediction 4096/7002
2026-09-30 08:36:52,908 | experiments/exp03/seeds/seed44/static/aligned/validation.json | both:d8:u76:pNone
2026-09-30 08:37:00,112 | prediction 4096/7002
2026-09-30 08:37:05,921 | experiments/exp03/seeds/seed44/static/aligned/validation.json | both:d16:u0:pNone
2026-09-30 08:37:13,097 | prediction 4096/7002
2026-09-30 08:37:18,893 | experiments/exp03/seeds/seed44/static/aligned/validation.json | both:d16:u1:pNone
2026-09-30 08:37:26,037 | prediction 4096/7002
2026-09-30 08:37:31,826 | experiments/exp03/seeds/seed44/static/aligned/validation.json | both:d16:u2:pNone
2026-09-30 08:37:38,971 | prediction 4096/7002
2026-09-30 08:37:44,759 | experiments/exp03/seeds/seed44/static/aligned/validation.json | both:d16:u4:pNone
2026-09-30 08:37:51,903 | prediction 4096/7002
2026-09-30 08:37:57,691 | experiments/exp03/seeds/seed44/static/aligned/validation.json | both:d16:u8:pNone
2026-09-30 08:38:04,835 | prediction 4096/7002
2026-09-30 08:38:10,622 | experiments/exp03/seeds/seed44/static/aligned/validation.json | both:d16:u16:pNone
2026-09-30 08:38:17,765 | prediction 4096/7002
2026-09-30 08:38:23,559 | experiments/exp03/seeds/seed44/static/aligned/validation.json | both:d16:u32:pNone
2026-09-30 08:38:30,731 | prediction 4096/7002
2026-09-30 08:38:36,519 | experiments/exp03/seeds/seed44/static/aligned/validation.json | both:d16:u48:pNone
2026-09-30 08:38:43,691 | prediction 4096/7002
2026-09-30 08:38:49,480 | experiments/exp03/seeds/seed44/static/aligned/validation.json | both:d16:u64:pNone
2026-09-30 08:38:56,652 | prediction 4096/7002
2026-09-30 08:39:02,442 | experiments/exp03/seeds/seed44/static/aligned/validation.json | both:d16:u76:pNone
2026-09-30 08:39:09,614 | prediction 4096/7002
2026-09-30 08:39:15,404 | experiments/exp03/seeds/seed44/static/aligned/validation.json | both:d32:u0:pNone
2026-09-30 08:39:22,581 | prediction 4096/7002
2026-09-30 08:39:28,372 | experiments/exp03/seeds/seed44/static/aligned/validation.json | both:d32:u1:pNone
2026-09-30 08:39:35,545 | prediction 4096/7002
2026-09-30 08:39:41,338 | experiments/exp03/seeds/seed44/static/aligned/validation.json | both:d32:u2:pNone
2026-09-30 08:39:48,511 | prediction 4096/7002
2026-09-30 08:39:54,306 | experiments/exp03/seeds/seed44/static/aligned/validation.json | both:d32:u4:pNone
2026-09-30 08:40:01,488 | prediction 4096/7002
2026-09-30 08:40:07,287 | experiments/exp03/seeds/seed44/static/aligned/validation.json | both:d32:u8:pNone
2026-09-30 08:40:14,470 | prediction 4096/7002
2026-09-30 08:40:20,272 | experiments/exp03/seeds/seed44/static/aligned/validation.json | both:d32:u16:pNone
2026-09-30 08:40:27,448 | prediction 4096/7002
2026-09-30 08:40:33,243 | experiments/exp03/seeds/seed44/static/aligned/validation.json | both:d32:u32:pNone
2026-09-30 08:40:40,415 | prediction 4096/7002
2026-09-30 08:40:46,209 | experiments/exp03/seeds/seed44/static/aligned/validation.json | both:d32:u48:pNone
2026-09-30 08:40:53,382 | prediction 4096/7002
2026-09-30 08:40:59,178 | experiments/exp03/seeds/seed44/static/aligned/validation.json | both:d32:u64:pNone
2026-09-30 08:41:06,353 | prediction 4096/7002
2026-09-30 08:41:12,177 | experiments/exp03/seeds/seed44/static/aligned/validation.json | both:d32:u76:pNone
2026-09-30 08:41:19,350 | prediction 4096/7002
2026-09-30 08:41:25,142 | experiments/exp03/seeds/seed44/static/aligned/validation.json | both:d48:u0:pNone
2026-09-30 08:41:32,314 | prediction 4096/7002
2026-09-30 08:41:38,105 | experiments/exp03/seeds/seed44/static/aligned/validation.json | both:d48:u1:pNone
2026-09-30 08:41:45,279 | prediction 4096/7002
2026-09-30 08:41:51,072 | experiments/exp03/seeds/seed44/static/aligned/validation.json | both:d48:u2:pNone
2026-09-30 08:41:58,242 | prediction 4096/7002
2026-09-30 08:42:04,035 | experiments/exp03/seeds/seed44/static/aligned/validation.json | both:d48:u4:pNone
2026-09-30 08:42:11,209 | prediction 4096/7002
2026-09-30 08:42:16,999 | experiments/exp03/seeds/seed44/static/aligned/validation.json | both:d48:u8:pNone
2026-09-30 08:42:24,173 | prediction 4096/7002
2026-09-30 08:42:29,967 | experiments/exp03/seeds/seed44/static/aligned/validation.json | both:d48:u16:pNone
2026-09-30 08:42:37,140 | prediction 4096/7002
2026-09-30 08:42:42,963 | experiments/exp03/seeds/seed44/static/aligned/validation.json | both:d48:u32:pNone
2026-09-30 08:42:50,134 | prediction 4096/7002
2026-09-30 08:42:55,928 | experiments/exp03/seeds/seed44/static/aligned/validation.json | both:d48:u48:pNone
2026-09-30 08:43:03,112 | prediction 4096/7002
2026-09-30 08:43:08,902 | experiments/exp03/seeds/seed44/static/aligned/validation.json | both:d48:u64:pNone
2026-09-30 08:43:16,071 | prediction 4096/7002
2026-09-30 08:43:21,860 | experiments/exp03/seeds/seed44/static/aligned/validation.json | both:d48:u76:pNone
2026-09-30 08:43:29,032 | prediction 4096/7002
2026-09-30 08:43:34,833 | experiments/exp03/seeds/seed44/static/aligned/validation.json | both:d64:u0:pNone
2026-09-30 08:43:42,029 | prediction 4096/7002
2026-09-30 08:43:47,822 | experiments/exp03/seeds/seed44/static/aligned/validation.json | both:d64:u1:pNone
2026-09-30 08:43:54,977 | prediction 4096/7002
2026-09-30 08:44:00,796 | experiments/exp03/seeds/seed44/static/aligned/validation.json | both:d64:u2:pNone
2026-09-30 08:44:07,973 | prediction 4096/7002
2026-09-30 08:44:13,772 | experiments/exp03/seeds/seed44/static/aligned/validation.json | both:d64:u4:pNone
2026-09-30 08:44:20,948 | prediction 4096/7002
2026-09-30 08:44:26,739 | experiments/exp03/seeds/seed44/static/aligned/validation.json | both:d64:u8:pNone
2026-09-30 08:44:33,899 | prediction 4096/7002
2026-09-30 08:44:39,687 | experiments/exp03/seeds/seed44/static/aligned/validation.json | both:d64:u16:pNone
2026-09-30 08:44:46,861 | prediction 4096/7002
2026-09-30 08:44:52,658 | experiments/exp03/seeds/seed44/static/aligned/validation.json | both:d64:u32:pNone
2026-09-30 08:44:59,833 | prediction 4096/7002
2026-09-30 08:45:05,633 | experiments/exp03/seeds/seed44/static/aligned/validation.json | both:d64:u48:pNone
2026-09-30 08:45:12,809 | prediction 4096/7002
2026-09-30 08:45:18,640 | experiments/exp03/seeds/seed44/static/aligned/validation.json | both:d64:u64:pNone
2026-09-30 08:45:25,814 | prediction 4096/7002
2026-09-30 08:45:31,615 | experiments/exp03/seeds/seed44/static/aligned/validation.json | both:d64:u76:pNone
2026-09-30 08:45:38,791 | prediction 4096/7002
2026-09-30 08:45:44,591 | experiments/exp03/seeds/seed44/static/aligned/validation.json | both:d76:u0:pNone
2026-09-30 08:45:51,767 | prediction 4096/7002
2026-09-30 08:45:57,568 | experiments/exp03/seeds/seed44/static/aligned/validation.json | both:d76:u1:pNone
2026-09-30 08:46:04,740 | prediction 4096/7002
2026-09-30 08:46:10,537 | experiments/exp03/seeds/seed44/static/aligned/validation.json | both:d76:u2:pNone
2026-09-30 08:46:17,717 | prediction 4096/7002
2026-09-30 08:46:23,558 | experiments/exp03/seeds/seed44/static/aligned/validation.json | both:d76:u4:pNone
2026-09-30 08:46:30,741 | prediction 4096/7002
2026-09-30 08:46:36,551 | experiments/exp03/seeds/seed44/static/aligned/validation.json | both:d76:u8:pNone
2026-09-30 08:46:43,733 | prediction 4096/7002
2026-09-30 08:46:49,539 | experiments/exp03/seeds/seed44/static/aligned/validation.json | both:d76:u16:pNone
2026-09-30 08:46:56,720 | prediction 4096/7002
2026-09-30 08:47:02,530 | experiments/exp03/seeds/seed44/static/aligned/validation.json | both:d76:u32:pNone
2026-09-30 08:47:09,710 | prediction 4096/7002
2026-09-30 08:47:15,523 | experiments/exp03/seeds/seed44/static/aligned/validation.json | both:d76:u48:pNone
2026-09-30 08:47:22,700 | prediction 4096/7002
2026-09-30 08:47:28,505 | experiments/exp03/seeds/seed44/static/aligned/validation.json | both:d76:u64:pNone
2026-09-30 08:47:35,679 | prediction 4096/7002
2026-09-30 08:47:41,513 | experiments/exp03/seeds/seed44/static/aligned/validation.json | both:d76:u76:pNone
2026-09-30 08:47:48,688 | prediction 4096/7002
2026-09-30 08:48:01,823 | prediction 4096/105181
2026-09-30 08:48:08,962 | prediction 8192/105181
2026-09-30 08:48:16,104 | prediction 12288/105181
2026-09-30 08:48:23,249 | prediction 16384/105181
2026-09-30 08:48:30,394 | prediction 20480/105181
2026-09-30 08:48:37,541 | prediction 24576/105181
2026-09-30 08:48:44,683 | prediction 28672/105181
2026-09-30 08:48:51,824 | prediction 32768/105181
2026-09-30 08:48:58,965 | prediction 36864/105181
2026-09-30 08:49:06,107 | prediction 40960/105181
2026-09-30 08:49:13,248 | prediction 45056/105181
2026-09-30 08:49:20,393 | prediction 49152/105181
2026-09-30 08:49:27,537 | prediction 53248/105181
2026-09-30 08:49:34,681 | prediction 57344/105181
2026-09-30 08:49:41,840 | prediction 61440/105181
2026-09-30 08:49:49,012 | prediction 65536/105181
2026-09-30 08:49:56,187 | prediction 69632/105181
2026-09-30 08:50:03,359 | prediction 73728/105181
2026-09-30 08:50:10,501 | prediction 77824/105181
2026-09-30 08:50:17,639 | prediction 81920/105181
2026-09-30 08:50:24,780 | prediction 86016/105181
2026-09-30 08:50:31,919 | prediction 90112/105181
2026-09-30 08:50:39,056 | prediction 94208/105181
2026-09-30 08:50:46,195 | prediction 98304/105181
2026-09-30 08:50:53,334 | prediction 102400/105181
2026-09-30 08:50:58,695 | experiments/exp03/seeds/seed44/static/as_stored/online_frozen.json | original:dNone:uNone:pNone
2026-09-30 08:51:01,057 | experiments/exp03/seeds/seed44/static/as_stored/online_frozen.json | bypass:dNone:uNone:pNone
2026-09-30 08:51:08,210 | prediction 4096/105181
2026-09-30 08:51:15,355 | prediction 8192/105181
2026-09-30 08:51:22,500 | prediction 12288/105181
2026-09-30 08:51:29,647 | prediction 16384/105181
2026-09-30 08:51:36,791 | prediction 20480/105181
2026-09-30 08:51:43,942 | prediction 24576/105181
2026-09-30 08:51:51,089 | prediction 28672/105181
2026-09-30 08:51:58,245 | prediction 32768/105181
2026-09-30 08:52:05,418 | prediction 36864/105181
2026-09-30 08:52:12,590 | prediction 40960/105181
2026-09-30 08:52:19,762 | prediction 45056/105181
2026-09-30 08:52:26,937 | prediction 49152/105181
2026-09-30 08:52:34,112 | prediction 53248/105181
2026-09-30 08:52:41,285 | prediction 57344/105181
2026-09-30 08:52:48,450 | prediction 61440/105181
2026-09-30 08:52:55,593 | prediction 65536/105181
2026-09-30 08:53:02,732 | prediction 69632/105181
2026-09-30 08:53:09,874 | prediction 73728/105181
2026-09-30 08:53:17,011 | prediction 77824/105181
2026-09-30 08:53:24,149 | prediction 81920/105181
2026-09-30 08:53:31,289 | prediction 86016/105181
2026-09-30 08:53:38,426 | prediction 90112/105181
2026-09-30 08:53:45,564 | prediction 94208/105181
2026-09-30 08:53:52,703 | prediction 98304/105181
2026-09-30 08:53:59,839 | prediction 102400/105181
2026-09-30 08:54:06,211 | experiments/exp03/seeds/seed44/static/as_stored/online_frozen.json | down:d0:uNone:pNone
2026-09-30 08:54:13,364 | prediction 4096/105181
2026-09-30 08:54:20,509 | prediction 8192/105181
2026-09-30 08:54:27,655 | prediction 12288/105181
2026-09-30 08:54:34,798 | prediction 16384/105181
2026-09-30 08:54:41,943 | prediction 20480/105181
2026-09-30 08:54:49,089 | prediction 24576/105181
2026-09-30 08:54:56,233 | prediction 28672/105181
2026-09-30 08:55:03,383 | prediction 32768/105181
2026-09-30 08:55:10,534 | prediction 36864/105181
2026-09-30 08:55:17,683 | prediction 40960/105181
2026-09-30 08:55:24,835 | prediction 45056/105181
2026-09-30 08:55:32,001 | prediction 49152/105181
2026-09-30 08:55:39,180 | prediction 53248/105181
2026-09-30 08:55:46,336 | prediction 57344/105181
2026-09-30 08:55:53,479 | prediction 61440/105181
2026-09-30 08:56:00,624 | prediction 65536/105181
2026-09-30 08:56:07,772 | prediction 69632/105181
2026-09-30 08:56:14,920 | prediction 73728/105181
2026-09-30 08:56:22,069 | prediction 77824/105181
2026-09-30 08:56:29,217 | prediction 81920/105181
2026-09-30 08:56:36,364 | prediction 86016/105181
2026-09-30 08:56:43,510 | prediction 90112/105181
2026-09-30 08:56:50,668 | prediction 94208/105181
2026-09-30 08:56:57,848 | prediction 98304/105181
2026-09-30 08:57:05,028 | prediction 102400/105181
2026-09-30 08:57:11,441 | experiments/exp03/seeds/seed44/static/as_stored/online_frozen.json | down:d1:uNone:pNone
2026-09-30 08:57:18,619 | prediction 4096/105181
2026-09-30 08:57:25,798 | prediction 8192/105181
2026-09-30 08:57:32,978 | prediction 12288/105181
2026-09-30 08:57:40,158 | prediction 16384/105181
2026-09-30 08:57:47,338 | prediction 20480/105181
2026-09-30 08:57:54,517 | prediction 24576/105181
2026-09-30 08:58:01,699 | prediction 28672/105181
2026-09-30 08:58:08,879 | prediction 32768/105181
2026-09-30 08:58:16,059 | prediction 36864/105181
2026-09-30 08:58:23,241 | prediction 40960/105181
2026-09-30 08:58:30,421 | prediction 45056/105181
2026-09-30 08:58:37,601 | prediction 49152/105181
2026-09-30 08:58:44,781 | prediction 53248/105181
2026-09-30 08:58:51,961 | prediction 57344/105181
2026-09-30 08:58:59,141 | prediction 61440/105181
2026-09-30 08:59:06,322 | prediction 65536/105181
2026-09-30 08:59:13,502 | prediction 69632/105181
2026-09-30 08:59:20,681 | prediction 73728/105181
2026-09-30 08:59:27,861 | prediction 77824/105181
2026-09-30 08:59:35,042 | prediction 81920/105181
2026-09-30 08:59:42,221 | prediction 86016/105181
2026-09-30 08:59:49,401 | prediction 90112/105181
2026-09-30 08:59:56,582 | prediction 94208/105181
2026-09-30 09:00:03,764 | prediction 98304/105181
2026-09-30 09:00:10,945 | prediction 102400/105181
2026-09-30 09:00:17,356 | experiments/exp03/seeds/seed44/static/as_stored/online_frozen.json | down:d2:uNone:pNone
2026-09-30 09:00:24,552 | prediction 4096/105181
2026-09-30 09:00:31,741 | prediction 8192/105181
2026-09-30 09:00:38,927 | prediction 12288/105181
2026-09-30 09:00:46,114 | prediction 16384/105181
2026-09-30 09:00:53,300 | prediction 20480/105181
2026-09-30 09:01:00,486 | prediction 24576/105181
2026-09-30 09:01:07,673 | prediction 28672/105181
2026-09-30 09:01:14,860 | prediction 32768/105181
2026-09-30 09:01:22,047 | prediction 36864/105181
2026-09-30 09:01:29,233 | prediction 40960/105181
2026-09-30 09:01:36,419 | prediction 45056/105181
2026-09-30 09:01:43,606 | prediction 49152/105181
2026-09-30 09:01:50,793 | prediction 53248/105181
2026-09-30 09:01:57,977 | prediction 57344/105181
2026-09-30 09:02:05,157 | prediction 61440/105181
2026-09-30 09:02:12,334 | prediction 65536/105181
2026-09-30 09:02:19,512 | prediction 69632/105181
2026-09-30 09:02:26,695 | prediction 73728/105181
2026-09-30 09:02:33,877 | prediction 77824/105181
2026-09-30 09:02:41,055 | prediction 81920/105181
2026-09-30 09:02:48,233 | prediction 86016/105181
2026-09-30 09:02:55,413 | prediction 90112/105181
2026-09-30 09:03:02,592 | prediction 94208/105181
2026-09-30 09:03:09,772 | prediction 98304/105181
2026-09-30 09:03:16,950 | prediction 102400/105181
2026-09-30 09:03:23,398 | experiments/exp03/seeds/seed44/static/as_stored/online_frozen.json | down:d4:uNone:pNone
2026-09-30 09:03:30,584 | prediction 4096/105181
2026-09-30 09:03:37,765 | prediction 8192/105181
2026-09-30 09:03:44,946 | prediction 12288/105181
2026-09-30 09:03:52,133 | prediction 16384/105181
2026-09-30 09:03:59,319 | prediction 20480/105181
2026-09-30 09:04:06,506 | prediction 24576/105181
2026-09-30 09:04:13,692 | prediction 28672/105181
2026-09-30 09:04:20,877 | prediction 32768/105181
2026-09-30 09:04:28,061 | prediction 36864/105181
2026-09-30 09:04:35,244 | prediction 40960/105181
2026-09-30 09:04:42,427 | prediction 45056/105181
2026-09-30 09:04:49,609 | prediction 49152/105181
2026-09-30 09:04:56,791 | prediction 53248/105181
2026-09-30 09:05:03,975 | prediction 57344/105181
2026-09-30 09:05:11,156 | prediction 61440/105181
2026-09-30 09:05:18,338 | prediction 65536/105181
2026-09-30 09:05:25,521 | prediction 69632/105181
2026-09-30 09:05:32,703 | prediction 73728/105181
2026-09-30 09:05:39,884 | prediction 77824/105181
2026-09-30 09:05:47,067 | prediction 81920/105181
2026-09-30 09:05:54,249 | prediction 86016/105181
2026-09-30 09:06:01,430 | prediction 90112/105181
2026-09-30 09:06:08,613 | prediction 94208/105181
2026-09-30 09:06:15,795 | prediction 98304/105181
2026-09-30 09:06:22,982 | prediction 102400/105181
2026-09-30 09:06:29,397 | experiments/exp03/seeds/seed44/static/as_stored/online_frozen.json | down:d8:uNone:pNone
2026-09-30 09:06:36,594 | prediction 4096/105181
2026-09-30 09:06:43,781 | prediction 8192/105181
2026-09-30 09:06:50,970 | prediction 12288/105181
2026-09-30 09:06:58,157 | prediction 16384/105181
2026-09-30 09:07:05,345 | prediction 20480/105181
2026-09-30 09:07:12,534 | prediction 24576/105181
2026-09-30 09:07:19,721 | prediction 28672/105181
2026-09-30 09:07:26,909 | prediction 32768/105181
2026-09-30 09:07:34,097 | prediction 36864/105181
2026-09-30 09:07:41,284 | prediction 40960/105181
2026-09-30 09:07:48,471 | prediction 45056/105181
2026-09-30 09:07:55,658 | prediction 49152/105181
2026-09-30 09:08:02,846 | prediction 53248/105181
2026-09-30 09:08:10,034 | prediction 57344/105181
2026-09-30 09:08:17,221 | prediction 61440/105181
2026-09-30 09:08:24,414 | prediction 65536/105181
2026-09-30 09:08:31,603 | prediction 69632/105181
2026-09-30 09:08:38,791 | prediction 73728/105181
2026-09-30 09:08:45,979 | prediction 77824/105181
2026-09-30 09:08:53,168 | prediction 81920/105181
2026-09-30 09:09:00,356 | prediction 86016/105181
2026-09-30 09:09:07,543 | prediction 90112/105181
2026-09-30 09:09:14,731 | prediction 94208/105181
2026-09-30 09:09:21,919 | prediction 98304/105181
2026-09-30 09:09:29,108 | prediction 102400/105181
2026-09-30 09:09:35,528 | experiments/exp03/seeds/seed44/static/as_stored/online_frozen.json | down:d16:uNone:pNone
2026-09-30 09:09:42,716 | prediction 4096/105181
2026-09-30 09:09:49,897 | prediction 8192/105181
2026-09-30 09:09:57,078 | prediction 12288/105181
2026-09-30 09:10:04,258 | prediction 16384/105181
2026-09-30 09:10:11,439 | prediction 20480/105181
2026-09-30 09:10:18,619 | prediction 24576/105181
2026-09-30 09:10:25,802 | prediction 28672/105181
2026-09-30 09:10:32,982 | prediction 32768/105181
2026-09-30 09:10:40,165 | prediction 36864/105181
2026-09-30 09:10:47,329 | prediction 40960/105181
2026-09-30 09:10:54,474 | prediction 45056/105181
2026-09-30 09:11:01,622 | prediction 49152/105181
2026-09-30 09:11:08,769 | prediction 53248/105181
2026-09-30 09:11:15,914 | prediction 57344/105181
2026-09-30 09:11:23,058 | prediction 61440/105181
2026-09-30 09:11:30,200 | prediction 65536/105181
2026-09-30 09:11:37,345 | prediction 69632/105181
2026-09-30 09:11:44,489 | prediction 73728/105181
2026-09-30 09:11:51,635 | prediction 77824/105181
2026-09-30 09:11:58,777 | prediction 81920/105181
2026-09-30 09:12:05,921 | prediction 86016/105181
2026-09-30 09:12:13,065 | prediction 90112/105181
2026-09-30 09:12:20,208 | prediction 94208/105181
2026-09-30 09:12:27,356 | prediction 98304/105181
2026-09-30 09:12:34,501 | prediction 102400/105181
2026-09-30 09:12:40,889 | experiments/exp03/seeds/seed44/static/as_stored/online_frozen.json | down:d32:uNone:pNone
2026-09-30 09:12:48,069 | prediction 4096/105181
2026-09-30 09:12:55,218 | prediction 8192/105181
2026-09-30 09:13:02,365 | prediction 12288/105181
2026-09-30 09:13:09,512 | prediction 16384/105181
2026-09-30 09:13:16,662 | prediction 20480/105181
2026-09-30 09:13:23,815 | prediction 24576/105181
2026-09-30 09:13:30,965 | prediction 28672/105181
2026-09-30 09:13:38,111 | prediction 32768/105181
2026-09-30 09:13:45,259 | prediction 36864/105181
2026-09-30 09:13:52,406 | prediction 40960/105181
2026-09-30 09:13:59,553 | prediction 45056/105181
2026-09-30 09:14:06,701 | prediction 49152/105181
2026-09-30 09:14:13,848 | prediction 53248/105181
2026-09-30 09:14:20,998 | prediction 57344/105181
2026-09-30 09:14:28,145 | prediction 61440/105181
2026-09-30 09:14:35,293 | prediction 65536/105181
2026-09-30 09:14:42,441 | prediction 69632/105181
2026-09-30 09:14:49,590 | prediction 73728/105181
2026-09-30 09:14:56,739 | prediction 77824/105181
2026-09-30 09:15:03,890 | prediction 81920/105181
2026-09-30 09:15:11,039 | prediction 86016/105181
2026-09-30 09:15:18,178 | prediction 90112/105181
2026-09-30 09:15:25,328 | prediction 94208/105181
2026-09-30 09:15:32,478 | prediction 98304/105181
2026-09-30 09:15:39,626 | prediction 102400/105181
2026-09-30 09:15:46,019 | experiments/exp03/seeds/seed44/static/as_stored/online_frozen.json | down:d48:uNone:pNone
2026-09-30 09:15:53,204 | prediction 4096/105181
2026-09-30 09:16:00,352 | prediction 8192/105181
2026-09-30 09:16:07,501 | prediction 12288/105181
2026-09-30 09:16:14,648 | prediction 16384/105181
2026-09-30 09:16:21,797 | prediction 20480/105181
2026-09-30 09:16:28,947 | prediction 24576/105181
2026-09-30 09:16:36,096 | prediction 28672/105181
2026-09-30 09:16:43,244 | prediction 32768/105181
2026-09-30 09:16:50,392 | prediction 36864/105181
2026-09-30 09:16:57,540 | prediction 40960/105181
2026-09-30 09:17:04,690 | prediction 45056/105181
2026-09-30 09:17:11,839 | prediction 49152/105181
2026-09-30 09:17:18,993 | prediction 53248/105181
2026-09-30 09:17:26,144 | prediction 57344/105181
2026-09-30 09:17:33,293 | prediction 61440/105181
2026-09-30 09:17:40,441 | prediction 65536/105181
2026-09-30 09:17:47,588 | prediction 69632/105181
2026-09-30 09:17:54,736 | prediction 73728/105181
2026-09-30 09:18:01,884 | prediction 77824/105181
2026-09-30 09:18:09,034 | prediction 81920/105181
2026-09-30 09:18:16,183 | prediction 86016/105181
2026-09-30 09:18:23,334 | prediction 90112/105181
2026-09-30 09:18:30,477 | prediction 94208/105181
2026-09-30 09:18:37,620 | prediction 98304/105181
2026-09-30 09:18:44,763 | prediction 102400/105181
2026-09-30 09:18:51,152 | experiments/exp03/seeds/seed44/static/as_stored/online_frozen.json | down:d64:uNone:pNone
2026-09-30 09:18:58,333 | prediction 4096/105181
2026-09-30 09:19:05,484 | prediction 8192/105181
2026-09-30 09:19:12,635 | prediction 12288/105181
2026-09-30 09:19:19,784 | prediction 16384/105181
2026-09-30 09:19:26,934 | prediction 20480/105181
2026-09-30 09:19:34,086 | prediction 24576/105181
2026-09-30 09:19:41,236 | prediction 28672/105181
2026-09-30 09:19:48,386 | prediction 32768/105181
2026-09-30 09:19:55,534 | prediction 36864/105181
2026-09-30 09:20:02,683 | prediction 40960/105181
2026-09-30 09:20:09,830 | prediction 45056/105181
2026-09-30 09:20:16,983 | prediction 49152/105181
2026-09-30 09:20:24,138 | prediction 53248/105181
2026-09-30 09:20:31,290 | prediction 57344/105181
2026-09-30 09:20:38,440 | prediction 61440/105181
2026-09-30 09:20:45,589 | prediction 65536/105181
2026-09-30 09:20:52,751 | prediction 69632/105181
2026-09-30 09:20:59,927 | prediction 73728/105181
2026-09-30 09:21:07,099 | prediction 77824/105181
2026-09-30 09:21:14,237 | prediction 81920/105181
2026-09-30 09:21:21,377 | prediction 86016/105181
2026-09-30 09:21:28,522 | prediction 90112/105181
2026-09-30 09:21:35,661 | prediction 94208/105181
2026-09-30 09:21:42,797 | prediction 98304/105181
2026-09-30 09:21:49,934 | prediction 102400/105181
2026-09-30 09:21:56,393 | experiments/exp03/seeds/seed44/static/as_stored/online_frozen.json | down:d76:uNone:pNone
2026-09-30 09:22:03,609 | prediction 4096/105181
2026-09-30 09:22:10,789 | prediction 8192/105181
2026-09-30 09:22:17,968 | prediction 12288/105181
2026-09-30 09:22:25,148 | prediction 16384/105181
2026-09-30 09:22:32,327 | prediction 20480/105181
2026-09-30 09:22:39,505 | prediction 24576/105181
2026-09-30 09:22:46,683 | prediction 28672/105181
2026-09-30 09:22:53,861 | prediction 32768/105181
2026-09-30 09:23:01,041 | prediction 36864/105181
2026-09-30 09:23:08,218 | prediction 40960/105181
2026-09-30 09:23:15,397 | prediction 45056/105181
2026-09-30 09:23:22,574 | prediction 49152/105181
2026-09-30 09:23:29,752 | prediction 53248/105181
2026-09-30 09:23:36,929 | prediction 57344/105181
2026-09-30 09:23:44,108 | prediction 61440/105181
2026-09-30 09:23:51,285 | prediction 65536/105181
2026-09-30 09:23:58,462 | prediction 69632/105181
2026-09-30 09:24:05,641 | prediction 73728/105181
2026-09-30 09:24:12,817 | prediction 77824/105181
2026-09-30 09:24:19,995 | prediction 81920/105181
2026-09-30 09:24:27,181 | prediction 86016/105181
2026-09-30 09:24:34,360 | prediction 90112/105181
2026-09-30 09:24:41,540 | prediction 94208/105181
2026-09-30 09:24:48,718 | prediction 98304/105181
2026-09-30 09:24:55,898 | prediction 102400/105181
2026-09-30 09:25:03,179 | experiments/exp03/seeds/seed44/static/as_stored/online_frozen.json | up:dNone:u0:pNone
2026-09-30 09:25:10,373 | prediction 4096/105181
2026-09-30 09:25:17,557 | prediction 8192/105181
2026-09-30 09:25:24,740 | prediction 12288/105181
2026-09-30 09:25:31,923 | prediction 16384/105181
2026-09-30 09:25:39,106 | prediction 20480/105181
2026-09-30 09:25:46,289 | prediction 24576/105181
2026-09-30 09:25:53,472 | prediction 28672/105181
2026-09-30 09:26:00,657 | prediction 32768/105181
2026-09-30 09:26:07,838 | prediction 36864/105181
2026-09-30 09:26:15,020 | prediction 40960/105181
2026-09-30 09:26:22,206 | prediction 45056/105181
2026-09-30 09:26:29,391 | prediction 49152/105181
2026-09-30 09:26:36,573 | prediction 53248/105181
2026-09-30 09:26:43,760 | prediction 57344/105181
2026-09-30 09:26:50,942 | prediction 61440/105181
2026-09-30 09:26:58,124 | prediction 65536/105181
2026-09-30 09:27:05,307 | prediction 69632/105181
2026-09-30 09:27:12,490 | prediction 73728/105181
2026-09-30 09:27:19,671 | prediction 77824/105181
2026-09-30 09:27:26,855 | prediction 81920/105181
2026-09-30 09:27:34,043 | prediction 86016/105181
2026-09-30 09:27:41,227 | prediction 90112/105181
2026-09-30 09:27:48,411 | prediction 94208/105181
2026-09-30 09:27:55,594 | prediction 98304/105181
2026-09-30 09:28:02,776 | prediction 102400/105181
2026-09-30 09:28:09,190 | experiments/exp03/seeds/seed44/static/as_stored/online_frozen.json | up:dNone:u1:pNone
2026-09-30 09:28:16,346 | prediction 4096/105181
2026-09-30 09:28:23,490 | prediction 8192/105181
2026-09-30 09:28:30,633 | prediction 12288/105181
2026-09-30 09:28:37,775 | prediction 16384/105181
2026-09-30 09:28:44,918 | prediction 20480/105181
2026-09-30 09:28:52,068 | prediction 24576/105181
2026-09-30 09:28:59,215 | prediction 28672/105181
2026-09-30 09:29:06,357 | prediction 32768/105181
2026-09-30 09:29:13,499 | prediction 36864/105181
2026-09-30 09:29:20,640 | prediction 40960/105181
2026-09-30 09:29:27,782 | prediction 45056/105181
2026-09-30 09:29:34,922 | prediction 49152/105181
2026-09-30 09:29:42,062 | prediction 53248/105181
2026-09-30 09:29:49,205 | prediction 57344/105181
2026-09-30 09:29:56,346 | prediction 61440/105181
2026-09-30 09:30:03,491 | prediction 65536/105181
2026-09-30 09:30:10,633 | prediction 69632/105181
2026-09-30 09:30:17,776 | prediction 73728/105181
2026-09-30 09:30:24,919 | prediction 77824/105181
2026-09-30 09:30:32,060 | prediction 81920/105181
2026-09-30 09:30:39,200 | prediction 86016/105181
2026-09-30 09:30:46,340 | prediction 90112/105181
2026-09-30 09:30:53,481 | prediction 94208/105181
2026-09-30 09:31:00,620 | prediction 98304/105181
2026-09-30 09:31:07,763 | prediction 102400/105181
2026-09-30 09:31:14,151 | experiments/exp03/seeds/seed44/static/as_stored/online_frozen.json | up:dNone:u2:pNone
2026-09-30 09:31:21,307 | prediction 4096/105181
2026-09-30 09:31:28,456 | prediction 8192/105181
2026-09-30 09:31:35,603 | prediction 12288/105181
2026-09-30 09:31:42,751 | prediction 16384/105181
2026-09-30 09:31:49,898 | prediction 20480/105181
2026-09-30 09:31:57,047 | prediction 24576/105181
2026-09-30 09:32:04,195 | prediction 28672/105181
2026-09-30 09:32:11,344 | prediction 32768/105181
2026-09-30 09:32:18,491 | prediction 36864/105181
2026-09-30 09:32:25,643 | prediction 40960/105181
2026-09-30 09:32:32,792 | prediction 45056/105181
2026-09-30 09:32:39,939 | prediction 49152/105181
2026-09-30 09:32:47,086 | prediction 53248/105181
2026-09-30 09:32:54,232 | prediction 57344/105181
2026-09-30 09:33:01,381 | prediction 61440/105181
2026-09-30 09:33:08,532 | prediction 65536/105181
2026-09-30 09:33:15,680 | prediction 69632/105181
2026-09-30 09:33:22,826 | prediction 73728/105181
2026-09-30 09:33:29,976 | prediction 77824/105181
2026-09-30 09:33:37,123 | prediction 81920/105181
2026-09-30 09:33:44,273 | prediction 86016/105181
2026-09-30 09:33:51,422 | prediction 90112/105181
2026-09-30 09:33:58,569 | prediction 94208/105181
2026-09-30 09:34:05,717 | prediction 98304/105181
2026-09-30 09:34:12,869 | prediction 102400/105181
2026-09-30 09:34:19,264 | experiments/exp03/seeds/seed44/static/as_stored/online_frozen.json | up:dNone:u4:pNone
2026-09-30 09:34:26,426 | prediction 4096/105181
2026-09-30 09:34:33,576 | prediction 8192/105181
2026-09-30 09:34:40,723 | prediction 12288/105181
2026-09-30 09:34:47,899 | prediction 16384/105181
2026-09-30 09:34:55,073 | prediction 20480/105181
2026-09-30 09:35:02,250 | prediction 24576/105181
2026-09-30 09:35:09,425 | prediction 28672/105181
2026-09-30 09:35:16,600 | prediction 32768/105181
2026-09-30 09:35:23,776 | prediction 36864/105181
2026-09-30 09:35:30,951 | prediction 40960/105181
2026-09-30 09:35:38,125 | prediction 45056/105181
2026-09-30 09:35:45,301 | prediction 49152/105181
2026-09-30 09:35:52,477 | prediction 53248/105181
2026-09-30 09:35:59,650 | prediction 57344/105181
2026-09-30 09:36:06,824 | prediction 61440/105181
2026-09-30 09:36:13,998 | prediction 65536/105181
2026-09-30 09:36:21,173 | prediction 69632/105181
2026-09-30 09:36:28,347 | prediction 73728/105181
2026-09-30 09:36:35,521 | prediction 77824/105181
2026-09-30 09:36:42,697 | prediction 81920/105181
2026-09-30 09:36:49,872 | prediction 86016/105181
2026-09-30 09:36:57,047 | prediction 90112/105181
2026-09-30 09:37:04,224 | prediction 94208/105181
2026-09-30 09:37:11,405 | prediction 98304/105181
2026-09-30 09:37:18,579 | prediction 102400/105181
2026-09-30 09:37:25,026 | experiments/exp03/seeds/seed44/static/as_stored/online_frozen.json | up:dNone:u8:pNone
2026-09-30 09:37:32,217 | prediction 4096/105181
2026-09-30 09:37:39,397 | prediction 8192/105181
2026-09-30 09:37:46,579 | prediction 12288/105181
2026-09-30 09:37:53,760 | prediction 16384/105181
2026-09-30 09:38:00,940 | prediction 20480/105181
2026-09-30 09:38:08,121 | prediction 24576/105181
2026-09-30 09:38:15,301 | prediction 28672/105181
2026-09-30 09:38:22,484 | prediction 32768/105181
2026-09-30 09:38:29,666 | prediction 36864/105181
2026-09-30 09:38:36,847 | prediction 40960/105181
2026-09-30 09:38:44,030 | prediction 45056/105181
2026-09-30 09:38:51,210 | prediction 49152/105181
2026-09-30 09:38:58,394 | prediction 53248/105181
2026-09-30 09:39:05,578 | prediction 57344/105181
2026-09-30 09:39:12,760 | prediction 61440/105181
2026-09-30 09:39:19,943 | prediction 65536/105181
2026-09-30 09:39:27,128 | prediction 69632/105181
2026-09-30 09:39:34,310 | prediction 73728/105181
2026-09-30 09:39:41,492 | prediction 77824/105181
2026-09-30 09:39:48,674 | prediction 81920/105181
2026-09-30 09:39:55,857 | prediction 86016/105181
2026-09-30 09:40:03,039 | prediction 90112/105181
2026-09-30 09:40:10,223 | prediction 94208/105181
2026-09-30 09:40:17,405 | prediction 98304/105181
2026-09-30 09:40:24,592 | prediction 102400/105181
2026-09-30 09:40:31,010 | experiments/exp03/seeds/seed44/static/as_stored/online_frozen.json | up:dNone:u16:pNone
2026-09-30 09:40:38,193 | prediction 4096/105181
2026-09-30 09:40:45,372 | prediction 8192/105181
2026-09-30 09:40:52,550 | prediction 12288/105181
2026-09-30 09:40:59,727 | prediction 16384/105181
2026-09-30 09:41:06,904 | prediction 20480/105181
2026-09-30 09:41:14,049 | prediction 24576/105181
2026-09-30 09:41:21,191 | prediction 28672/105181
2026-09-30 09:41:28,336 | prediction 32768/105181
2026-09-30 09:41:35,478 | prediction 36864/105181
2026-09-30 09:41:42,622 | prediction 40960/105181
2026-09-30 09:41:49,766 | prediction 45056/105181
2026-09-30 09:41:56,911 | prediction 49152/105181
2026-09-30 09:42:04,056 | prediction 53248/105181
2026-09-30 09:42:11,206 | prediction 57344/105181
2026-09-30 09:42:18,354 | prediction 61440/105181
2026-09-30 09:42:25,502 | prediction 65536/105181
2026-09-30 09:42:32,650 | prediction 69632/105181
2026-09-30 09:42:39,797 | prediction 73728/105181
2026-09-30 09:42:46,946 | prediction 77824/105181
2026-09-30 09:42:54,095 | prediction 81920/105181
2026-09-30 09:43:01,243 | prediction 86016/105181
2026-09-30 09:43:08,392 | prediction 90112/105181
2026-09-30 09:43:15,541 | prediction 94208/105181
2026-09-30 09:43:22,690 | prediction 98304/105181
2026-09-30 09:43:29,838 | prediction 102400/105181
2026-09-30 09:43:36,236 | experiments/exp03/seeds/seed44/static/as_stored/online_frozen.json | up:dNone:u32:pNone
2026-09-30 09:43:43,425 | prediction 4096/105181
2026-09-30 09:43:50,581 | prediction 8192/105181
2026-09-30 09:43:57,737 | prediction 12288/105181
2026-09-30 09:44:04,892 | prediction 16384/105181
2026-09-30 09:44:12,046 | prediction 20480/105181
2026-09-30 09:44:19,199 | prediction 24576/105181
2026-09-30 09:44:26,357 | prediction 28672/105181
2026-09-30 09:44:33,517 | prediction 32768/105181
2026-09-30 09:44:40,675 | prediction 36864/105181
2026-09-30 09:44:47,827 | prediction 40960/105181
2026-09-30 09:44:54,980 | prediction 45056/105181
2026-09-30 09:45:02,139 | prediction 49152/105181
2026-09-30 09:45:09,294 | prediction 53248/105181
2026-09-30 09:45:16,449 | prediction 57344/105181
2026-09-30 09:45:23,600 | prediction 61440/105181
2026-09-30 09:45:30,756 | prediction 65536/105181
2026-09-30 09:45:37,912 | prediction 69632/105181
2026-09-30 09:45:45,067 | prediction 73728/105181
2026-09-30 09:45:52,222 | prediction 77824/105181
2026-09-30 09:45:59,375 | prediction 81920/105181
2026-09-30 09:46:06,531 | prediction 86016/105181
2026-09-30 09:46:13,687 | prediction 90112/105181
2026-09-30 09:46:20,842 | prediction 94208/105181
2026-09-30 09:46:28,001 | prediction 98304/105181
2026-09-30 09:46:35,154 | prediction 102400/105181
2026-09-30 09:46:41,556 | experiments/exp03/seeds/seed44/static/as_stored/online_frozen.json | up:dNone:u48:pNone
2026-09-30 09:46:48,746 | prediction 4096/105181
2026-09-30 09:46:55,900 | prediction 8192/105181
2026-09-30 09:47:03,058 | prediction 12288/105181
2026-09-30 09:47:10,213 | prediction 16384/105181
2026-09-30 09:47:17,371 | prediction 20480/105181
2026-09-30 09:47:24,526 | prediction 24576/105181
2026-09-30 09:47:31,682 | prediction 28672/105181
2026-09-30 09:47:38,848 | prediction 32768/105181
2026-09-30 09:47:46,031 | prediction 36864/105181
2026-09-30 09:47:53,213 | prediction 40960/105181
2026-09-30 09:48:00,395 | prediction 45056/105181
2026-09-30 09:48:07,575 | prediction 49152/105181
2026-09-30 09:48:14,756 | prediction 53248/105181
2026-09-30 09:48:21,940 | prediction 57344/105181
2026-09-30 09:48:29,119 | prediction 61440/105181
2026-09-30 09:48:36,297 | prediction 65536/105181
2026-09-30 09:48:43,473 | prediction 69632/105181
2026-09-30 09:48:50,647 | prediction 73728/105181
2026-09-30 09:48:57,823 | prediction 77824/105181
2026-09-30 09:49:04,998 | prediction 81920/105181
2026-09-30 09:49:12,172 | prediction 86016/105181
2026-09-30 09:49:19,344 | prediction 90112/105181
2026-09-30 09:49:26,519 | prediction 94208/105181
2026-09-30 09:49:33,694 | prediction 98304/105181
2026-09-30 09:49:40,871 | prediction 102400/105181
2026-09-30 09:49:47,284 | experiments/exp03/seeds/seed44/static/as_stored/online_frozen.json | up:dNone:u64:pNone
2026-09-30 09:49:54,495 | prediction 4096/105181
2026-09-30 09:50:01,673 | prediction 8192/105181
2026-09-30 09:50:08,851 | prediction 12288/105181
2026-09-30 09:50:16,030 | prediction 16384/105181
2026-09-30 09:50:23,219 | prediction 20480/105181
2026-09-30 09:50:30,380 | prediction 24576/105181
2026-09-30 09:50:37,521 | prediction 28672/105181
2026-09-30 09:50:44,665 | prediction 32768/105181
2026-09-30 09:50:51,808 | prediction 36864/105181
2026-09-30 09:50:58,950 | prediction 40960/105181
2026-09-30 09:51:06,092 | prediction 45056/105181
2026-09-30 09:51:13,234 | prediction 49152/105181
2026-09-30 09:51:20,377 | prediction 53248/105181
2026-09-30 09:51:27,521 | prediction 57344/105181
2026-09-30 09:51:34,663 | prediction 61440/105181
2026-09-30 09:51:41,806 | prediction 65536/105181
2026-09-30 09:51:48,948 | prediction 69632/105181
2026-09-30 09:51:56,090 | prediction 73728/105181
2026-09-30 09:52:03,233 | prediction 77824/105181
2026-09-30 09:52:10,375 | prediction 81920/105181
2026-09-30 09:52:17,517 | prediction 86016/105181
2026-09-30 09:52:24,665 | prediction 90112/105181
2026-09-30 09:52:31,812 | prediction 94208/105181
2026-09-30 09:52:38,960 | prediction 98304/105181
2026-09-30 09:52:46,104 | prediction 102400/105181
2026-09-30 09:52:52,499 | experiments/exp03/seeds/seed44/static/as_stored/online_frozen.json | up:dNone:u76:pNone
2026-09-30 09:52:59,681 | prediction 4096/105181
2026-09-30 09:53:06,827 | prediction 8192/105181
2026-09-30 09:53:13,974 | prediction 12288/105181
2026-09-30 09:53:21,120 | prediction 16384/105181
2026-09-30 09:53:28,271 | prediction 20480/105181
2026-09-30 09:53:35,418 | prediction 24576/105181
2026-09-30 09:53:42,563 | prediction 28672/105181
2026-09-30 09:53:49,714 | prediction 32768/105181
2026-09-30 09:53:56,862 | prediction 36864/105181
2026-09-30 09:54:04,010 | prediction 40960/105181
2026-09-30 09:54:11,158 | prediction 45056/105181
2026-09-30 09:54:18,307 | prediction 49152/105181
2026-09-30 09:54:25,460 | prediction 53248/105181
2026-09-30 09:54:32,610 | prediction 57344/105181
2026-09-30 09:54:39,758 | prediction 61440/105181
2026-09-30 09:54:46,907 | prediction 65536/105181
2026-09-30 09:54:54,055 | prediction 69632/105181
2026-09-30 09:55:01,204 | prediction 73728/105181
2026-09-30 09:55:08,352 | prediction 77824/105181
2026-09-30 09:55:15,500 | prediction 81920/105181
2026-09-30 09:55:22,648 | prediction 86016/105181
2026-09-30 09:55:29,797 | prediction 90112/105181
2026-09-30 09:55:36,949 | prediction 94208/105181
2026-09-30 09:55:44,097 | prediction 98304/105181
2026-09-30 09:55:51,246 | prediction 102400/105181
2026-09-30 09:55:58,539 | experiments/exp03/seeds/seed44/static/as_stored/online_frozen.json | both:d0:u0:pNone
2026-09-30 09:56:05,701 | prediction 4096/105181
2026-09-30 09:56:12,857 | prediction 8192/105181
2026-09-30 09:56:20,010 | prediction 12288/105181
2026-09-30 09:56:27,170 | prediction 16384/105181
2026-09-30 09:56:34,327 | prediction 20480/105181
2026-09-30 09:56:41,483 | prediction 24576/105181
2026-09-30 09:56:48,630 | prediction 28672/105181
2026-09-30 09:56:55,785 | prediction 32768/105181
2026-09-30 09:57:02,941 | prediction 36864/105181
2026-09-30 09:57:10,101 | prediction 40960/105181
2026-09-30 09:57:17,261 | prediction 45056/105181
2026-09-30 09:57:24,421 | prediction 49152/105181
2026-09-30 09:57:31,578 | prediction 53248/105181
2026-09-30 09:57:38,730 | prediction 57344/105181
2026-09-30 09:57:45,889 | prediction 61440/105181
2026-09-30 09:57:53,046 | prediction 65536/105181
2026-09-30 09:58:00,202 | prediction 69632/105181
2026-09-30 09:58:07,356 | prediction 73728/105181
2026-09-30 09:58:14,508 | prediction 77824/105181
2026-09-30 09:58:21,664 | prediction 81920/105181
2026-09-30 09:58:28,819 | prediction 86016/105181
2026-09-30 09:58:35,975 | prediction 90112/105181
2026-09-30 09:58:43,131 | prediction 94208/105181
2026-09-30 09:58:50,279 | prediction 98304/105181
2026-09-30 09:58:57,424 | prediction 102400/105181
2026-09-30 09:59:03,828 | experiments/exp03/seeds/seed44/static/as_stored/online_frozen.json | both:d1:u1:pNone
2026-09-30 09:59:10,995 | prediction 4096/105181
2026-09-30 09:59:18,154 | prediction 8192/105181
2026-09-30 09:59:25,311 | prediction 12288/105181
2026-09-30 09:59:32,469 | prediction 16384/105181
2026-09-30 09:59:39,625 | prediction 20480/105181
2026-09-30 09:59:46,783 | prediction 24576/105181
2026-09-30 09:59:53,941 | prediction 28672/105181
2026-09-30 10:00:01,099 | prediction 32768/105181
2026-09-30 10:00:08,258 | prediction 36864/105181
2026-09-30 10:00:15,416 | prediction 40960/105181
2026-09-30 10:00:22,576 | prediction 45056/105181
2026-09-30 10:00:29,735 | prediction 49152/105181
2026-09-30 10:00:36,892 | prediction 53248/105181
2026-09-30 10:00:44,040 | prediction 57344/105181
2026-09-30 10:00:51,189 | prediction 61440/105181
2026-09-30 10:00:58,341 | prediction 65536/105181
2026-09-30 10:01:05,490 | prediction 69632/105181
2026-09-30 10:01:12,660 | prediction 73728/105181
2026-09-30 10:01:19,832 | prediction 77824/105181
2026-09-30 10:01:27,008 | prediction 81920/105181
2026-09-30 10:01:34,185 | prediction 86016/105181
2026-09-30 10:01:41,359 | prediction 90112/105181
2026-09-30 10:01:48,534 | prediction 94208/105181
2026-09-30 10:01:55,708 | prediction 98304/105181
2026-09-30 10:02:02,882 | prediction 102400/105181
2026-09-30 10:02:09,302 | experiments/exp03/seeds/seed44/static/as_stored/online_frozen.json | both:d2:u2:pNone
2026-09-30 10:02:16,489 | prediction 4096/105181
2026-09-30 10:02:23,675 | prediction 8192/105181
2026-09-30 10:02:30,863 | prediction 12288/105181
2026-09-30 10:02:38,051 | prediction 16384/105181
2026-09-30 10:02:45,237 | prediction 20480/105181
2026-09-30 10:02:52,415 | prediction 24576/105181
2026-09-30 10:02:59,592 | prediction 28672/105181
2026-09-30 10:03:06,770 | prediction 32768/105181
2026-09-30 10:03:13,949 | prediction 36864/105181
2026-09-30 10:03:21,127 | prediction 40960/105181
2026-09-30 10:03:28,305 | prediction 45056/105181
2026-09-30 10:03:35,482 | prediction 49152/105181
2026-09-30 10:03:42,660 | prediction 53248/105181
2026-09-30 10:03:49,837 | prediction 57344/105181
2026-09-30 10:03:57,014 | prediction 61440/105181
2026-09-30 10:04:04,198 | prediction 65536/105181
2026-09-30 10:04:11,383 | prediction 69632/105181
2026-09-30 10:04:18,568 | prediction 73728/105181
2026-09-30 10:04:25,756 | prediction 77824/105181
2026-09-30 10:04:32,942 | prediction 81920/105181
2026-09-30 10:04:40,127 | prediction 86016/105181
2026-09-30 10:04:47,313 | prediction 90112/105181
2026-09-30 10:04:54,496 | prediction 94208/105181
2026-09-30 10:05:01,675 | prediction 98304/105181
2026-09-30 10:05:08,853 | prediction 102400/105181
2026-09-30 10:05:15,270 | experiments/exp03/seeds/seed44/static/as_stored/online_frozen.json | both:d4:u4:pNone
2026-09-30 10:05:22,458 | prediction 4096/105181
2026-09-30 10:05:29,639 | prediction 8192/105181
2026-09-30 10:05:36,819 | prediction 12288/105181
2026-09-30 10:05:44,000 | prediction 16384/105181
2026-09-30 10:05:51,179 | prediction 20480/105181
2026-09-30 10:05:58,358 | prediction 24576/105181
2026-09-30 10:06:05,539 | prediction 28672/105181
2026-09-30 10:06:12,720 | prediction 32768/105181
2026-09-30 10:06:19,900 | prediction 36864/105181
2026-09-30 10:06:27,088 | prediction 40960/105181
2026-09-30 10:06:34,273 | prediction 45056/105181
2026-09-30 10:06:41,453 | prediction 49152/105181
2026-09-30 10:06:48,631 | prediction 53248/105181
2026-09-30 10:06:55,809 | prediction 57344/105181
2026-09-30 10:07:02,991 | prediction 61440/105181
2026-09-30 10:07:10,172 | prediction 65536/105181
2026-09-30 10:07:17,352 | prediction 69632/105181
2026-09-30 10:07:24,531 | prediction 73728/105181
2026-09-30 10:07:31,711 | prediction 77824/105181
2026-09-30 10:07:38,890 | prediction 81920/105181
2026-09-30 10:07:46,070 | prediction 86016/105181
2026-09-30 10:07:53,249 | prediction 90112/105181
2026-09-30 10:08:00,429 | prediction 94208/105181
2026-09-30 10:08:07,609 | prediction 98304/105181
2026-09-30 10:08:14,790 | prediction 102400/105181
2026-09-30 10:08:21,209 | experiments/exp03/seeds/seed44/static/as_stored/online_frozen.json | both:d8:u8:pNone
2026-09-30 10:08:28,404 | prediction 4096/105181
2026-09-30 10:08:35,587 | prediction 8192/105181
2026-09-30 10:08:42,771 | prediction 12288/105181
2026-09-30 10:08:49,955 | prediction 16384/105181
2026-09-30 10:08:57,143 | prediction 20480/105181
2026-09-30 10:09:04,330 | prediction 24576/105181
2026-09-30 10:09:11,519 | prediction 28672/105181
2026-09-30 10:09:18,706 | prediction 32768/105181
2026-09-30 10:09:25,894 | prediction 36864/105181
2026-09-30 10:09:33,083 | prediction 40960/105181
2026-09-30 10:09:40,270 | prediction 45056/105181
2026-09-30 10:09:47,457 | prediction 49152/105181
2026-09-30 10:09:54,644 | prediction 53248/105181
2026-09-30 10:10:01,833 | prediction 57344/105181
2026-09-30 10:10:09,022 | prediction 61440/105181
2026-09-30 10:10:16,205 | prediction 65536/105181
2026-09-30 10:10:23,389 | prediction 69632/105181
2026-09-30 10:10:30,570 | prediction 73728/105181
2026-09-30 10:10:37,752 | prediction 77824/105181
2026-09-30 10:10:44,935 | prediction 81920/105181
2026-09-30 10:10:52,117 | prediction 86016/105181
2026-09-30 10:10:59,294 | prediction 90112/105181
2026-09-30 10:11:06,441 | prediction 94208/105181
2026-09-30 10:11:13,587 | prediction 98304/105181
2026-09-30 10:11:20,733 | prediction 102400/105181
2026-09-30 10:11:27,161 | experiments/exp03/seeds/seed44/static/as_stored/online_frozen.json | both:d16:u16:pNone
2026-09-30 10:11:34,317 | prediction 4096/105181
2026-09-30 10:11:41,468 | prediction 8192/105181
2026-09-30 10:11:48,618 | prediction 12288/105181
2026-09-30 10:11:55,768 | prediction 16384/105181
2026-09-30 10:12:02,922 | prediction 20480/105181
2026-09-30 10:12:10,075 | prediction 24576/105181
2026-09-30 10:12:17,224 | prediction 28672/105181
2026-09-30 10:12:24,374 | prediction 32768/105181
2026-09-30 10:12:31,525 | prediction 36864/105181
2026-09-30 10:12:38,675 | prediction 40960/105181
2026-09-30 10:12:45,826 | prediction 45056/105181
2026-09-30 10:12:52,977 | prediction 49152/105181
2026-09-30 10:13:00,128 | prediction 53248/105181
2026-09-30 10:13:07,278 | prediction 57344/105181
2026-09-30 10:13:14,429 | prediction 61440/105181
2026-09-30 10:13:21,580 | prediction 65536/105181
2026-09-30 10:13:28,734 | prediction 69632/105181
2026-09-30 10:13:35,885 | prediction 73728/105181
2026-09-30 10:13:43,035 | prediction 77824/105181
2026-09-30 10:13:50,187 | prediction 81920/105181
2026-09-30 10:13:57,337 | prediction 86016/105181
2026-09-30 10:14:04,486 | prediction 90112/105181
2026-09-30 10:14:11,635 | prediction 94208/105181
2026-09-30 10:14:18,784 | prediction 98304/105181
2026-09-30 10:14:25,937 | prediction 102400/105181
2026-09-30 10:14:32,338 | experiments/exp03/seeds/seed44/static/as_stored/online_frozen.json | both:d32:u32:pNone
2026-09-30 10:14:39,522 | prediction 4096/105181
2026-09-30 10:14:46,672 | prediction 8192/105181
2026-09-30 10:14:53,821 | prediction 12288/105181
2026-09-30 10:15:00,973 | prediction 16384/105181
2026-09-30 10:15:08,123 | prediction 20480/105181
2026-09-30 10:15:15,274 | prediction 24576/105181
2026-09-30 10:15:22,424 | prediction 28672/105181
2026-09-30 10:15:29,578 | prediction 32768/105181
2026-09-30 10:15:36,729 | prediction 36864/105181
2026-09-30 10:15:43,879 | prediction 40960/105181
2026-09-30 10:15:51,029 | prediction 45056/105181
2026-09-30 10:15:58,179 | prediction 49152/105181
2026-09-30 10:16:05,329 | prediction 53248/105181
2026-09-30 10:16:12,479 | prediction 57344/105181
2026-09-30 10:16:19,628 | prediction 61440/105181
2026-09-30 10:16:26,776 | prediction 65536/105181
2026-09-30 10:16:33,926 | prediction 69632/105181
2026-09-30 10:16:41,075 | prediction 73728/105181
2026-09-30 10:16:48,223 | prediction 77824/105181
2026-09-30 10:16:55,371 | prediction 81920/105181
2026-09-30 10:17:02,524 | prediction 86016/105181
2026-09-30 10:17:09,674 | prediction 90112/105181
2026-09-30 10:17:16,822 | prediction 94208/105181
2026-09-30 10:17:23,969 | prediction 98304/105181
2026-09-30 10:17:31,120 | prediction 102400/105181
2026-09-30 10:17:37,525 | experiments/exp03/seeds/seed44/static/as_stored/online_frozen.json | both:d48:u48:pNone
2026-09-30 10:17:44,705 | prediction 4096/105181
2026-09-30 10:17:51,852 | prediction 8192/105181
2026-09-30 10:17:59,001 | prediction 12288/105181
2026-09-30 10:18:06,149 | prediction 16384/105181
2026-09-30 10:18:13,297 | prediction 20480/105181
2026-09-30 10:18:20,444 | prediction 24576/105181
2026-09-30 10:18:27,596 | prediction 28672/105181
2026-09-30 10:18:34,742 | prediction 32768/105181
2026-09-30 10:18:41,890 | prediction 36864/105181
2026-09-30 10:18:49,039 | prediction 40960/105181
2026-09-30 10:18:56,186 | prediction 45056/105181
2026-09-30 10:19:03,335 | prediction 49152/105181
2026-09-30 10:19:10,482 | prediction 53248/105181
2026-09-30 10:19:17,628 | prediction 57344/105181
2026-09-30 10:19:24,773 | prediction 61440/105181
2026-09-30 10:19:31,922 | prediction 65536/105181
2026-09-30 10:19:39,071 | prediction 69632/105181
2026-09-30 10:19:46,218 | prediction 73728/105181
2026-09-30 10:19:53,366 | prediction 77824/105181
2026-09-30 10:20:00,513 | prediction 81920/105181
2026-09-30 10:20:07,663 | prediction 86016/105181
2026-09-30 10:20:14,812 | prediction 90112/105181
2026-09-30 10:20:21,962 | prediction 94208/105181
2026-09-30 10:20:29,110 | prediction 98304/105181
2026-09-30 10:20:36,255 | prediction 102400/105181
2026-09-30 10:20:42,653 | experiments/exp03/seeds/seed44/static/as_stored/online_frozen.json | both:d64:u64:pNone
2026-09-30 10:20:49,834 | prediction 4096/105181
2026-09-30 10:20:56,983 | prediction 8192/105181
2026-09-30 10:21:04,146 | prediction 12288/105181
2026-09-30 10:21:11,319 | prediction 16384/105181
2026-09-30 10:21:18,492 | prediction 20480/105181
2026-09-30 10:21:25,665 | prediction 24576/105181
2026-09-30 10:21:32,838 | prediction 28672/105181
2026-09-30 10:21:40,011 | prediction 32768/105181
2026-09-30 10:21:47,188 | prediction 36864/105181
2026-09-30 10:21:54,364 | prediction 40960/105181
2026-09-30 10:22:01,541 | prediction 45056/105181
2026-09-30 10:22:08,719 | prediction 49152/105181
2026-09-30 10:22:15,893 | prediction 53248/105181
2026-09-30 10:22:23,066 | prediction 57344/105181
2026-09-30 10:22:30,212 | prediction 61440/105181
2026-09-30 10:22:37,359 | prediction 65536/105181
2026-09-30 10:22:44,504 | prediction 69632/105181
2026-09-30 10:22:51,649 | prediction 73728/105181
2026-09-30 10:22:58,792 | prediction 77824/105181
2026-09-30 10:23:05,937 | prediction 81920/105181
2026-09-30 10:23:13,083 | prediction 86016/105181
2026-09-30 10:23:20,227 | prediction 90112/105181
2026-09-30 10:23:27,372 | prediction 94208/105181
2026-09-30 10:23:34,515 | prediction 98304/105181
2026-09-30 10:23:41,661 | prediction 102400/105181
2026-09-30 10:23:48,066 | experiments/exp03/seeds/seed44/static/as_stored/online_frozen.json | both:d76:u76:pNone
2026-09-30 10:23:55,257 | prediction 4096/105181
2026-09-30 10:24:02,414 | prediction 8192/105181
2026-09-30 10:24:09,571 | prediction 12288/105181
2026-09-30 10:24:16,728 | prediction 16384/105181
2026-09-30 10:24:23,888 | prediction 20480/105181
2026-09-30 10:24:31,047 | prediction 24576/105181
2026-09-30 10:24:38,201 | prediction 28672/105181
2026-09-30 10:24:45,357 | prediction 32768/105181
2026-09-30 10:24:52,512 | prediction 36864/105181
2026-09-30 10:24:59,668 | prediction 40960/105181
2026-09-30 10:25:06,828 | prediction 45056/105181
2026-09-30 10:25:13,985 | prediction 49152/105181
2026-09-30 10:25:21,140 | prediction 53248/105181
2026-09-30 10:25:28,297 | prediction 57344/105181
2026-09-30 10:25:35,453 | prediction 61440/105181
2026-09-30 10:25:42,609 | prediction 65536/105181
2026-09-30 10:25:49,765 | prediction 69632/105181
2026-09-30 10:25:56,920 | prediction 73728/105181
2026-09-30 10:26:04,072 | prediction 77824/105181
2026-09-30 10:26:11,227 | prediction 81920/105181
2026-09-30 10:26:18,382 | prediction 86016/105181
2026-09-30 10:26:25,543 | prediction 90112/105181
2026-09-30 10:26:32,702 | prediction 94208/105181
2026-09-30 10:26:39,859 | prediction 98304/105181
2026-09-30 10:26:47,016 | prediction 102400/105181
2026-09-30 10:26:54,289 | experiments/exp03/seeds/seed44/static/as_stored/online_frozen.json | random:d4:u4:p0
2026-09-30 10:27:01,464 | prediction 4096/105181
2026-09-30 10:27:08,624 | prediction 8192/105181
2026-09-30 10:27:15,784 | prediction 12288/105181
2026-09-30 10:27:22,944 | prediction 16384/105181
2026-09-30 10:27:30,104 | prediction 20480/105181
2026-09-30 10:27:37,262 | prediction 24576/105181
2026-09-30 10:27:44,422 | prediction 28672/105181
2026-09-30 10:27:51,580 | prediction 32768/105181
2026-09-30 10:27:58,739 | prediction 36864/105181
2026-09-30 10:28:05,898 | prediction 40960/105181
2026-09-30 10:28:13,057 | prediction 45056/105181
2026-09-30 10:28:20,216 | prediction 49152/105181
2026-09-30 10:28:27,377 | prediction 53248/105181
2026-09-30 10:28:34,536 | prediction 57344/105181
2026-09-30 10:28:41,694 | prediction 61440/105181
2026-09-30 10:28:48,854 | prediction 65536/105181
2026-09-30 10:28:56,011 | prediction 69632/105181
2026-09-30 10:29:03,171 | prediction 73728/105181
2026-09-30 10:29:10,328 | prediction 77824/105181
2026-09-30 10:29:17,487 | prediction 81920/105181
2026-09-30 10:29:24,645 | prediction 86016/105181
2026-09-30 10:29:31,805 | prediction 90112/105181
2026-09-30 10:29:38,963 | prediction 94208/105181
2026-09-30 10:29:46,124 | prediction 98304/105181
2026-09-30 10:29:53,284 | prediction 102400/105181
2026-09-30 10:29:59,726 | experiments/exp03/seeds/seed44/static/as_stored/online_frozen.json | random:d4:u4:p1
2026-09-30 10:30:06,899 | prediction 4096/105181
2026-09-30 10:30:14,058 | prediction 8192/105181
2026-09-30 10:30:21,216 | prediction 12288/105181
2026-09-30 10:30:28,377 | prediction 16384/105181
2026-09-30 10:30:35,534 | prediction 20480/105181
2026-09-30 10:30:42,687 | prediction 24576/105181
2026-09-30 10:30:49,841 | prediction 28672/105181
2026-09-30 10:30:56,993 | prediction 32768/105181
2026-09-30 10:31:04,146 | prediction 36864/105181
2026-09-30 10:31:11,297 | prediction 40960/105181
2026-09-30 10:31:18,446 | prediction 45056/105181
2026-09-30 10:31:25,598 | prediction 49152/105181
2026-09-30 10:31:32,750 | prediction 53248/105181
2026-09-30 10:31:39,900 | prediction 57344/105181
2026-09-30 10:31:47,052 | prediction 61440/105181
2026-09-30 10:31:54,204 | prediction 65536/105181
2026-09-30 10:32:01,353 | prediction 69632/105181
2026-09-30 10:32:08,504 | prediction 73728/105181
2026-09-30 10:32:15,657 | prediction 77824/105181
2026-09-30 10:32:22,812 | prediction 81920/105181
2026-09-30 10:32:29,963 | prediction 86016/105181
2026-09-30 10:32:37,111 | prediction 90112/105181
2026-09-30 10:32:44,261 | prediction 94208/105181
2026-09-30 10:32:51,406 | prediction 98304/105181
2026-09-30 10:32:58,557 | prediction 102400/105181
2026-09-30 10:33:04,960 | experiments/exp03/seeds/seed44/static/as_stored/online_frozen.json | random:d4:u4:p2
2026-09-30 10:33:12,129 | prediction 4096/105181
2026-09-30 10:33:19,285 | prediction 8192/105181
2026-09-30 10:33:26,439 | prediction 12288/105181
2026-09-30 10:33:33,595 | prediction 16384/105181
2026-09-30 10:33:40,749 | prediction 20480/105181
2026-09-30 10:33:47,907 | prediction 24576/105181
2026-09-30 10:33:55,063 | prediction 28672/105181
2026-09-30 10:34:02,218 | prediction 32768/105181
2026-09-30 10:34:09,373 | prediction 36864/105181
2026-09-30 10:34:16,527 | prediction 40960/105181
2026-09-30 10:34:23,687 | prediction 45056/105181
2026-09-30 10:34:30,849 | prediction 49152/105181
2026-09-30 10:34:38,005 | prediction 53248/105181
2026-09-30 10:34:45,163 | prediction 57344/105181
2026-09-30 10:34:52,319 | prediction 61440/105181
2026-09-30 10:34:59,473 | prediction 65536/105181
2026-09-30 10:35:06,630 | prediction 69632/105181
2026-09-30 10:35:13,785 | prediction 73728/105181
2026-09-30 10:35:20,941 | prediction 77824/105181
2026-09-30 10:35:28,097 | prediction 81920/105181
2026-09-30 10:35:35,252 | prediction 86016/105181
2026-09-30 10:35:42,407 | prediction 90112/105181
2026-09-30 10:35:49,563 | prediction 94208/105181
2026-09-30 10:35:56,718 | prediction 98304/105181
2026-09-30 10:36:03,872 | prediction 102400/105181
2026-09-30 10:36:10,278 | experiments/exp03/seeds/seed44/static/as_stored/online_frozen.json | random:d8:u8:p0
2026-09-30 10:36:17,450 | prediction 4096/105181
2026-09-30 10:36:24,611 | prediction 8192/105181
2026-09-30 10:36:31,770 | prediction 12288/105181
2026-09-30 10:36:38,926 | prediction 16384/105181
2026-09-30 10:36:46,085 | prediction 20480/105181
2026-09-30 10:36:53,241 | prediction 24576/105181
2026-09-30 10:37:00,398 | prediction 28672/105181
2026-09-30 10:37:07,556 | prediction 32768/105181
2026-09-30 10:37:14,713 | prediction 36864/105181
2026-09-30 10:37:21,869 | prediction 40960/105181
2026-09-30 10:37:29,019 | prediction 45056/105181
2026-09-30 10:37:36,167 | prediction 49152/105181
2026-09-30 10:37:43,314 | prediction 53248/105181
2026-09-30 10:37:50,462 | prediction 57344/105181
2026-09-30 10:37:57,609 | prediction 61440/105181
2026-09-30 10:38:04,757 | prediction 65536/105181
2026-09-30 10:38:11,902 | prediction 69632/105181
2026-09-30 10:38:19,050 | prediction 73728/105181
2026-09-30 10:38:26,199 | prediction 77824/105181
2026-09-30 10:38:33,346 | prediction 81920/105181
2026-09-30 10:38:40,491 | prediction 86016/105181
2026-09-30 10:38:47,638 | prediction 90112/105181
2026-09-30 10:38:54,784 | prediction 94208/105181
2026-09-30 10:39:01,927 | prediction 98304/105181
2026-09-30 10:39:09,070 | prediction 102400/105181
2026-09-30 10:39:15,471 | experiments/exp03/seeds/seed44/static/as_stored/online_frozen.json | random:d8:u8:p1
2026-09-30 10:39:22,641 | prediction 4096/105181
2026-09-30 10:39:29,797 | prediction 8192/105181
2026-09-30 10:39:36,952 | prediction 12288/105181
2026-09-30 10:39:44,125 | prediction 16384/105181
2026-09-30 10:39:51,302 | prediction 20480/105181
2026-09-30 10:39:58,477 | prediction 24576/105181
2026-09-30 10:40:05,653 | prediction 28672/105181
2026-09-30 10:40:12,831 | prediction 32768/105181
2026-09-30 10:40:20,009 | prediction 36864/105181
2026-09-30 10:40:27,191 | prediction 40960/105181
2026-09-30 10:40:34,372 | prediction 45056/105181
2026-09-30 10:40:41,549 | prediction 49152/105181
2026-09-30 10:40:48,727 | prediction 53248/105181
2026-09-30 10:40:55,905 | prediction 57344/105181
2026-09-30 10:41:03,082 | prediction 61440/105181
2026-09-30 10:41:10,259 | prediction 65536/105181
2026-09-30 10:41:17,435 | prediction 69632/105181
2026-09-30 10:41:24,614 | prediction 73728/105181
2026-09-30 10:41:31,791 | prediction 77824/105181
2026-09-30 10:41:38,968 | prediction 81920/105181
2026-09-30 10:41:46,148 | prediction 86016/105181
2026-09-30 10:41:53,330 | prediction 90112/105181
2026-09-30 10:42:00,510 | prediction 94208/105181
2026-09-30 10:42:07,690 | prediction 98304/105181
2026-09-30 10:42:14,870 | prediction 102400/105181
2026-09-30 10:42:21,294 | experiments/exp03/seeds/seed44/static/as_stored/online_frozen.json | random:d8:u8:p2
2026-09-30 10:42:28,504 | prediction 4096/105181
2026-09-30 10:42:35,697 | prediction 8192/105181
2026-09-30 10:42:42,890 | prediction 12288/105181
2026-09-30 10:42:50,081 | prediction 16384/105181
2026-09-30 10:42:57,271 | prediction 20480/105181
2026-09-30 10:43:04,458 | prediction 24576/105181
2026-09-30 10:43:11,642 | prediction 28672/105181
2026-09-30 10:43:18,823 | prediction 32768/105181
2026-09-30 10:43:26,004 | prediction 36864/105181
2026-09-30 10:43:33,185 | prediction 40960/105181
2026-09-30 10:43:40,366 | prediction 45056/105181
2026-09-30 10:43:47,548 | prediction 49152/105181
2026-09-30 10:43:54,729 | prediction 53248/105181
2026-09-30 10:44:01,911 | prediction 57344/105181
2026-09-30 10:44:09,093 | prediction 61440/105181
2026-09-30 10:44:16,276 | prediction 65536/105181
2026-09-30 10:44:23,461 | prediction 69632/105181
2026-09-30 10:44:30,644 | prediction 73728/105181
2026-09-30 10:44:37,829 | prediction 77824/105181
2026-09-30 10:44:45,018 | prediction 81920/105181
2026-09-30 10:44:52,198 | prediction 86016/105181
2026-09-30 10:44:59,378 | prediction 90112/105181
2026-09-30 10:45:06,559 | prediction 94208/105181
2026-09-30 10:45:13,745 | prediction 98304/105181
2026-09-30 10:45:20,925 | prediction 102400/105181
2026-09-30 10:45:27,349 | experiments/exp03/seeds/seed44/static/as_stored/online_frozen.json | random:d16:u16:p0
2026-09-30 10:45:34,556 | prediction 4096/105181
2026-09-30 10:45:41,745 | prediction 8192/105181
2026-09-30 10:45:48,934 | prediction 12288/105181
2026-09-30 10:45:56,124 | prediction 16384/105181
2026-09-30 10:46:03,313 | prediction 20480/105181
2026-09-30 10:46:10,505 | prediction 24576/105181
2026-09-30 10:46:17,691 | prediction 28672/105181
2026-09-30 10:46:24,883 | prediction 32768/105181
2026-09-30 10:46:32,072 | prediction 36864/105181
2026-09-30 10:46:39,261 | prediction 40960/105181
2026-09-30 10:46:46,451 | prediction 45056/105181
2026-09-30 10:46:53,640 | prediction 49152/105181
2026-09-30 10:47:00,828 | prediction 53248/105181
2026-09-30 10:47:08,017 | prediction 57344/105181
2026-09-30 10:47:15,206 | prediction 61440/105181
2026-09-30 10:47:22,394 | prediction 65536/105181
2026-09-30 10:47:29,582 | prediction 69632/105181
2026-09-30 10:47:36,771 | prediction 73728/105181
2026-09-30 10:47:43,959 | prediction 77824/105181
2026-09-30 10:47:51,146 | prediction 81920/105181
2026-09-30 10:47:58,333 | prediction 86016/105181
2026-09-30 10:48:05,522 | prediction 90112/105181
2026-09-30 10:48:12,711 | prediction 94208/105181
2026-09-30 10:48:19,902 | prediction 98304/105181
2026-09-30 10:48:27,095 | prediction 102400/105181
2026-09-30 10:48:33,560 | experiments/exp03/seeds/seed44/static/as_stored/online_frozen.json | random:d16:u16:p1
2026-09-30 10:48:40,766 | prediction 4096/105181
2026-09-30 10:48:47,954 | prediction 8192/105181
2026-09-30 10:48:55,141 | prediction 12288/105181
2026-09-30 10:49:02,328 | prediction 16384/105181
2026-09-30 10:49:09,516 | prediction 20480/105181
2026-09-30 10:49:16,705 | prediction 24576/105181
2026-09-30 10:49:23,891 | prediction 28672/105181
2026-09-30 10:49:31,077 | prediction 32768/105181
2026-09-30 10:49:38,262 | prediction 36864/105181
2026-09-30 10:49:45,448 | prediction 40960/105181
2026-09-30 10:49:52,634 | prediction 45056/105181
2026-09-30 10:49:59,819 | prediction 49152/105181
2026-09-30 10:50:06,997 | prediction 53248/105181
2026-09-30 10:50:14,178 | prediction 57344/105181
2026-09-30 10:50:21,357 | prediction 61440/105181
2026-09-30 10:50:28,524 | prediction 65536/105181
2026-09-30 10:50:35,668 | prediction 69632/105181
2026-09-30 10:50:42,810 | prediction 73728/105181
2026-09-30 10:50:49,956 | prediction 77824/105181
2026-09-30 10:50:57,097 | prediction 81920/105181
2026-09-30 10:51:04,240 | prediction 86016/105181
2026-09-30 10:51:11,385 | prediction 90112/105181
2026-09-30 10:51:18,526 | prediction 94208/105181
2026-09-30 10:51:25,671 | prediction 98304/105181
2026-09-30 10:51:32,814 | prediction 102400/105181
2026-09-30 10:51:39,209 | experiments/exp03/seeds/seed44/static/as_stored/online_frozen.json | random:d16:u16:p2
2026-09-30 10:51:46,383 | prediction 4096/105181
2026-09-30 10:51:53,541 | prediction 8192/105181
2026-09-30 10:52:00,691 | prediction 12288/105181
2026-09-30 10:52:07,845 | prediction 16384/105181
2026-09-30 10:52:14,999 | prediction 20480/105181
2026-09-30 10:52:22,150 | prediction 24576/105181
2026-09-30 10:52:29,303 | prediction 28672/105181
2026-09-30 10:52:36,454 | prediction 32768/105181
2026-09-30 10:52:43,603 | prediction 36864/105181
2026-09-30 10:52:50,752 | prediction 40960/105181
2026-09-30 10:52:57,917 | prediction 45056/105181
2026-09-30 10:53:05,093 | prediction 49152/105181
2026-09-30 10:53:12,270 | prediction 53248/105181
2026-09-30 10:53:19,445 | prediction 57344/105181
2026-09-30 10:53:26,621 | prediction 61440/105181
2026-09-30 10:53:33,797 | prediction 65536/105181
2026-09-30 10:53:40,972 | prediction 69632/105181
2026-09-30 10:53:48,149 | prediction 73728/105181
2026-09-30 10:53:55,325 | prediction 77824/105181
2026-09-30 10:54:02,501 | prediction 81920/105181
2026-09-30 10:54:09,678 | prediction 86016/105181
2026-09-30 10:54:16,855 | prediction 90112/105181
2026-09-30 10:54:24,038 | prediction 94208/105181
2026-09-30 10:54:31,214 | prediction 98304/105181
2026-09-30 10:54:38,392 | prediction 102400/105181
2026-09-30 10:54:44,819 | experiments/exp03/seeds/seed44/static/as_stored/online_frozen.json | random:d32:u32:p0
2026-09-30 10:54:52,034 | prediction 4096/105181
2026-09-30 10:54:59,217 | prediction 8192/105181
2026-09-30 10:55:06,402 | prediction 12288/105181
2026-09-30 10:55:13,586 | prediction 16384/105181
2026-09-30 10:55:20,768 | prediction 20480/105181
2026-09-30 10:55:27,950 | prediction 24576/105181
2026-09-30 10:55:35,132 | prediction 28672/105181
2026-09-30 10:55:42,313 | prediction 32768/105181
2026-09-30 10:55:49,495 | prediction 36864/105181
2026-09-30 10:55:56,677 | prediction 40960/105181
2026-09-30 10:56:03,860 | prediction 45056/105181
2026-09-30 10:56:11,041 | prediction 49152/105181
2026-09-30 10:56:18,224 | prediction 53248/105181
2026-09-30 10:56:25,408 | prediction 57344/105181
2026-09-30 10:56:32,590 | prediction 61440/105181
2026-09-30 10:56:39,770 | prediction 65536/105181
2026-09-30 10:56:46,953 | prediction 69632/105181
2026-09-30 10:56:54,133 | prediction 73728/105181
2026-09-30 10:57:01,314 | prediction 77824/105181
2026-09-30 10:57:08,497 | prediction 81920/105181
2026-09-30 10:57:15,678 | prediction 86016/105181
2026-09-30 10:57:22,859 | prediction 90112/105181
2026-09-30 10:57:30,040 | prediction 94208/105181
2026-09-30 10:57:37,222 | prediction 98304/105181
2026-09-30 10:57:44,403 | prediction 102400/105181
2026-09-30 10:57:50,831 | experiments/exp03/seeds/seed44/static/as_stored/online_frozen.json | random:d32:u32:p1
2026-09-30 10:57:58,047 | prediction 4096/105181
2026-09-30 10:58:05,229 | prediction 8192/105181
2026-09-30 10:58:12,410 | prediction 12288/105181
2026-09-30 10:58:19,591 | prediction 16384/105181
2026-09-30 10:58:26,776 | prediction 20480/105181
2026-09-30 10:58:33,958 | prediction 24576/105181
2026-09-30 10:58:41,139 | prediction 28672/105181
2026-09-30 10:58:48,322 | prediction 32768/105181
2026-09-30 10:58:55,503 | prediction 36864/105181
2026-09-30 10:59:02,684 | prediction 40960/105181
2026-09-30 10:59:09,865 | prediction 45056/105181
2026-09-30 10:59:17,046 | prediction 49152/105181
2026-09-30 10:59:24,228 | prediction 53248/105181
2026-09-30 10:59:31,409 | prediction 57344/105181
2026-09-30 10:59:38,590 | prediction 61440/105181
2026-09-30 10:59:45,766 | prediction 65536/105181
2026-09-30 10:59:52,941 | prediction 69632/105181
2026-09-30 11:00:00,115 | prediction 73728/105181
2026-09-30 11:00:07,291 | prediction 77824/105181
2026-09-30 11:00:14,466 | prediction 81920/105181
2026-09-30 11:00:21,640 | prediction 86016/105181
2026-09-30 11:00:28,820 | prediction 90112/105181
2026-09-30 11:00:35,996 | prediction 94208/105181
2026-09-30 11:00:43,173 | prediction 98304/105181
2026-09-30 11:00:50,349 | prediction 102400/105181
2026-09-30 11:00:56,772 | experiments/exp03/seeds/seed44/static/as_stored/online_frozen.json | random:d32:u32:p2
2026-09-30 11:01:03,988 | prediction 4096/105181
2026-09-30 11:01:11,171 | prediction 8192/105181
2026-09-30 11:01:18,354 | prediction 12288/105181
2026-09-30 11:01:25,535 | prediction 16384/105181
2026-09-30 11:01:32,716 | prediction 20480/105181
2026-09-30 11:01:39,898 | prediction 24576/105181
2026-09-30 11:01:47,069 | prediction 28672/105181
2026-09-30 11:01:54,212 | prediction 32768/105181
2026-09-30 11:02:01,354 | prediction 36864/105181
2026-09-30 11:02:08,498 | prediction 40960/105181
2026-09-30 11:02:15,639 | prediction 45056/105181
2026-09-30 11:02:22,780 | prediction 49152/105181
2026-09-30 11:02:29,923 | prediction 53248/105181
2026-09-30 11:02:37,068 | prediction 57344/105181
2026-09-30 11:02:44,212 | prediction 61440/105181
2026-09-30 11:02:51,346 | prediction 65536/105181
2026-09-30 11:02:58,487 | prediction 69632/105181
2026-09-30 11:03:05,627 | prediction 73728/105181
2026-09-30 11:03:12,768 | prediction 77824/105181
2026-09-30 11:03:19,905 | prediction 81920/105181
2026-09-30 11:03:27,047 | prediction 86016/105181
2026-09-30 11:03:34,190 | prediction 90112/105181
2026-09-30 11:03:41,336 | prediction 94208/105181
2026-09-30 11:03:48,483 | prediction 98304/105181
2026-09-30 11:03:55,624 | prediction 102400/105181
2026-09-30 11:04:09,297 | prediction 4096/105181
2026-09-30 11:04:16,448 | prediction 8192/105181
2026-09-30 11:04:23,600 | prediction 12288/105181
2026-09-30 11:04:30,753 | prediction 16384/105181
2026-09-30 11:04:37,900 | prediction 20480/105181
2026-09-30 11:04:45,049 | prediction 24576/105181
2026-09-30 11:04:52,197 | prediction 28672/105181
2026-09-30 11:04:59,343 | prediction 32768/105181
2026-09-30 11:05:06,492 | prediction 36864/105181
2026-09-30 11:05:13,639 | prediction 40960/105181
2026-09-30 11:05:20,785 | prediction 45056/105181
2026-09-30 11:05:27,928 | prediction 49152/105181
2026-09-30 11:05:35,075 | prediction 53248/105181
2026-09-30 11:05:42,222 | prediction 57344/105181
2026-09-30 11:05:49,367 | prediction 61440/105181
2026-09-30 11:05:56,507 | prediction 65536/105181
2026-09-30 11:06:03,653 | prediction 69632/105181
2026-09-30 11:06:10,798 | prediction 73728/105181
2026-09-30 11:06:17,944 | prediction 77824/105181
2026-09-30 11:06:25,097 | prediction 81920/105181
2026-09-30 11:06:32,245 | prediction 86016/105181
2026-09-30 11:06:39,390 | prediction 90112/105181
2026-09-30 11:06:46,536 | prediction 94208/105181
2026-09-30 11:06:53,681 | prediction 98304/105181
2026-09-30 11:07:00,826 | prediction 102400/105181
2026-09-30 11:07:06,191 | experiments/exp03/seeds/seed44/static/aligned/online_frozen.json | original:dNone:uNone:pNone
2026-09-30 11:07:08,554 | experiments/exp03/seeds/seed44/static/aligned/online_frozen.json | bypass:dNone:uNone:pNone
2026-09-30 11:07:15,710 | prediction 4096/105181
2026-09-30 11:07:22,857 | prediction 8192/105181
2026-09-30 11:07:30,003 | prediction 12288/105181
2026-09-30 11:07:37,151 | prediction 16384/105181
2026-09-30 11:07:44,320 | prediction 20480/105181
2026-09-30 11:07:51,493 | prediction 24576/105181
2026-09-30 11:07:58,663 | prediction 28672/105181
2026-09-30 11:08:05,833 | prediction 32768/105181
2026-09-30 11:08:13,005 | prediction 36864/105181
2026-09-30 11:08:20,175 | prediction 40960/105181
2026-09-30 11:08:27,348 | prediction 45056/105181
2026-09-30 11:08:34,522 | prediction 49152/105181
2026-09-30 11:08:41,694 | prediction 53248/105181
2026-09-30 11:08:48,870 | prediction 57344/105181
2026-09-30 11:08:56,042 | prediction 61440/105181
2026-09-30 11:09:03,216 | prediction 65536/105181
2026-09-30 11:09:10,387 | prediction 69632/105181
2026-09-30 11:09:17,560 | prediction 73728/105181
2026-09-30 11:09:24,732 | prediction 77824/105181
2026-09-30 11:09:31,903 | prediction 81920/105181
2026-09-30 11:09:39,075 | prediction 86016/105181
2026-09-30 11:09:46,250 | prediction 90112/105181
2026-09-30 11:09:53,421 | prediction 94208/105181
2026-09-30 11:10:00,591 | prediction 98304/105181
2026-09-30 11:10:07,764 | prediction 102400/105181
2026-09-30 11:10:14,164 | experiments/exp03/seeds/seed44/static/aligned/online_frozen.json | down:d0:uNone:pNone
2026-09-30 11:10:21,350 | prediction 4096/105181
2026-09-30 11:10:28,536 | prediction 8192/105181
2026-09-30 11:10:35,718 | prediction 12288/105181
2026-09-30 11:10:42,900 | prediction 16384/105181
2026-09-30 11:10:50,082 | prediction 20480/105181
2026-09-30 11:10:57,261 | prediction 24576/105181
2026-09-30 11:11:04,440 | prediction 28672/105181
2026-09-30 11:11:11,619 | prediction 32768/105181
2026-09-30 11:11:18,798 | prediction 36864/105181
2026-09-30 11:11:25,976 | prediction 40960/105181
2026-09-30 11:11:33,153 | prediction 45056/105181
2026-09-30 11:11:40,331 | prediction 49152/105181
2026-09-30 11:11:47,509 | prediction 53248/105181
2026-09-30 11:11:54,685 | prediction 57344/105181
2026-09-30 11:12:01,863 | prediction 61440/105181
2026-09-30 11:12:09,042 | prediction 65536/105181
2026-09-30 11:12:16,220 | prediction 69632/105181
2026-09-30 11:12:23,400 | prediction 73728/105181
2026-09-30 11:12:30,579 | prediction 77824/105181
2026-09-30 11:12:37,758 | prediction 81920/105181
2026-09-30 11:12:44,936 | prediction 86016/105181
2026-09-30 11:12:52,114 | prediction 90112/105181
2026-09-30 11:12:59,292 | prediction 94208/105181
2026-09-30 11:13:06,471 | prediction 98304/105181
2026-09-30 11:13:13,649 | prediction 102400/105181
2026-09-30 11:13:20,062 | experiments/exp03/seeds/seed44/static/aligned/online_frozen.json | down:d1:uNone:pNone
2026-09-30 11:13:27,245 | prediction 4096/105181
2026-09-30 11:13:34,421 | prediction 8192/105181
2026-09-30 11:13:41,597 | prediction 12288/105181
2026-09-30 11:13:48,774 | prediction 16384/105181
2026-09-30 11:13:55,950 | prediction 20480/105181
2026-09-30 11:14:03,126 | prediction 24576/105181
2026-09-30 11:14:10,302 | prediction 28672/105181
2026-09-30 11:14:17,479 | prediction 32768/105181
2026-09-30 11:14:24,658 | prediction 36864/105181
2026-09-30 11:14:31,836 | prediction 40960/105181
2026-09-30 11:14:39,016 | prediction 45056/105181
2026-09-30 11:14:46,193 | prediction 49152/105181
2026-09-30 11:14:53,369 | prediction 53248/105181
2026-09-30 11:15:00,547 | prediction 57344/105181
2026-09-30 11:15:07,726 | prediction 61440/105181
2026-09-30 11:15:14,905 | prediction 65536/105181
2026-09-30 11:15:22,082 | prediction 69632/105181
2026-09-30 11:15:29,261 | prediction 73728/105181
2026-09-30 11:15:36,440 | prediction 77824/105181
2026-09-30 11:15:43,620 | prediction 81920/105181
2026-09-30 11:15:50,803 | prediction 86016/105181
2026-09-30 11:15:57,985 | prediction 90112/105181
2026-09-30 11:16:05,163 | prediction 94208/105181
2026-09-30 11:16:12,340 | prediction 98304/105181
2026-09-30 11:16:19,517 | prediction 102400/105181
2026-09-30 11:16:25,932 | experiments/exp03/seeds/seed44/static/aligned/online_frozen.json | down:d2:uNone:pNone
2026-09-30 11:16:33,121 | prediction 4096/105181
2026-09-30 11:16:40,300 | prediction 8192/105181
2026-09-30 11:16:47,479 | prediction 12288/105181
2026-09-30 11:16:54,659 | prediction 16384/105181
2026-09-30 11:17:01,841 | prediction 20480/105181
2026-09-30 11:17:09,019 | prediction 24576/105181
2026-09-30 11:17:16,198 | prediction 28672/105181
2026-09-30 11:17:23,376 | prediction 32768/105181
2026-09-30 11:17:30,552 | prediction 36864/105181
2026-09-30 11:17:37,734 | prediction 40960/105181
2026-09-30 11:17:44,912 | prediction 45056/105181
2026-09-30 11:17:52,088 | prediction 49152/105181
2026-09-30 11:17:59,265 | prediction 53248/105181
2026-09-30 11:18:06,448 | prediction 57344/105181
2026-09-30 11:18:13,631 | prediction 61440/105181
2026-09-30 11:18:20,784 | prediction 65536/105181
2026-09-30 11:18:27,930 | prediction 69632/105181
2026-09-30 11:18:35,080 | prediction 73728/105181
2026-09-30 11:18:42,233 | prediction 77824/105181
2026-09-30 11:18:49,377 | prediction 81920/105181
2026-09-30 11:18:56,521 | prediction 86016/105181
2026-09-30 11:19:03,664 | prediction 90112/105181
2026-09-30 11:19:10,805 | prediction 94208/105181
2026-09-30 11:19:17,947 | prediction 98304/105181
2026-09-30 11:19:25,088 | prediction 102400/105181
2026-09-30 11:19:31,477 | experiments/exp03/seeds/seed44/static/aligned/online_frozen.json | down:d4:uNone:pNone
2026-09-30 11:19:38,631 | prediction 4096/105181
2026-09-30 11:19:45,776 | prediction 8192/105181
2026-09-30 11:19:52,921 | prediction 12288/105181
2026-09-30 11:20:00,066 | prediction 16384/105181
2026-09-30 11:20:07,212 | prediction 20480/105181
2026-09-30 11:20:14,368 | prediction 24576/105181
2026-09-30 11:20:21,513 | prediction 28672/105181
2026-09-30 11:20:28,661 | prediction 32768/105181
2026-09-30 11:20:35,807 | prediction 36864/105181
2026-09-30 11:20:42,953 | prediction 40960/105181
2026-09-30 11:20:50,097 | prediction 45056/105181
2026-09-30 11:20:57,240 | prediction 49152/105181
2026-09-30 11:21:04,387 | prediction 53248/105181
2026-09-30 11:21:11,534 | prediction 57344/105181
2026-09-30 11:21:18,682 | prediction 61440/105181
2026-09-30 11:21:25,827 | prediction 65536/105181
2026-09-30 11:21:32,973 | prediction 69632/105181
2026-09-30 11:21:40,117 | prediction 73728/105181
2026-09-30 11:21:47,258 | prediction 77824/105181
2026-09-30 11:21:54,400 | prediction 81920/105181
2026-09-30 11:22:01,544 | prediction 86016/105181
2026-09-30 11:22:08,689 | prediction 90112/105181
2026-09-30 11:22:15,836 | prediction 94208/105181
2026-09-30 11:22:22,981 | prediction 98304/105181
2026-09-30 11:22:30,130 | prediction 102400/105181
2026-09-30 11:22:36,522 | experiments/exp03/seeds/seed44/static/aligned/online_frozen.json | down:d8:uNone:pNone
2026-09-30 11:22:43,677 | prediction 4096/105181
2026-09-30 11:22:50,825 | prediction 8192/105181
2026-09-30 11:22:57,971 | prediction 12288/105181
2026-09-30 11:23:05,118 | prediction 16384/105181
2026-09-30 11:23:12,265 | prediction 20480/105181
2026-09-30 11:23:19,411 | prediction 24576/105181
2026-09-30 11:23:26,556 | prediction 28672/105181
2026-09-30 11:23:33,706 | prediction 32768/105181
2026-09-30 11:23:40,855 | prediction 36864/105181
2026-09-30 11:23:48,001 | prediction 40960/105181
2026-09-30 11:23:55,148 | prediction 45056/105181
2026-09-30 11:24:02,291 | prediction 49152/105181
2026-09-30 11:24:09,437 | prediction 53248/105181
2026-09-30 11:24:16,583 | prediction 57344/105181
2026-09-30 11:24:23,729 | prediction 61440/105181
2026-09-30 11:24:30,875 | prediction 65536/105181
2026-09-30 11:24:38,020 | prediction 69632/105181
2026-09-30 11:24:45,165 | prediction 73728/105181
2026-09-30 11:24:52,311 | prediction 77824/105181
2026-09-30 11:24:59,456 | prediction 81920/105181
2026-09-30 11:25:06,606 | prediction 86016/105181
2026-09-30 11:25:13,756 | prediction 90112/105181
2026-09-30 11:25:20,900 | prediction 94208/105181
2026-09-30 11:25:28,050 | prediction 98304/105181
2026-09-30 11:25:35,197 | prediction 102400/105181
2026-09-30 11:25:41,619 | experiments/exp03/seeds/seed44/static/aligned/online_frozen.json | down:d16:uNone:pNone
2026-09-30 11:25:48,776 | prediction 4096/105181
2026-09-30 11:25:55,930 | prediction 8192/105181
2026-09-30 11:26:03,078 | prediction 12288/105181
2026-09-30 11:26:10,224 | prediction 16384/105181
2026-09-30 11:26:17,370 | prediction 20480/105181
2026-09-30 11:26:24,518 | prediction 24576/105181
2026-09-30 11:26:31,666 | prediction 28672/105181
2026-09-30 11:26:38,813 | prediction 32768/105181
2026-09-30 11:26:45,960 | prediction 36864/105181
2026-09-30 11:26:53,113 | prediction 40960/105181
2026-09-30 11:27:00,260 | prediction 45056/105181
2026-09-30 11:27:07,408 | prediction 49152/105181
2026-09-30 11:27:14,555 | prediction 53248/105181
2026-09-30 11:27:21,701 | prediction 57344/105181
2026-09-30 11:27:28,848 | prediction 61440/105181
2026-09-30 11:27:35,995 | prediction 65536/105181
2026-09-30 11:27:43,145 | prediction 69632/105181
2026-09-30 11:27:50,296 | prediction 73728/105181
2026-09-30 11:27:57,440 | prediction 77824/105181
2026-09-30 11:28:04,582 | prediction 81920/105181
2026-09-30 11:28:11,724 | prediction 86016/105181
2026-09-30 11:28:18,867 | prediction 90112/105181
2026-09-30 11:28:26,013 | prediction 94208/105181
2026-09-30 11:28:33,157 | prediction 98304/105181
2026-09-30 11:28:40,294 | prediction 102400/105181
2026-09-30 11:28:46,678 | experiments/exp03/seeds/seed44/static/aligned/online_frozen.json | down:d32:uNone:pNone
2026-09-30 11:28:53,854 | prediction 4096/105181
2026-09-30 11:29:00,999 | prediction 8192/105181
2026-09-30 11:29:08,143 | prediction 12288/105181
2026-09-30 11:29:15,288 | prediction 16384/105181
2026-09-30 11:29:22,434 | prediction 20480/105181
2026-09-30 11:29:29,578 | prediction 24576/105181
2026-09-30 11:29:36,722 | prediction 28672/105181
2026-09-30 11:29:43,869 | prediction 32768/105181
2026-09-30 11:29:51,014 | prediction 36864/105181
2026-09-30 11:29:58,157 | prediction 40960/105181
2026-09-30 11:30:05,301 | prediction 45056/105181
2026-09-30 11:30:12,445 | prediction 49152/105181
2026-09-30 11:30:19,589 | prediction 53248/105181
2026-09-30 11:30:26,740 | prediction 57344/105181
2026-09-30 11:30:33,891 | prediction 61440/105181
2026-09-30 11:30:41,037 | prediction 65536/105181
2026-09-30 11:30:48,184 | prediction 69632/105181
2026-09-30 11:30:55,328 | prediction 73728/105181
2026-09-30 11:31:02,472 | prediction 77824/105181
2026-09-30 11:31:09,615 | prediction 81920/105181
2026-09-30 11:31:16,761 | prediction 86016/105181
2026-09-30 11:31:23,906 | prediction 90112/105181
2026-09-30 11:31:31,052 | prediction 94208/105181
2026-09-30 11:31:38,201 | prediction 98304/105181
2026-09-30 11:31:45,348 | prediction 102400/105181
2026-09-30 11:31:51,741 | experiments/exp03/seeds/seed44/static/aligned/online_frozen.json | down:d48:uNone:pNone
2026-09-30 11:31:58,918 | prediction 4096/105181
2026-09-30 11:32:06,064 | prediction 8192/105181
2026-09-30 11:32:13,208 | prediction 12288/105181
2026-09-30 11:32:20,350 | prediction 16384/105181
2026-09-30 11:32:27,500 | prediction 20480/105181
2026-09-30 11:32:34,675 | prediction 24576/105181
2026-09-30 11:32:41,850 | prediction 28672/105181
2026-09-30 11:32:49,027 | prediction 32768/105181
2026-09-30 11:32:56,207 | prediction 36864/105181
2026-09-30 11:33:03,382 | prediction 40960/105181
2026-09-30 11:33:10,557 | prediction 45056/105181
2026-09-30 11:33:17,734 | prediction 49152/105181
2026-09-30 11:33:24,910 | prediction 53248/105181
2026-09-30 11:33:32,088 | prediction 57344/105181
2026-09-30 11:33:39,262 | prediction 61440/105181
2026-09-30 11:33:46,438 | prediction 65536/105181
2026-09-30 11:33:53,606 | prediction 69632/105181
2026-09-30 11:34:00,749 | prediction 73728/105181
2026-09-30 11:34:07,892 | prediction 77824/105181
2026-09-30 11:34:15,035 | prediction 81920/105181
2026-09-30 11:34:22,178 | prediction 86016/105181
2026-09-30 11:34:29,325 | prediction 90112/105181
2026-09-30 11:34:36,468 | prediction 94208/105181
2026-09-30 11:34:43,611 | prediction 98304/105181
2026-09-30 11:34:50,751 | prediction 102400/105181
2026-09-30 11:34:57,141 | experiments/exp03/seeds/seed44/static/aligned/online_frozen.json | down:d64:uNone:pNone
2026-09-30 11:35:04,326 | prediction 4096/105181
2026-09-30 11:35:11,478 | prediction 8192/105181
2026-09-30 11:35:18,630 | prediction 12288/105181
2026-09-30 11:35:25,781 | prediction 16384/105181
2026-09-30 11:35:32,930 | prediction 20480/105181
2026-09-30 11:35:40,081 | prediction 24576/105181
2026-09-30 11:35:47,230 | prediction 28672/105181
2026-09-30 11:35:54,379 | prediction 32768/105181
2026-09-30 11:36:01,530 | prediction 36864/105181
2026-09-30 11:36:08,681 | prediction 40960/105181
2026-09-30 11:36:15,832 | prediction 45056/105181
2026-09-30 11:36:22,979 | prediction 49152/105181
2026-09-30 11:36:30,124 | prediction 53248/105181
2026-09-30 11:36:37,268 | prediction 57344/105181
2026-09-30 11:36:44,413 | prediction 61440/105181
2026-09-30 11:36:51,556 | prediction 65536/105181
2026-09-30 11:36:58,698 | prediction 69632/105181
2026-09-30 11:37:05,841 | prediction 73728/105181
2026-09-30 11:37:12,984 | prediction 77824/105181
2026-09-30 11:37:20,124 | prediction 81920/105181
2026-09-30 11:37:27,266 | prediction 86016/105181
2026-09-30 11:37:34,410 | prediction 90112/105181
2026-09-30 11:37:41,552 | prediction 94208/105181
2026-09-30 11:37:48,695 | prediction 98304/105181
2026-09-30 11:37:55,859 | prediction 102400/105181
2026-09-30 11:38:02,270 | experiments/exp03/seeds/seed44/static/aligned/online_frozen.json | down:d76:uNone:pNone
2026-09-30 11:38:09,481 | prediction 4096/105181
2026-09-30 11:38:16,659 | prediction 8192/105181
2026-09-30 11:38:23,845 | prediction 12288/105181
2026-09-30 11:38:31,026 | prediction 16384/105181
2026-09-30 11:38:38,205 | prediction 20480/105181
2026-09-30 11:38:45,384 | prediction 24576/105181
2026-09-30 11:38:52,564 | prediction 28672/105181
2026-09-30 11:38:59,743 | prediction 32768/105181
2026-09-30 11:39:06,924 | prediction 36864/105181
2026-09-30 11:39:14,102 | prediction 40960/105181
2026-09-30 11:39:21,282 | prediction 45056/105181
2026-09-30 11:39:28,461 | prediction 49152/105181
2026-09-30 11:39:35,641 | prediction 53248/105181
2026-09-30 11:39:42,820 | prediction 57344/105181
2026-09-30 11:39:50,000 | prediction 61440/105181
2026-09-30 11:39:57,179 | prediction 65536/105181
2026-09-30 11:40:04,358 | prediction 69632/105181
2026-09-30 11:40:11,535 | prediction 73728/105181
2026-09-30 11:40:18,714 | prediction 77824/105181
2026-09-30 11:40:25,892 | prediction 81920/105181
2026-09-30 11:40:33,067 | prediction 86016/105181
2026-09-30 11:40:40,244 | prediction 90112/105181
2026-09-30 11:40:47,421 | prediction 94208/105181
2026-09-30 11:40:54,599 | prediction 98304/105181
2026-09-30 11:41:01,775 | prediction 102400/105181
2026-09-30 11:41:09,049 | experiments/exp03/seeds/seed44/static/aligned/online_frozen.json | up:dNone:u0:pNone
2026-09-30 11:41:16,239 | prediction 4096/105181
2026-09-30 11:41:23,420 | prediction 8192/105181
2026-09-30 11:41:30,598 | prediction 12288/105181
2026-09-30 11:41:37,778 | prediction 16384/105181
2026-09-30 11:41:44,957 | prediction 20480/105181
2026-09-30 11:41:52,138 | prediction 24576/105181
2026-09-30 11:41:59,318 | prediction 28672/105181
2026-09-30 11:42:06,497 | prediction 32768/105181
2026-09-30 11:42:13,677 | prediction 36864/105181
2026-09-30 11:42:20,856 | prediction 40960/105181
2026-09-30 11:42:28,038 | prediction 45056/105181
2026-09-30 11:42:35,217 | prediction 49152/105181
2026-09-30 11:42:42,396 | prediction 53248/105181
2026-09-30 11:42:49,574 | prediction 57344/105181
2026-09-30 11:42:56,753 | prediction 61440/105181
2026-09-30 11:43:03,932 | prediction 65536/105181
2026-09-30 11:43:11,112 | prediction 69632/105181
2026-09-30 11:43:18,292 | prediction 73728/105181
2026-09-30 11:43:25,473 | prediction 77824/105181
2026-09-30 11:43:32,652 | prediction 81920/105181
2026-09-30 11:43:39,831 | prediction 86016/105181
2026-09-30 11:43:47,011 | prediction 90112/105181
2026-09-30 11:43:54,191 | prediction 94208/105181
2026-09-30 11:44:01,370 | prediction 98304/105181
2026-09-30 11:44:08,551 | prediction 102400/105181
2026-09-30 11:44:15,000 | experiments/exp03/seeds/seed44/static/aligned/online_frozen.json | up:dNone:u1:pNone
2026-09-30 11:44:22,188 | prediction 4096/105181
2026-09-30 11:44:29,367 | prediction 8192/105181
2026-09-30 11:44:36,544 | prediction 12288/105181
2026-09-30 11:44:43,722 | prediction 16384/105181
2026-09-30 11:44:50,897 | prediction 20480/105181
2026-09-30 11:44:58,074 | prediction 24576/105181
2026-09-30 11:45:05,252 | prediction 28672/105181
2026-09-30 11:45:12,431 | prediction 32768/105181
2026-09-30 11:45:19,607 | prediction 36864/105181
2026-09-30 11:45:26,781 | prediction 40960/105181
2026-09-30 11:45:33,956 | prediction 45056/105181
2026-09-30 11:45:41,132 | prediction 49152/105181
2026-09-30 11:45:48,308 | prediction 53248/105181
2026-09-30 11:45:55,483 | prediction 57344/105181
2026-09-30 11:46:02,660 | prediction 61440/105181
2026-09-30 11:46:09,834 | prediction 65536/105181
2026-09-30 11:46:17,010 | prediction 69632/105181
2026-09-30 11:46:24,192 | prediction 73728/105181
2026-09-30 11:46:31,372 | prediction 77824/105181
2026-09-30 11:46:38,547 | prediction 81920/105181
2026-09-30 11:46:45,722 | prediction 86016/105181
2026-09-30 11:46:52,896 | prediction 90112/105181
2026-09-30 11:47:00,072 | prediction 94208/105181
2026-09-30 11:47:07,254 | prediction 98304/105181
2026-09-30 11:47:14,429 | prediction 102400/105181
2026-09-30 11:47:20,841 | experiments/exp03/seeds/seed44/static/aligned/online_frozen.json | up:dNone:u2:pNone
2026-09-30 11:47:28,022 | prediction 4096/105181
2026-09-30 11:47:35,201 | prediction 8192/105181
2026-09-30 11:47:42,385 | prediction 12288/105181
2026-09-30 11:47:49,566 | prediction 16384/105181
2026-09-30 11:47:56,742 | prediction 20480/105181
2026-09-30 11:48:03,920 | prediction 24576/105181
2026-09-30 11:48:11,096 | prediction 28672/105181
2026-09-30 11:48:18,270 | prediction 32768/105181
2026-09-30 11:48:25,450 | prediction 36864/105181
2026-09-30 11:48:32,626 | prediction 40960/105181
2026-09-30 11:48:39,801 | prediction 45056/105181
2026-09-30 11:48:46,977 | prediction 49152/105181
2026-09-30 11:48:54,152 | prediction 53248/105181
2026-09-30 11:49:01,327 | prediction 57344/105181
2026-09-30 11:49:08,502 | prediction 61440/105181
2026-09-30 11:49:15,677 | prediction 65536/105181
2026-09-30 11:49:22,850 | prediction 69632/105181
2026-09-30 11:49:30,024 | prediction 73728/105181
2026-09-30 11:49:37,202 | prediction 77824/105181
2026-09-30 11:49:44,381 | prediction 81920/105181
2026-09-30 11:49:51,562 | prediction 86016/105181
2026-09-30 11:49:58,738 | prediction 90112/105181
2026-09-30 11:50:05,916 | prediction 94208/105181
2026-09-30 11:50:13,094 | prediction 98304/105181
2026-09-30 11:50:20,271 | prediction 102400/105181
2026-09-30 11:50:26,688 | experiments/exp03/seeds/seed44/static/aligned/online_frozen.json | up:dNone:u4:pNone
2026-09-30 11:50:33,875 | prediction 4096/105181
2026-09-30 11:50:41,053 | prediction 8192/105181
2026-09-30 11:50:48,236 | prediction 12288/105181
2026-09-30 11:50:55,414 | prediction 16384/105181
2026-09-30 11:51:02,591 | prediction 20480/105181
2026-09-30 11:51:09,768 | prediction 24576/105181
2026-09-30 11:51:16,947 | prediction 28672/105181
2026-09-30 11:51:24,124 | prediction 32768/105181
2026-09-30 11:51:31,301 | prediction 36864/105181
2026-09-30 11:51:38,479 | prediction 40960/105181
2026-09-30 11:51:45,656 | prediction 45056/105181
2026-09-30 11:51:52,831 | prediction 49152/105181
2026-09-30 11:52:00,005 | prediction 53248/105181
2026-09-30 11:52:07,178 | prediction 57344/105181
2026-09-30 11:52:14,351 | prediction 61440/105181
2026-09-30 11:52:21,524 | prediction 65536/105181
2026-09-30 11:52:28,701 | prediction 69632/105181
2026-09-30 11:52:35,875 | prediction 73728/105181
2026-09-30 11:52:43,049 | prediction 77824/105181
2026-09-30 11:52:50,223 | prediction 81920/105181
2026-09-30 11:52:57,396 | prediction 86016/105181
2026-09-30 11:53:04,571 | prediction 90112/105181
2026-09-30 11:53:11,747 | prediction 94208/105181
2026-09-30 11:53:18,925 | prediction 98304/105181
2026-09-30 11:53:26,099 | prediction 102400/105181
2026-09-30 11:53:32,512 | experiments/exp03/seeds/seed44/static/aligned/online_frozen.json | up:dNone:u8:pNone
2026-09-30 11:53:39,696 | prediction 4096/105181
2026-09-30 11:53:46,874 | prediction 8192/105181
2026-09-30 11:53:54,051 | prediction 12288/105181
2026-09-30 11:54:01,229 | prediction 16384/105181
2026-09-30 11:54:08,406 | prediction 20480/105181
2026-09-30 11:54:15,583 | prediction 24576/105181
2026-09-30 11:54:22,760 | prediction 28672/105181
2026-09-30 11:54:29,944 | prediction 32768/105181
2026-09-30 11:54:37,125 | prediction 36864/105181
2026-09-30 11:54:44,305 | prediction 40960/105181
2026-09-30 11:54:51,482 | prediction 45056/105181
2026-09-30 11:54:58,658 | prediction 49152/105181
2026-09-30 11:55:05,836 | prediction 53248/105181
2026-09-30 11:55:13,014 | prediction 57344/105181
2026-09-30 11:55:20,191 | prediction 61440/105181
2026-09-30 11:55:27,368 | prediction 65536/105181
2026-09-30 11:55:34,546 | prediction 69632/105181
2026-09-30 11:55:41,723 | prediction 73728/105181
2026-09-30 11:55:48,903 | prediction 77824/105181
2026-09-30 11:55:56,081 | prediction 81920/105181
2026-09-30 11:56:03,259 | prediction 86016/105181
2026-09-30 11:56:10,437 | prediction 90112/105181
2026-09-30 11:56:17,620 | prediction 94208/105181
2026-09-30 11:56:24,801 | prediction 98304/105181
2026-09-30 11:56:31,984 | prediction 102400/105181
2026-09-30 11:56:38,401 | experiments/exp03/seeds/seed44/static/aligned/online_frozen.json | up:dNone:u16:pNone
2026-09-30 11:56:45,585 | prediction 4096/105181
2026-09-30 11:56:52,762 | prediction 8192/105181
2026-09-30 11:56:59,938 | prediction 12288/105181
2026-09-30 11:57:07,114 | prediction 16384/105181
2026-09-30 11:57:14,289 | prediction 20480/105181
2026-09-30 11:57:21,465 | prediction 24576/105181
2026-09-30 11:57:28,638 | prediction 28672/105181
2026-09-30 11:57:35,814 | prediction 32768/105181
2026-09-30 11:57:42,990 | prediction 36864/105181
2026-09-30 11:57:50,165 | prediction 40960/105181
2026-09-30 11:57:57,339 | prediction 45056/105181
2026-09-30 11:58:04,515 | prediction 49152/105181
2026-09-30 11:58:11,690 | prediction 53248/105181
2026-09-30 11:58:18,866 | prediction 57344/105181
2026-09-30 11:58:26,043 | prediction 61440/105181
2026-09-30 11:58:33,218 | prediction 65536/105181
2026-09-30 11:58:40,395 | prediction 69632/105181
2026-09-30 11:58:47,573 | prediction 73728/105181
2026-09-30 11:58:54,746 | prediction 77824/105181
2026-09-30 11:59:01,921 | prediction 81920/105181
2026-09-30 11:59:09,096 | prediction 86016/105181
2026-09-30 11:59:16,270 | prediction 90112/105181
2026-09-30 11:59:23,446 | prediction 94208/105181
2026-09-30 11:59:30,621 | prediction 98304/105181
2026-09-30 11:59:37,796 | prediction 102400/105181
2026-09-30 11:59:44,243 | experiments/exp03/seeds/seed44/static/aligned/online_frozen.json | up:dNone:u32:pNone
2026-09-30 11:59:51,453 | prediction 4096/105181
2026-09-30 11:59:58,634 | prediction 8192/105181
2026-09-30 12:00:05,815 | prediction 12288/105181
2026-09-30 12:00:12,994 | prediction 16384/105181
2026-09-30 12:00:20,163 | prediction 20480/105181
2026-09-30 12:00:27,312 | prediction 24576/105181
2026-09-30 12:00:34,461 | prediction 28672/105181
2026-09-30 12:00:41,604 | prediction 32768/105181
2026-09-30 12:00:48,745 | prediction 36864/105181
2026-09-30 12:00:55,887 | prediction 40960/105181
2026-09-30 12:01:03,026 | prediction 45056/105181
2026-09-30 12:01:10,167 | prediction 49152/105181
2026-09-30 12:01:17,308 | prediction 53248/105181
2026-09-30 12:01:24,448 | prediction 57344/105181
2026-09-30 12:01:31,588 | prediction 61440/105181
2026-09-30 12:01:38,730 | prediction 65536/105181
2026-09-30 12:01:45,870 | prediction 69632/105181
2026-09-30 12:01:53,011 | prediction 73728/105181
2026-09-30 12:02:00,151 | prediction 77824/105181
2026-09-30 12:02:07,291 | prediction 81920/105181
2026-09-30 12:02:14,431 | prediction 86016/105181
2026-09-30 12:02:21,600 | prediction 90112/105181
2026-09-30 12:02:28,777 | prediction 94208/105181
2026-09-30 12:02:35,951 | prediction 98304/105181
2026-09-30 12:02:43,126 | prediction 102400/105181
2026-09-30 12:02:49,542 | experiments/exp03/seeds/seed44/static/aligned/online_frozen.json | up:dNone:u48:pNone
2026-09-30 12:02:56,750 | prediction 4096/105181
2026-09-30 12:03:03,927 | prediction 8192/105181
2026-09-30 12:03:11,106 | prediction 12288/105181
2026-09-30 12:03:18,286 | prediction 16384/105181
2026-09-30 12:03:25,466 | prediction 20480/105181
2026-09-30 12:03:32,645 | prediction 24576/105181
2026-09-30 12:03:39,807 | prediction 28672/105181
2026-09-30 12:03:46,947 | prediction 32768/105181
2026-09-30 12:03:54,087 | prediction 36864/105181
2026-09-30 12:04:01,226 | prediction 40960/105181
2026-09-30 12:04:08,367 | prediction 45056/105181
2026-09-30 12:04:15,508 | prediction 49152/105181
2026-09-30 12:04:22,646 | prediction 53248/105181
2026-09-30 12:04:29,787 | prediction 57344/105181
2026-09-30 12:04:36,927 | prediction 61440/105181
2026-09-30 12:04:44,067 | prediction 65536/105181
2026-09-30 12:04:51,205 | prediction 69632/105181
2026-09-30 12:04:58,343 | prediction 73728/105181
2026-09-30 12:05:05,484 | prediction 77824/105181
2026-09-30 12:05:12,623 | prediction 81920/105181
2026-09-30 12:05:19,760 | prediction 86016/105181
2026-09-30 12:05:26,898 | prediction 90112/105181
2026-09-30 12:05:34,036 | prediction 94208/105181
2026-09-30 12:05:41,174 | prediction 98304/105181
2026-09-30 12:05:48,313 | prediction 102400/105181
2026-09-30 12:05:54,705 | experiments/exp03/seeds/seed44/static/aligned/online_frozen.json | up:dNone:u64:pNone
2026-09-30 12:06:01,884 | prediction 4096/105181
2026-09-30 12:06:09,031 | prediction 8192/105181
2026-09-30 12:06:16,177 | prediction 12288/105181
2026-09-30 12:06:23,324 | prediction 16384/105181
2026-09-30 12:06:30,475 | prediction 20480/105181
2026-09-30 12:06:37,623 | prediction 24576/105181
2026-09-30 12:06:44,785 | prediction 28672/105181
2026-09-30 12:06:51,959 | prediction 32768/105181
2026-09-30 12:06:59,112 | prediction 36864/105181
2026-09-30 12:07:06,277 | prediction 40960/105181
2026-09-30 12:07:13,421 | prediction 45056/105181
2026-09-30 12:07:20,565 | prediction 49152/105181
2026-09-30 12:07:27,708 | prediction 53248/105181
2026-09-30 12:07:34,854 | prediction 57344/105181
2026-09-30 12:07:41,999 | prediction 61440/105181
2026-09-30 12:07:49,141 | prediction 65536/105181
2026-09-30 12:07:56,288 | prediction 69632/105181
2026-09-30 12:08:03,430 | prediction 73728/105181
2026-09-30 12:08:10,574 | prediction 77824/105181
2026-09-30 12:08:17,721 | prediction 81920/105181
2026-09-30 12:08:24,869 | prediction 86016/105181
2026-09-30 12:08:32,013 | prediction 90112/105181
2026-09-30 12:08:39,156 | prediction 94208/105181
2026-09-30 12:08:46,300 | prediction 98304/105181
2026-09-30 12:08:53,444 | prediction 102400/105181
2026-09-30 12:08:59,839 | experiments/exp03/seeds/seed44/static/aligned/online_frozen.json | up:dNone:u76:pNone
2026-09-30 12:09:07,017 | prediction 4096/105181
2026-09-30 12:09:14,166 | prediction 8192/105181
2026-09-30 12:09:21,311 | prediction 12288/105181
2026-09-30 12:09:28,458 | prediction 16384/105181
2026-09-30 12:09:35,606 | prediction 20480/105181
2026-09-30 12:09:42,760 | prediction 24576/105181
2026-09-30 12:09:49,915 | prediction 28672/105181
2026-09-30 12:09:57,065 | prediction 32768/105181
2026-09-30 12:10:04,214 | prediction 36864/105181
2026-09-30 12:10:11,363 | prediction 40960/105181
2026-09-30 12:10:18,512 | prediction 45056/105181
2026-09-30 12:10:25,663 | prediction 49152/105181
2026-09-30 12:10:32,812 | prediction 53248/105181
2026-09-30 12:10:39,964 | prediction 57344/105181
2026-09-30 12:10:47,120 | prediction 61440/105181
2026-09-30 12:10:54,270 | prediction 65536/105181
2026-09-30 12:11:01,419 | prediction 69632/105181
2026-09-30 12:11:08,570 | prediction 73728/105181
2026-09-30 12:11:15,720 | prediction 77824/105181
2026-09-30 12:11:22,870 | prediction 81920/105181
2026-09-30 12:11:30,019 | prediction 86016/105181
2026-09-30 12:11:37,168 | prediction 90112/105181
2026-09-30 12:11:44,313 | prediction 94208/105181
2026-09-30 12:11:51,456 | prediction 98304/105181
2026-09-30 12:11:58,603 | prediction 102400/105181
2026-09-30 12:12:05,863 | experiments/exp03/seeds/seed44/static/aligned/online_frozen.json | both:d0:u0:pNone
2026-09-30 12:12:13,023 | prediction 4096/105181
2026-09-30 12:12:20,171 | prediction 8192/105181
2026-09-30 12:12:27,326 | prediction 12288/105181
2026-09-30 12:12:34,477 | prediction 16384/105181
2026-09-30 12:12:41,626 | prediction 20480/105181
2026-09-30 12:12:48,775 | prediction 24576/105181
2026-09-30 12:12:55,925 | prediction 28672/105181
2026-09-30 12:13:03,075 | prediction 32768/105181
2026-09-30 12:13:10,225 | prediction 36864/105181
2026-09-30 12:13:17,372 | prediction 40960/105181
2026-09-30 12:13:24,519 | prediction 45056/105181
2026-09-30 12:13:31,667 | prediction 49152/105181
2026-09-30 12:13:38,817 | prediction 53248/105181
2026-09-30 12:13:45,966 | prediction 57344/105181
2026-09-30 12:13:53,116 | prediction 61440/105181
2026-09-30 12:14:00,266 | prediction 65536/105181
2026-09-30 12:14:07,416 | prediction 69632/105181
2026-09-30 12:14:14,567 | prediction 73728/105181
2026-09-30 12:14:21,715 | prediction 77824/105181
2026-09-30 12:14:28,867 | prediction 81920/105181
2026-09-30 12:14:36,017 | prediction 86016/105181
2026-09-30 12:14:43,168 | prediction 90112/105181
2026-09-30 12:14:50,316 | prediction 94208/105181
2026-09-30 12:14:57,465 | prediction 98304/105181
2026-09-30 12:15:04,613 | prediction 102400/105181
2026-09-30 12:15:11,012 | experiments/exp03/seeds/seed44/static/aligned/online_frozen.json | both:d1:u1:pNone
2026-09-30 12:15:18,166 | prediction 4096/105181
2026-09-30 12:15:25,309 | prediction 8192/105181
2026-09-30 12:15:32,454 | prediction 12288/105181
2026-09-30 12:15:39,601 | prediction 16384/105181
2026-09-30 12:15:46,746 | prediction 20480/105181
2026-09-30 12:15:53,891 | prediction 24576/105181
2026-09-30 12:16:01,038 | prediction 28672/105181
2026-09-30 12:16:08,185 | prediction 32768/105181
2026-09-30 12:16:15,330 | prediction 36864/105181
2026-09-30 12:16:22,475 | prediction 40960/105181
2026-09-30 12:16:29,623 | prediction 45056/105181
2026-09-30 12:16:36,768 | prediction 49152/105181
2026-09-30 12:16:43,914 | prediction 53248/105181
2026-09-30 12:16:51,064 | prediction 57344/105181
2026-09-30 12:16:58,217 | prediction 61440/105181
2026-09-30 12:17:05,364 | prediction 65536/105181
2026-09-30 12:17:12,513 | prediction 69632/105181
2026-09-30 12:17:19,658 | prediction 73728/105181
2026-09-30 12:17:26,804 | prediction 77824/105181
2026-09-30 12:17:33,950 | prediction 81920/105181
2026-09-30 12:17:41,095 | prediction 86016/105181
2026-09-30 12:17:48,239 | prediction 90112/105181
2026-09-30 12:17:55,383 | prediction 94208/105181
2026-09-30 12:18:02,528 | prediction 98304/105181
2026-09-30 12:18:09,673 | prediction 102400/105181
2026-09-30 12:18:16,105 | experiments/exp03/seeds/seed44/static/aligned/online_frozen.json | both:d2:u2:pNone
2026-09-30 12:18:23,261 | prediction 4096/105181
2026-09-30 12:18:30,413 | prediction 8192/105181
2026-09-30 12:18:37,561 | prediction 12288/105181
2026-09-30 12:18:44,708 | prediction 16384/105181
2026-09-30 12:18:51,854 | prediction 20480/105181
2026-09-30 12:18:59,003 | prediction 24576/105181
2026-09-30 12:19:06,151 | prediction 28672/105181
2026-09-30 12:19:13,300 | prediction 32768/105181
2026-09-30 12:19:20,447 | prediction 36864/105181
2026-09-30 12:19:27,595 | prediction 40960/105181
2026-09-30 12:19:34,743 | prediction 45056/105181
2026-09-30 12:19:41,889 | prediction 49152/105181
2026-09-30 12:19:49,036 | prediction 53248/105181
2026-09-30 12:19:56,182 | prediction 57344/105181
2026-09-30 12:20:03,326 | prediction 61440/105181
2026-09-30 12:20:10,473 | prediction 65536/105181
2026-09-30 12:20:17,623 | prediction 69632/105181
2026-09-30 12:20:24,772 | prediction 73728/105181
2026-09-30 12:20:31,924 | prediction 77824/105181
2026-09-30 12:20:39,070 | prediction 81920/105181
2026-09-30 12:20:46,211 | prediction 86016/105181
2026-09-30 12:20:53,353 | prediction 90112/105181
2026-09-30 12:21:00,495 | prediction 94208/105181
2026-09-30 12:21:07,638 | prediction 98304/105181
2026-09-30 12:21:14,780 | prediction 102400/105181
2026-09-30 12:21:21,174 | experiments/exp03/seeds/seed44/static/aligned/online_frozen.json | both:d4:u4:pNone
2026-09-30 12:21:28,331 | prediction 4096/105181
2026-09-30 12:21:35,477 | prediction 8192/105181
2026-09-30 12:21:42,623 | prediction 12288/105181
2026-09-30 12:21:49,769 | prediction 16384/105181
2026-09-30 12:21:56,917 | prediction 20480/105181
2026-09-30 12:22:04,067 | prediction 24576/105181
2026-09-30 12:22:11,220 | prediction 28672/105181
2026-09-30 12:22:18,367 | prediction 32768/105181
2026-09-30 12:22:25,513 | prediction 36864/105181
2026-09-30 12:22:32,658 | prediction 40960/105181
2026-09-30 12:22:39,805 | prediction 45056/105181
2026-09-30 12:22:46,953 | prediction 49152/105181
2026-09-30 12:22:54,100 | prediction 53248/105181
2026-09-30 12:23:01,247 | prediction 57344/105181
2026-09-30 12:23:08,392 | prediction 61440/105181
2026-09-30 12:23:15,538 | prediction 65536/105181
2026-09-30 12:23:22,683 | prediction 69632/105181
2026-09-30 12:23:29,826 | prediction 73728/105181
2026-09-30 12:23:36,974 | prediction 77824/105181
2026-09-30 12:23:44,122 | prediction 81920/105181
2026-09-30 12:23:51,269 | prediction 86016/105181
2026-09-30 12:23:58,415 | prediction 90112/105181
2026-09-30 12:24:05,562 | prediction 94208/105181
2026-09-30 12:24:12,707 | prediction 98304/105181
2026-09-30 12:24:19,854 | prediction 102400/105181
2026-09-30 12:24:26,264 | experiments/exp03/seeds/seed44/static/aligned/online_frozen.json | both:d8:u8:pNone
2026-09-30 12:24:33,422 | prediction 4096/105181
2026-09-30 12:24:40,568 | prediction 8192/105181
2026-09-30 12:24:47,715 | prediction 12288/105181
2026-09-30 12:24:54,867 | prediction 16384/105181
2026-09-30 12:25:02,007 | prediction 20480/105181
2026-09-30 12:25:09,153 | prediction 24576/105181
2026-09-30 12:25:16,298 | prediction 28672/105181
2026-09-30 12:25:23,446 | prediction 32768/105181
2026-09-30 12:25:30,592 | prediction 36864/105181
2026-09-30 12:25:37,739 | prediction 40960/105181
2026-09-30 12:25:44,886 | prediction 45056/105181
2026-09-30 12:25:52,036 | prediction 49152/105181
2026-09-30 12:25:59,182 | prediction 53248/105181
2026-09-30 12:26:06,330 | prediction 57344/105181
2026-09-30 12:26:13,477 | prediction 61440/105181
2026-09-30 12:26:20,623 | prediction 65536/105181
2026-09-30 12:26:27,774 | prediction 69632/105181
2026-09-30 12:26:34,924 | prediction 73728/105181
2026-09-30 12:26:42,074 | prediction 77824/105181
2026-09-30 12:26:49,226 | prediction 81920/105181
2026-09-30 12:26:56,379 | prediction 86016/105181
2026-09-30 12:27:03,532 | prediction 90112/105181
2026-09-30 12:27:10,678 | prediction 94208/105181
2026-09-30 12:27:17,826 | prediction 98304/105181
2026-09-30 12:27:24,974 | prediction 102400/105181
2026-09-30 12:27:31,426 | experiments/exp03/seeds/seed44/static/aligned/online_frozen.json | both:d16:u16:pNone
2026-09-30 12:27:38,598 | prediction 4096/105181
2026-09-30 12:27:45,744 | prediction 8192/105181
2026-09-30 12:27:52,890 | prediction 12288/105181
2026-09-30 12:28:00,034 | prediction 16384/105181
2026-09-30 12:28:07,178 | prediction 20480/105181
2026-09-30 12:28:14,323 | prediction 24576/105181
2026-09-30 12:28:21,469 | prediction 28672/105181
2026-09-30 12:28:28,618 | prediction 32768/105181
2026-09-30 12:28:35,769 | prediction 36864/105181
2026-09-30 12:28:42,914 | prediction 40960/105181
2026-09-30 12:28:50,061 | prediction 45056/105181
2026-09-30 12:28:57,215 | prediction 49152/105181
2026-09-30 12:29:04,367 | prediction 53248/105181
2026-09-30 12:29:11,519 | prediction 57344/105181
2026-09-30 12:29:18,670 | prediction 61440/105181
2026-09-30 12:29:25,821 | prediction 65536/105181
2026-09-30 12:29:32,973 | prediction 69632/105181
2026-09-30 12:29:40,125 | prediction 73728/105181
2026-09-30 12:29:47,277 | prediction 77824/105181
2026-09-30 12:29:54,428 | prediction 81920/105181
2026-09-30 12:30:01,579 | prediction 86016/105181
2026-09-30 12:30:08,732 | prediction 90112/105181
2026-09-30 12:30:15,884 | prediction 94208/105181
2026-09-30 12:30:23,037 | prediction 98304/105181
2026-09-30 12:30:30,193 | prediction 102400/105181
2026-09-30 12:30:36,600 | experiments/exp03/seeds/seed44/static/aligned/online_frozen.json | both:d32:u32:pNone
2026-09-30 12:30:43,793 | prediction 4096/105181
2026-09-30 12:30:50,950 | prediction 8192/105181
2026-09-30 12:30:58,107 | prediction 12288/105181
2026-09-30 12:31:05,257 | prediction 16384/105181
2026-09-30 12:31:12,412 | prediction 20480/105181
2026-09-30 12:31:19,569 | prediction 24576/105181
2026-09-30 12:31:26,725 | prediction 28672/105181
2026-09-30 12:31:33,881 | prediction 32768/105181
2026-09-30 12:31:41,038 | prediction 36864/105181
2026-09-30 12:31:48,193 | prediction 40960/105181
2026-09-30 12:31:55,348 | prediction 45056/105181
2026-09-30 12:32:02,503 | prediction 49152/105181
2026-09-30 12:32:09,657 | prediction 53248/105181
2026-09-30 12:32:16,811 | prediction 57344/105181
2026-09-30 12:32:23,965 | prediction 61440/105181
2026-09-30 12:32:31,125 | prediction 65536/105181
2026-09-30 12:32:38,282 | prediction 69632/105181
2026-09-30 12:32:45,440 | prediction 73728/105181
2026-09-30 12:32:52,599 | prediction 77824/105181
2026-09-30 12:32:59,757 | prediction 81920/105181
2026-09-30 12:33:06,911 | prediction 86016/105181
2026-09-30 12:33:14,061 | prediction 90112/105181
2026-09-30 12:33:21,210 | prediction 94208/105181
2026-09-30 12:33:28,363 | prediction 98304/105181
2026-09-30 12:33:35,514 | prediction 102400/105181
2026-09-30 12:33:41,917 | experiments/exp03/seeds/seed44/static/aligned/online_frozen.json | both:d48:u48:pNone
2026-09-30 12:33:49,099 | prediction 4096/105181
2026-09-30 12:33:56,248 | prediction 8192/105181
2026-09-30 12:34:03,399 | prediction 12288/105181
2026-09-30 12:34:10,548 | prediction 16384/105181
2026-09-30 12:34:17,696 | prediction 20480/105181
2026-09-30 12:34:24,843 | prediction 24576/105181
2026-09-30 12:34:31,991 | prediction 28672/105181
2026-09-30 12:34:39,138 | prediction 32768/105181
2026-09-30 12:34:46,283 | prediction 36864/105181
2026-09-30 12:34:53,428 | prediction 40960/105181
2026-09-30 12:35:00,576 | prediction 45056/105181
2026-09-30 12:35:07,726 | prediction 49152/105181
2026-09-30 12:35:14,869 | prediction 53248/105181
2026-09-30 12:35:22,013 | prediction 57344/105181
2026-09-30 12:35:29,159 | prediction 61440/105181
2026-09-30 12:35:36,303 | prediction 65536/105181
2026-09-30 12:35:43,447 | prediction 69632/105181
2026-09-30 12:35:50,591 | prediction 73728/105181
2026-09-30 12:35:57,735 | prediction 77824/105181
2026-09-30 12:36:04,880 | prediction 81920/105181
2026-09-30 12:36:12,026 | prediction 86016/105181
2026-09-30 12:36:19,170 | prediction 90112/105181
2026-09-30 12:36:26,317 | prediction 94208/105181
2026-09-30 12:36:33,464 | prediction 98304/105181
2026-09-30 12:36:40,610 | prediction 102400/105181
2026-09-30 12:36:47,041 | experiments/exp03/seeds/seed44/static/aligned/online_frozen.json | both:d64:u64:pNone
2026-09-30 12:36:54,221 | prediction 4096/105181
2026-09-30 12:37:01,368 | prediction 8192/105181
2026-09-30 12:37:08,516 | prediction 12288/105181
2026-09-30 12:37:15,663 | prediction 16384/105181
2026-09-30 12:37:22,810 | prediction 20480/105181
2026-09-30 12:37:29,956 | prediction 24576/105181
2026-09-30 12:37:37,105 | prediction 28672/105181
2026-09-30 12:37:44,250 | prediction 32768/105181
2026-09-30 12:37:51,401 | prediction 36864/105181
2026-09-30 12:37:58,548 | prediction 40960/105181
2026-09-30 12:38:05,697 | prediction 45056/105181
2026-09-30 12:38:12,844 | prediction 49152/105181
2026-09-30 12:38:19,990 | prediction 53248/105181
2026-09-30 12:38:27,138 | prediction 57344/105181
2026-09-30 12:38:34,287 | prediction 61440/105181
2026-09-30 12:38:41,436 | prediction 65536/105181
2026-09-30 12:38:48,583 | prediction 69632/105181
2026-09-30 12:38:55,729 | prediction 73728/105181
2026-09-30 12:39:02,875 | prediction 77824/105181
2026-09-30 12:39:10,024 | prediction 81920/105181
2026-09-30 12:39:17,171 | prediction 86016/105181
2026-09-30 12:39:24,320 | prediction 90112/105181
2026-09-30 12:39:31,465 | prediction 94208/105181
2026-09-30 12:39:38,613 | prediction 98304/105181
2026-09-30 12:39:45,759 | prediction 102400/105181
2026-09-30 12:39:52,159 | experiments/exp03/seeds/seed44/static/aligned/online_frozen.json | both:d76:u76:pNone
2026-09-30 12:39:59,342 | prediction 4096/105181
2026-09-30 12:40:06,492 | prediction 8192/105181
2026-09-30 12:40:13,639 | prediction 12288/105181
2026-09-30 12:40:20,782 | prediction 16384/105181
2026-09-30 12:40:27,931 | prediction 20480/105181
2026-09-30 12:40:35,077 | prediction 24576/105181
2026-09-30 12:40:42,223 | prediction 28672/105181
2026-09-30 12:40:49,369 | prediction 32768/105181
2026-09-30 12:40:56,514 | prediction 36864/105181
2026-09-30 12:41:03,660 | prediction 40960/105181
2026-09-30 12:41:10,804 | prediction 45056/105181
2026-09-30 12:41:17,949 | prediction 49152/105181
2026-09-30 12:41:25,093 | prediction 53248/105181
2026-09-30 12:41:32,244 | prediction 57344/105181
2026-09-30 12:41:39,399 | prediction 61440/105181
2026-09-30 12:41:46,551 | prediction 65536/105181
2026-09-30 12:41:53,704 | prediction 69632/105181
2026-09-30 12:42:00,854 | prediction 73728/105181
2026-09-30 12:42:08,006 | prediction 77824/105181
2026-09-30 12:42:15,155 | prediction 81920/105181
2026-09-30 12:42:22,299 | prediction 86016/105181
2026-09-30 12:42:29,451 | prediction 90112/105181
2026-09-30 12:42:36,600 | prediction 94208/105181
2026-09-30 12:42:43,744 | prediction 98304/105181
2026-09-30 12:42:50,887 | prediction 102400/105181
2026-09-30 12:43:34,848 | Original online 1000/105181 updates=673
2026-09-30 12:43:59,370 | Original online 2000/105181 updates=1328
2026-09-30 12:44:15,429 | Original online 3000/105181 updates=1656
2026-09-30 12:44:32,345 | Original online 4000/105181 updates=2017
2026-09-30 12:44:57,436 | Original online 5000/105181 updates=2689
2026-09-30 12:45:21,244 | Original online 6000/105181 updates=3312
2026-09-30 12:45:37,345 | Original online 7000/105181 updates=3640
2026-09-30 12:45:55,165 | Original online 8000/105181 updates=4033
2026-09-30 12:46:20,334 | Original online 9000/105181 updates=4705
2026-09-30 12:46:43,336 | Original online 10000/105181 updates=5296
2026-09-30 12:46:59,448 | Original online 11000/105181 updates=5624
2026-09-30 12:47:18,165 | Original online 12000/105181 updates=6049
2026-09-30 12:47:43,396 | Original online 13000/105181 updates=6721
2026-09-30 12:48:05,610 | Original online 14000/105181 updates=7280
2026-09-30 12:48:21,783 | Original online 15000/105181 updates=7608
2026-09-30 12:48:41,362 | Original online 16000/105181 updates=8065
2026-09-30 12:49:06,540 | Original online 17000/105181 updates=8737
2026-09-30 12:49:27,889 | Original online 18000/105181 updates=9264
2026-09-30 12:49:44,010 | Original online 19000/105181 updates=9592
2026-09-30 12:50:04,394 | Original online 20000/105181 updates=10081
2026-09-30 12:50:29,595 | Original online 21000/105181 updates=10753
2026-09-30 12:50:50,130 | Original online 22000/105181 updates=11248
2026-09-30 12:51:06,304 | Original online 23000/105181 updates=11576
2026-09-30 12:51:27,564 | Original online 24000/105181 updates=12097
2026-09-30 12:51:52,790 | Original online 25000/105181 updates=12769
2026-09-30 12:52:12,496 | Original online 26000/105181 updates=13232
2026-09-30 12:52:28,696 | Original online 27000/105181 updates=13560
2026-09-30 12:52:50,815 | Original online 28000/105181 updates=14113
2026-09-30 12:53:16,065 | Original online 29000/105181 updates=14785
2026-09-30 12:53:34,945 | Original online 30000/105181 updates=15216
2026-09-30 12:53:51,163 | Original online 31000/105181 updates=15544
2026-09-30 12:54:14,154 | Original online 32000/105181 updates=16129
2026-09-30 12:54:39,463 | Original online 33000/105181 updates=16801
2026-09-30 12:54:57,511 | Original online 34000/105181 updates=17200
2026-09-30 12:55:13,728 | Original online 35000/105181 updates=17528
2026-09-30 12:55:37,560 | Original online 36000/105181 updates=18145
2026-09-30 12:56:02,866 | Original online 37000/105181 updates=18817
2026-09-30 12:56:20,087 | Original online 38000/105181 updates=19184
2026-09-30 12:56:36,351 | Original online 39000/105181 updates=19512
2026-09-30 12:57:01,067 | Original online 40000/105181 updates=20161
2026-09-30 12:57:26,393 | Original online 41000/105181 updates=20833
2026-09-30 12:57:42,775 | Original online 42000/105181 updates=21168
2026-09-30 12:57:59,260 | Original online 43000/105181 updates=21505
2026-09-30 12:58:24,625 | Original online 44000/105181 updates=22177
2026-09-30 12:58:49,288 | Original online 45000/105181 updates=22824
2026-09-30 12:59:05,520 | Original online 46000/105181 updates=23152
2026-09-30 12:59:22,880 | Original online 47000/105181 updates=23521
2026-09-30 12:59:48,247 | Original online 48000/105181 updates=24193
2026-09-30 13:00:12,073 | Original online 49000/105181 updates=24808
2026-09-30 13:00:28,330 | Original online 50000/105181 updates=25136
2026-09-30 13:00:46,538 | Original online 51000/105181 updates=25537
2026-09-30 13:01:11,932 | Original online 52000/105181 updates=26209
2026-09-30 13:01:34,944 | Original online 53000/105181 updates=26792
2026-09-30 13:01:51,197 | Original online 54000/105181 updates=27120
2026-09-30 13:02:10,268 | Original online 55000/105181 updates=27553
2026-09-30 13:02:35,714 | Original online 56000/105181 updates=28225
2026-09-30 13:02:57,909 | Original online 57000/105181 updates=28776
2026-09-30 13:03:14,152 | Original online 58000/105181 updates=29104
2026-09-30 13:03:34,071 | Original online 59000/105181 updates=29569
2026-09-30 13:03:59,482 | Original online 60000/105181 updates=30241
2026-09-30 13:04:20,810 | Original online 61000/105181 updates=30760
2026-09-30 13:04:37,089 | Original online 62000/105181 updates=31088
2026-09-30 13:04:57,868 | Original online 63000/105181 updates=31585
2026-09-30 13:05:23,316 | Original online 64000/105181 updates=32257
2026-09-30 13:05:43,795 | Original online 65000/105181 updates=32744
2026-09-30 13:06:00,081 | Original online 66000/105181 updates=33072
2026-09-30 13:06:21,747 | Original online 67000/105181 updates=33601
2026-09-30 13:06:47,198 | Original online 68000/105181 updates=34273
2026-09-30 13:07:06,827 | Original online 69000/105181 updates=34728
2026-09-30 13:07:23,130 | Original online 70000/105181 updates=35056
2026-09-30 13:07:45,645 | Original online 71000/105181 updates=35617
2026-09-30 13:08:11,105 | Original online 72000/105181 updates=36289
2026-09-30 13:08:29,910 | Original online 73000/105181 updates=36712
2026-09-30 13:08:46,232 | Original online 74000/105181 updates=37040
2026-09-30 13:09:09,600 | Original online 75000/105181 updates=37633
2026-09-30 13:09:35,079 | Original online 76000/105181 updates=38305
2026-09-30 13:09:53,007 | Original online 77000/105181 updates=38696
2026-09-30 13:10:09,318 | Original online 78000/105181 updates=39024
2026-09-30 13:10:33,562 | Original online 79000/105181 updates=39649
2026-09-30 13:10:59,060 | Original online 80000/105181 updates=40321
2026-09-30 13:11:16,152 | Original online 81000/105181 updates=40680
2026-09-30 13:11:32,474 | Original online 82000/105181 updates=41008
2026-09-30 13:11:57,553 | Original online 83000/105181 updates=41665
2026-09-30 13:12:23,024 | Original online 84000/105181 updates=42336
2026-09-30 13:12:39,312 | Original online 85000/105181 updates=42664
2026-09-30 13:12:56,090 | Original online 86000/105181 updates=43009
2026-09-30 13:13:21,630 | Original online 87000/105181 updates=43681
2026-09-30 13:13:46,221 | Original online 88000/105181 updates=44320
2026-09-30 13:14:02,525 | Original online 89000/105181 updates=44648
2026-09-30 13:14:20,186 | Original online 90000/105181 updates=45025
2026-09-30 13:14:45,762 | Original online 91000/105181 updates=45697
2026-09-30 13:15:09,557 | Original online 92000/105181 updates=46304
2026-09-30 13:15:25,884 | Original online 93000/105181 updates=46632
2026-09-30 13:15:44,393 | Original online 94000/105181 updates=47041
2026-09-30 13:16:09,935 | Original online 95000/105181 updates=47713
2026-09-30 13:16:32,857 | Original online 96000/105181 updates=48288
2026-09-30 13:16:49,168 | Original online 97000/105181 updates=48616
2026-09-30 13:17:08,540 | Original online 98000/105181 updates=49057
2026-09-30 13:17:34,098 | Original online 99000/105181 updates=49729
2026-09-30 13:17:56,175 | Original online 100000/105181 updates=50272
2026-09-30 13:18:12,513 | Original online 101000/105181 updates=50600
2026-09-30 13:18:32,760 | Original online 102000/105181 updates=51073
2026-09-30 13:18:58,333 | Original online 103000/105181 updates=51745
2026-09-30 13:19:19,577 | Original online 104000/105181 updates=52256
2026-09-30 13:19:35,946 | Original online 105000/105181 updates=52584
2026-09-30 13:19:42,160 | Original online 105181/105181 updates=52765
2026-09-30 13:19:45,443 | snapshot analysis step=-1
2026-09-30 13:20:23,975 | snapshot analysis step=671
2026-09-30 13:21:02,466 | snapshot analysis step=1343
2026-09-30 13:21:40,975 | snapshot analysis step=2015
2026-09-30 13:22:19,471 | snapshot analysis step=2687
2026-09-30 13:22:57,984 | snapshot analysis step=3359
2026-09-30 13:23:36,489 | snapshot analysis step=4031
2026-09-30 13:24:15,001 | snapshot analysis step=4703
2026-09-30 13:24:53,561 | snapshot analysis step=5375
2026-09-30 13:25:32,079 | snapshot analysis step=6047
2026-09-30 13:26:10,610 | snapshot analysis step=6719
2026-09-30 13:26:49,154 | snapshot analysis step=7391
2026-09-30 13:27:27,703 | snapshot analysis step=8063
2026-09-30 13:28:06,243 | snapshot analysis step=8735
2026-09-30 13:28:44,940 | snapshot analysis step=9407
2026-09-30 13:29:23,621 | snapshot analysis step=10079
2026-09-30 13:30:02,294 | snapshot analysis step=10751
2026-09-30 13:30:40,959 | snapshot analysis step=11423
2026-09-30 13:31:19,689 | snapshot analysis step=12095
2026-09-30 13:31:58,385 | snapshot analysis step=12767
2026-09-30 13:32:37,163 | snapshot analysis step=13439
2026-09-30 13:33:15,917 | snapshot analysis step=14111
2026-09-30 13:33:54,752 | snapshot analysis step=14783
2026-09-30 13:34:33,519 | snapshot analysis step=15455
2026-09-30 13:35:12,496 | snapshot analysis step=16127
2026-09-30 13:35:51,361 | snapshot analysis step=16799
2026-09-30 13:36:30,341 | snapshot analysis step=17471
2026-09-30 13:37:09,256 | snapshot analysis step=18143
2026-09-30 13:37:48,219 | snapshot analysis step=18815
2026-09-30 13:38:27,148 | snapshot analysis step=19487
2026-09-30 13:39:06,058 | snapshot analysis step=20159
2026-09-30 13:39:45,040 | snapshot analysis step=20831
2026-09-30 13:40:24,013 | snapshot analysis step=21503
2026-09-30 13:41:03,057 | snapshot analysis step=22175
2026-09-30 13:41:42,048 | snapshot analysis step=22847
2026-09-30 13:42:21,083 | snapshot analysis step=23519
2026-09-30 13:42:59,991 | snapshot analysis step=24191
2026-09-30 13:43:39,041 | snapshot analysis step=24863
2026-09-30 13:44:17,974 | snapshot analysis step=25535
2026-09-30 13:44:57,100 | snapshot analysis step=26207
2026-09-30 13:45:36,154 | snapshot analysis step=26879
2026-09-30 13:46:15,334 | snapshot analysis step=27551
2026-09-30 13:46:54,437 | snapshot analysis step=28223
2026-09-30 13:47:33,572 | snapshot analysis step=28895
2026-09-30 13:48:12,700 | snapshot analysis step=29567
2026-09-30 13:48:51,780 | snapshot analysis step=30239
2026-09-30 13:49:30,832 | snapshot analysis step=30911
2026-09-30 13:50:09,959 | snapshot analysis step=31583
2026-09-30 13:50:49,092 | snapshot analysis step=32255
2026-09-30 13:51:28,205 | snapshot analysis step=32927
2026-09-30 13:52:07,392 | snapshot analysis step=33599
2026-09-30 13:52:46,541 | snapshot analysis step=34271
2026-09-30 13:53:25,724 | snapshot analysis step=34943
2026-09-30 13:54:04,882 | snapshot analysis step=35615
2026-09-30 13:54:44,047 | snapshot analysis step=36287
2026-09-30 13:55:23,228 | snapshot analysis step=36959
2026-09-30 13:56:02,432 | snapshot analysis step=37631
2026-09-30 13:56:41,692 | snapshot analysis step=38303
2026-09-30 13:57:20,875 | snapshot analysis step=38975
2026-09-30 13:58:00,007 | snapshot analysis step=39647
2026-09-30 13:58:39,176 | snapshot analysis step=40319
2026-09-30 13:59:18,402 | snapshot analysis step=40991
2026-09-30 13:59:57,669 | snapshot analysis step=41663
2026-09-30 14:00:36,996 | snapshot analysis step=42335
2026-09-30 14:01:16,131 | snapshot analysis step=43007
2026-09-30 14:01:55,380 | snapshot analysis step=43679
2026-09-30 14:02:34,623 | snapshot analysis step=44351
2026-09-30 14:03:13,806 | snapshot analysis step=45023
2026-09-30 14:03:52,935 | snapshot analysis step=45695
2026-09-30 14:04:32,110 | snapshot analysis step=46367
2026-09-30 14:05:11,314 | snapshot analysis step=47039
2026-09-30 14:05:50,472 | snapshot analysis step=47711
2026-09-30 14:06:29,656 | snapshot analysis step=48383
2026-09-30 14:07:08,879 | snapshot analysis step=49055
2026-09-30 14:07:48,125 | snapshot analysis step=49727
2026-09-30 14:08:27,630 | snapshot analysis step=50399
2026-09-30 14:09:06,926 | snapshot analysis step=51071
2026-09-30 14:09:46,183 | snapshot analysis step=51743
2026-09-30 14:10:25,482 | snapshot analysis step=52415
2026-09-30 14:11:04,742 | snapshot analysis step=53087
2026-09-30 14:11:44,089 | snapshot analysis step=53759
2026-09-30 14:12:23,410 | snapshot analysis step=54431
2026-09-30 14:13:02,868 | snapshot analysis step=55103
2026-09-30 14:13:42,267 | snapshot analysis step=55775
2026-09-30 14:14:21,620 | snapshot analysis step=56447
2026-09-30 14:15:00,961 | snapshot analysis step=57119
2026-09-30 14:15:40,377 | snapshot analysis step=57791
2026-09-30 14:16:19,813 | snapshot analysis step=58463
2026-09-30 14:16:59,265 | snapshot analysis step=59135
2026-09-30 14:17:38,619 | snapshot analysis step=59807
2026-09-30 14:18:18,111 | snapshot analysis step=60479
2026-09-30 14:18:57,585 | snapshot analysis step=61151
2026-09-30 14:19:36,916 | snapshot analysis step=61823
2026-09-30 14:20:16,233 | snapshot analysis step=62495
2026-09-30 14:20:55,636 | snapshot analysis step=63167
2026-09-30 14:21:34,983 | snapshot analysis step=63839
2026-09-30 14:22:14,361 | snapshot analysis step=64511
2026-09-30 14:22:53,772 | snapshot analysis step=65183
2026-09-30 14:23:33,094 | snapshot analysis step=65855
2026-09-30 14:24:12,489 | snapshot analysis step=66527
2026-09-30 14:24:52,002 | snapshot analysis step=67199
2026-09-30 14:25:31,377 | snapshot analysis step=67871
2026-09-30 14:26:10,819 | snapshot analysis step=68543
2026-09-30 14:26:50,202 | snapshot analysis step=69215
2026-09-30 14:27:29,638 | snapshot analysis step=69887
2026-09-30 14:28:09,017 | snapshot analysis step=70559
2026-09-30 14:28:48,505 | snapshot analysis step=71231
2026-09-30 14:29:27,931 | snapshot analysis step=71903
2026-09-30 14:30:07,481 | snapshot analysis step=72575
2026-09-30 14:30:47,011 | snapshot analysis step=73247
2026-09-30 14:31:26,506 | snapshot analysis step=73919
2026-09-30 14:32:06,170 | snapshot analysis step=74591
2026-09-30 14:32:45,747 | snapshot analysis step=75263
2026-09-30 14:33:25,371 | snapshot analysis step=75935
2026-09-30 14:34:04,869 | snapshot analysis step=76607
2026-09-30 14:34:44,436 | snapshot analysis step=77279
2026-09-30 14:35:24,015 | snapshot analysis step=77951
2026-09-30 14:36:03,571 | snapshot analysis step=78623
2026-09-30 14:36:43,179 | snapshot analysis step=79295
2026-09-30 14:37:22,780 | snapshot analysis step=79967
2026-09-30 14:38:02,452 | snapshot analysis step=80639
2026-09-30 14:38:42,176 | snapshot analysis step=81311
2026-09-30 14:39:21,947 | snapshot analysis step=81983
2026-09-30 14:40:01,643 | snapshot analysis step=82655
2026-09-30 14:40:41,436 | snapshot analysis step=83327
2026-09-30 14:41:21,209 | snapshot analysis step=83999
2026-09-30 14:42:00,977 | snapshot analysis step=84671
2026-09-30 14:42:40,661 | snapshot analysis step=85343
2026-09-30 14:43:20,415 | snapshot analysis step=86015
2026-09-30 14:44:00,101 | snapshot analysis step=86687
2026-09-30 14:44:39,850 | snapshot analysis step=87359
2026-09-30 14:45:19,673 | snapshot analysis step=88031
2026-09-30 14:45:59,611 | snapshot analysis step=88703
2026-09-30 14:46:39,518 | snapshot analysis step=89375
2026-09-30 14:47:19,432 | snapshot analysis step=90047
2026-09-30 14:47:59,361 | snapshot analysis step=90719
2026-09-30 14:48:39,193 | snapshot analysis step=91391
2026-09-30 14:49:19,091 | snapshot analysis step=92063
2026-09-30 14:49:59,083 | snapshot analysis step=92735
2026-09-30 14:50:39,043 | snapshot analysis step=93407
2026-09-30 14:51:18,934 | snapshot analysis step=94079
2026-09-30 14:51:58,758 | snapshot analysis step=94751
2026-09-30 14:52:38,684 | snapshot analysis step=95423
2026-09-30 14:53:18,674 | snapshot analysis step=96095
2026-09-30 14:53:58,510 | snapshot analysis step=96767
2026-09-30 14:54:38,498 | snapshot analysis step=97439
2026-09-30 14:55:18,503 | snapshot analysis step=98111
2026-09-30 14:55:58,432 | snapshot analysis step=98783
2026-09-30 14:56:38,280 | snapshot analysis step=99455
2026-09-30 14:57:18,187 | snapshot analysis step=100127
2026-09-30 14:57:58,163 | snapshot analysis step=100799
2026-09-30 14:58:38,190 | snapshot analysis step=101471
2026-09-30 14:59:18,209 | snapshot analysis step=102143
2026-09-30 14:59:58,298 | snapshot analysis step=102815
2026-09-30 15:00:38,361 | snapshot analysis step=103487
2026-09-30 15:01:18,443 | snapshot analysis step=104159
2026-09-30 15:01:58,518 | snapshot analysis step=104831
