2026-09-30 22:56:48,027 | exp03 seed=46 stage=all scope=full
2026-09-30 22:57:08,277 | prediction 4096/7002
2026-09-30 22:57:13,398 | experiments/exp03/seeds/seed46/static/as_stored/validation.json | original:dNone:uNone:pNone
2026-09-30 22:57:14,122 | experiments/exp03/seeds/seed46/static/as_stored/validation.json | bypass:dNone:uNone:pNone
2026-09-30 22:57:21,309 | prediction 4096/7002
2026-09-30 22:57:27,108 | experiments/exp03/seeds/seed46/static/as_stored/validation.json | down:d0:uNone:pNone
2026-09-30 22:57:34,316 | prediction 4096/7002
2026-09-30 22:57:40,125 | experiments/exp03/seeds/seed46/static/as_stored/validation.json | down:d1:uNone:pNone
2026-09-30 22:57:47,333 | prediction 4096/7002
2026-09-30 22:57:53,143 | experiments/exp03/seeds/seed46/static/as_stored/validation.json | down:d2:uNone:pNone
2026-09-30 22:58:00,348 | prediction 4096/7002
2026-09-30 22:58:06,156 | experiments/exp03/seeds/seed46/static/as_stored/validation.json | down:d4:uNone:pNone
2026-09-30 22:58:13,364 | prediction 4096/7002
2026-09-30 22:58:19,178 | experiments/exp03/seeds/seed46/static/as_stored/validation.json | down:d8:uNone:pNone
2026-09-30 22:58:26,389 | prediction 4096/7002
2026-09-30 22:58:32,203 | experiments/exp03/seeds/seed46/static/as_stored/validation.json | down:d16:uNone:pNone
2026-09-30 22:58:39,409 | prediction 4096/7002
2026-09-30 22:58:45,218 | experiments/exp03/seeds/seed46/static/as_stored/validation.json | down:d32:uNone:pNone
2026-09-30 22:58:52,448 | prediction 4096/7002
2026-09-30 22:58:58,256 | experiments/exp03/seeds/seed46/static/as_stored/validation.json | down:d48:uNone:pNone
2026-09-30 22:59:05,486 | prediction 4096/7002
2026-09-30 22:59:11,300 | experiments/exp03/seeds/seed46/static/as_stored/validation.json | down:d64:uNone:pNone
2026-09-30 22:59:18,529 | prediction 4096/7002
2026-09-30 22:59:24,341 | experiments/exp03/seeds/seed46/static/as_stored/validation.json | down:d76:uNone:pNone
2026-09-30 22:59:31,579 | prediction 4096/7002
2026-09-30 22:59:37,426 | experiments/exp03/seeds/seed46/static/as_stored/validation.json | up:dNone:u0:pNone
2026-09-30 22:59:44,634 | prediction 4096/7002
2026-09-30 22:59:50,444 | experiments/exp03/seeds/seed46/static/as_stored/validation.json | up:dNone:u1:pNone
2026-09-30 22:59:57,645 | prediction 4096/7002
2026-09-30 23:00:03,445 | experiments/exp03/seeds/seed46/static/as_stored/validation.json | up:dNone:u2:pNone
2026-09-30 23:00:10,651 | prediction 4096/7002
2026-09-30 23:00:16,462 | experiments/exp03/seeds/seed46/static/as_stored/validation.json | up:dNone:u4:pNone
2026-09-30 23:00:23,664 | prediction 4096/7002
2026-09-30 23:00:29,474 | experiments/exp03/seeds/seed46/static/as_stored/validation.json | up:dNone:u8:pNone
2026-09-30 23:00:36,680 | prediction 4096/7002
2026-09-30 23:00:42,480 | experiments/exp03/seeds/seed46/static/as_stored/validation.json | up:dNone:u16:pNone
2026-09-30 23:00:49,685 | prediction 4096/7002
2026-09-30 23:00:55,499 | experiments/exp03/seeds/seed46/static/as_stored/validation.json | up:dNone:u32:pNone
2026-09-30 23:01:02,695 | prediction 4096/7002
2026-09-30 23:01:08,494 | experiments/exp03/seeds/seed46/static/as_stored/validation.json | up:dNone:u48:pNone
2026-09-30 23:01:15,722 | prediction 4096/7002
2026-09-30 23:01:21,533 | experiments/exp03/seeds/seed46/static/as_stored/validation.json | up:dNone:u64:pNone
2026-09-30 23:01:28,766 | prediction 4096/7002
2026-09-30 23:01:34,585 | experiments/exp03/seeds/seed46/static/as_stored/validation.json | up:dNone:u76:pNone
2026-09-30 23:01:41,816 | prediction 4096/7002
2026-09-30 23:01:47,635 | experiments/exp03/seeds/seed46/static/as_stored/validation.json | both:d0:u0:pNone
2026-09-30 23:01:54,802 | prediction 4096/7002
2026-09-30 23:02:00,581 | experiments/exp03/seeds/seed46/static/as_stored/validation.json | both:d0:u1:pNone
2026-09-30 23:02:07,753 | prediction 4096/7002
2026-09-30 23:02:13,543 | experiments/exp03/seeds/seed46/static/as_stored/validation.json | both:d0:u2:pNone
2026-09-30 23:02:20,713 | prediction 4096/7002
2026-09-30 23:02:26,497 | experiments/exp03/seeds/seed46/static/as_stored/validation.json | both:d0:u4:pNone
2026-09-30 23:02:33,669 | prediction 4096/7002
2026-09-30 23:02:39,453 | experiments/exp03/seeds/seed46/static/as_stored/validation.json | both:d0:u8:pNone
2026-09-30 23:02:46,627 | prediction 4096/7002
2026-09-30 23:02:52,424 | experiments/exp03/seeds/seed46/static/as_stored/validation.json | both:d0:u16:pNone
2026-09-30 23:02:59,623 | prediction 4096/7002
2026-09-30 23:03:05,429 | experiments/exp03/seeds/seed46/static/as_stored/validation.json | both:d0:u32:pNone
2026-09-30 23:03:12,654 | prediction 4096/7002
2026-09-30 23:03:18,463 | experiments/exp03/seeds/seed46/static/as_stored/validation.json | both:d0:u48:pNone
2026-09-30 23:03:25,648 | prediction 4096/7002
2026-09-30 23:03:31,456 | experiments/exp03/seeds/seed46/static/as_stored/validation.json | both:d0:u64:pNone
2026-09-30 23:03:38,681 | prediction 4096/7002
2026-09-30 23:03:44,478 | experiments/exp03/seeds/seed46/static/as_stored/validation.json | both:d0:u76:pNone
2026-09-30 23:03:51,709 | prediction 4096/7002
2026-09-30 23:03:57,529 | experiments/exp03/seeds/seed46/static/as_stored/validation.json | both:d1:u0:pNone
2026-09-30 23:04:04,738 | prediction 4096/7002
2026-09-30 23:04:10,530 | experiments/exp03/seeds/seed46/static/as_stored/validation.json | both:d1:u1:pNone
2026-09-30 23:04:17,712 | prediction 4096/7002
2026-09-30 23:04:23,506 | experiments/exp03/seeds/seed46/static/as_stored/validation.json | both:d1:u2:pNone
2026-09-30 23:04:30,690 | prediction 4096/7002
2026-09-30 23:04:36,494 | experiments/exp03/seeds/seed46/static/as_stored/validation.json | both:d1:u4:pNone
2026-09-30 23:04:43,680 | prediction 4096/7002
2026-09-30 23:04:49,475 | experiments/exp03/seeds/seed46/static/as_stored/validation.json | both:d1:u8:pNone
2026-09-30 23:04:56,665 | prediction 4096/7002
2026-09-30 23:05:02,464 | experiments/exp03/seeds/seed46/static/as_stored/validation.json | both:d1:u16:pNone
2026-09-30 23:05:09,658 | prediction 4096/7002
2026-09-30 23:05:15,486 | experiments/exp03/seeds/seed46/static/as_stored/validation.json | both:d1:u32:pNone
2026-09-30 23:05:22,726 | prediction 4096/7002
2026-09-30 23:05:28,549 | experiments/exp03/seeds/seed46/static/as_stored/validation.json | both:d1:u48:pNone
2026-09-30 23:05:35,761 | prediction 4096/7002
2026-09-30 23:05:41,556 | experiments/exp03/seeds/seed46/static/as_stored/validation.json | both:d1:u64:pNone
2026-09-30 23:05:48,766 | prediction 4096/7002
2026-09-30 23:05:54,574 | experiments/exp03/seeds/seed46/static/as_stored/validation.json | both:d1:u76:pNone
2026-09-30 23:06:01,775 | prediction 4096/7002
2026-09-30 23:06:07,574 | experiments/exp03/seeds/seed46/static/as_stored/validation.json | both:d2:u0:pNone
2026-09-30 23:06:14,760 | prediction 4096/7002
2026-09-30 23:06:20,558 | experiments/exp03/seeds/seed46/static/as_stored/validation.json | both:d2:u1:pNone
2026-09-30 23:06:27,747 | prediction 4096/7002
2026-09-30 23:06:33,556 | experiments/exp03/seeds/seed46/static/as_stored/validation.json | both:d2:u2:pNone
2026-09-30 23:06:40,764 | prediction 4096/7002
2026-09-30 23:06:46,581 | experiments/exp03/seeds/seed46/static/as_stored/validation.json | both:d2:u4:pNone
2026-09-30 23:06:53,789 | prediction 4096/7002
2026-09-30 23:06:59,592 | experiments/exp03/seeds/seed46/static/as_stored/validation.json | both:d2:u8:pNone
2026-09-30 23:07:06,777 | prediction 4096/7002
2026-09-30 23:07:12,599 | experiments/exp03/seeds/seed46/static/as_stored/validation.json | both:d2:u16:pNone
2026-09-30 23:07:19,792 | prediction 4096/7002
2026-09-30 23:07:25,606 | experiments/exp03/seeds/seed46/static/as_stored/validation.json | both:d2:u32:pNone
2026-09-30 23:07:32,838 | prediction 4096/7002
2026-09-30 23:07:38,652 | experiments/exp03/seeds/seed46/static/as_stored/validation.json | both:d2:u48:pNone
2026-09-30 23:07:45,861 | prediction 4096/7002
2026-09-30 23:07:51,679 | experiments/exp03/seeds/seed46/static/as_stored/validation.json | both:d2:u64:pNone
2026-09-30 23:07:58,881 | prediction 4096/7002
2026-09-30 23:08:04,672 | experiments/exp03/seeds/seed46/static/as_stored/validation.json | both:d2:u76:pNone
2026-09-30 23:08:11,873 | prediction 4096/7002
2026-09-30 23:08:17,666 | experiments/exp03/seeds/seed46/static/as_stored/validation.json | both:d4:u0:pNone
2026-09-30 23:08:24,837 | prediction 4096/7002
2026-09-30 23:08:30,635 | experiments/exp03/seeds/seed46/static/as_stored/validation.json | both:d4:u1:pNone
2026-09-30 23:08:37,806 | prediction 4096/7002
2026-09-30 23:08:43,603 | experiments/exp03/seeds/seed46/static/as_stored/validation.json | both:d4:u2:pNone
2026-09-30 23:08:50,775 | prediction 4096/7002
2026-09-30 23:08:56,575 | experiments/exp03/seeds/seed46/static/as_stored/validation.json | both:d4:u4:pNone
2026-09-30 23:09:03,771 | prediction 4096/7002
2026-09-30 23:09:09,578 | experiments/exp03/seeds/seed46/static/as_stored/validation.json | both:d4:u8:pNone
2026-09-30 23:09:16,745 | prediction 4096/7002
2026-09-30 23:09:22,541 | experiments/exp03/seeds/seed46/static/as_stored/validation.json | both:d4:u16:pNone
2026-09-30 23:09:29,711 | prediction 4096/7002
2026-09-30 23:09:35,514 | experiments/exp03/seeds/seed46/static/as_stored/validation.json | both:d4:u32:pNone
2026-09-30 23:09:42,714 | prediction 4096/7002
2026-09-30 23:09:48,518 | experiments/exp03/seeds/seed46/static/as_stored/validation.json | both:d4:u48:pNone
2026-09-30 23:09:55,715 | prediction 4096/7002
2026-09-30 23:10:01,514 | experiments/exp03/seeds/seed46/static/as_stored/validation.json | both:d4:u64:pNone
2026-09-30 23:10:08,716 | prediction 4096/7002
2026-09-30 23:10:14,518 | experiments/exp03/seeds/seed46/static/as_stored/validation.json | both:d4:u76:pNone
2026-09-30 23:10:21,721 | prediction 4096/7002
2026-09-30 23:10:27,529 | experiments/exp03/seeds/seed46/static/as_stored/validation.json | both:d8:u0:pNone
2026-09-30 23:10:34,701 | prediction 4096/7002
2026-09-30 23:10:40,502 | experiments/exp03/seeds/seed46/static/as_stored/validation.json | both:d8:u1:pNone
2026-09-30 23:10:47,678 | prediction 4096/7002
2026-09-30 23:10:53,476 | experiments/exp03/seeds/seed46/static/as_stored/validation.json | both:d8:u2:pNone
2026-09-30 23:11:00,654 | prediction 4096/7002
2026-09-30 23:11:06,465 | experiments/exp03/seeds/seed46/static/as_stored/validation.json | both:d8:u4:pNone
2026-09-30 23:11:13,652 | prediction 4096/7002
2026-09-30 23:11:19,479 | experiments/exp03/seeds/seed46/static/as_stored/validation.json | both:d8:u8:pNone
2026-09-30 23:11:26,691 | prediction 4096/7002
2026-09-30 23:11:32,519 | experiments/exp03/seeds/seed46/static/as_stored/validation.json | both:d8:u16:pNone
2026-09-30 23:11:39,738 | prediction 4096/7002
2026-09-30 23:11:45,581 | experiments/exp03/seeds/seed46/static/as_stored/validation.json | both:d8:u32:pNone
2026-09-30 23:11:52,817 | prediction 4096/7002
2026-09-30 23:11:58,645 | experiments/exp03/seeds/seed46/static/as_stored/validation.json | both:d8:u48:pNone
2026-09-30 23:12:05,882 | prediction 4096/7002
2026-09-30 23:12:11,707 | experiments/exp03/seeds/seed46/static/as_stored/validation.json | both:d8:u64:pNone
2026-09-30 23:12:18,947 | prediction 4096/7002
2026-09-30 23:12:24,752 | experiments/exp03/seeds/seed46/static/as_stored/validation.json | both:d8:u76:pNone
2026-09-30 23:12:31,952 | prediction 4096/7002
2026-09-30 23:12:37,756 | experiments/exp03/seeds/seed46/static/as_stored/validation.json | both:d16:u0:pNone
2026-09-30 23:12:44,933 | prediction 4096/7002
2026-09-30 23:12:50,731 | experiments/exp03/seeds/seed46/static/as_stored/validation.json | both:d16:u1:pNone
2026-09-30 23:12:57,908 | prediction 4096/7002
2026-09-30 23:13:03,718 | experiments/exp03/seeds/seed46/static/as_stored/validation.json | both:d16:u2:pNone
2026-09-30 23:13:10,890 | prediction 4096/7002
2026-09-30 23:13:16,700 | experiments/exp03/seeds/seed46/static/as_stored/validation.json | both:d16:u4:pNone
2026-09-30 23:13:23,912 | prediction 4096/7002
2026-09-30 23:13:29,742 | experiments/exp03/seeds/seed46/static/as_stored/validation.json | both:d16:u8:pNone
2026-09-30 23:13:36,960 | prediction 4096/7002
2026-09-30 23:13:42,801 | experiments/exp03/seeds/seed46/static/as_stored/validation.json | both:d16:u16:pNone
2026-09-30 23:13:49,991 | prediction 4096/7002
2026-09-30 23:13:55,797 | experiments/exp03/seeds/seed46/static/as_stored/validation.json | both:d16:u32:pNone
2026-09-30 23:14:03,000 | prediction 4096/7002
2026-09-30 23:14:08,798 | experiments/exp03/seeds/seed46/static/as_stored/validation.json | both:d16:u48:pNone
2026-09-30 23:14:15,989 | prediction 4096/7002
2026-09-30 23:14:21,796 | experiments/exp03/seeds/seed46/static/as_stored/validation.json | both:d16:u64:pNone
2026-09-30 23:14:28,985 | prediction 4096/7002
2026-09-30 23:14:34,790 | experiments/exp03/seeds/seed46/static/as_stored/validation.json | both:d16:u76:pNone
2026-09-30 23:14:42,025 | prediction 4096/7002
2026-09-30 23:14:47,819 | experiments/exp03/seeds/seed46/static/as_stored/validation.json | both:d32:u0:pNone
2026-09-30 23:14:55,017 | prediction 4096/7002
2026-09-30 23:15:00,824 | experiments/exp03/seeds/seed46/static/as_stored/validation.json | both:d32:u1:pNone
2026-09-30 23:15:08,013 | prediction 4096/7002
2026-09-30 23:15:13,821 | experiments/exp03/seeds/seed46/static/as_stored/validation.json | both:d32:u2:pNone
2026-09-30 23:15:21,024 | prediction 4096/7002
2026-09-30 23:15:26,828 | experiments/exp03/seeds/seed46/static/as_stored/validation.json | both:d32:u4:pNone
2026-09-30 23:15:34,033 | prediction 4096/7002
2026-09-30 23:15:39,852 | experiments/exp03/seeds/seed46/static/as_stored/validation.json | both:d32:u8:pNone
2026-09-30 23:15:47,055 | prediction 4096/7002
2026-09-30 23:15:52,861 | experiments/exp03/seeds/seed46/static/as_stored/validation.json | both:d32:u16:pNone
2026-09-30 23:16:00,080 | prediction 4096/7002
2026-09-30 23:16:05,897 | experiments/exp03/seeds/seed46/static/as_stored/validation.json | both:d32:u32:pNone
2026-09-30 23:16:13,113 | prediction 4096/7002
2026-09-30 23:16:18,916 | experiments/exp03/seeds/seed46/static/as_stored/validation.json | both:d32:u48:pNone
2026-09-30 23:16:26,105 | prediction 4096/7002
2026-09-30 23:16:31,926 | experiments/exp03/seeds/seed46/static/as_stored/validation.json | both:d32:u64:pNone
2026-09-30 23:16:39,150 | prediction 4096/7002
2026-09-30 23:16:44,972 | experiments/exp03/seeds/seed46/static/as_stored/validation.json | both:d32:u76:pNone
2026-09-30 23:16:52,198 | prediction 4096/7002
2026-09-30 23:16:58,028 | experiments/exp03/seeds/seed46/static/as_stored/validation.json | both:d48:u0:pNone
2026-09-30 23:17:05,250 | prediction 4096/7002
2026-09-30 23:17:11,080 | experiments/exp03/seeds/seed46/static/as_stored/validation.json | both:d48:u1:pNone
2026-09-30 23:17:18,317 | prediction 4096/7002
2026-09-30 23:17:24,154 | experiments/exp03/seeds/seed46/static/as_stored/validation.json | both:d48:u2:pNone
2026-09-30 23:17:31,350 | prediction 4096/7002
2026-09-30 23:17:37,157 | experiments/exp03/seeds/seed46/static/as_stored/validation.json | both:d48:u4:pNone
2026-09-30 23:17:44,352 | prediction 4096/7002
2026-09-30 23:17:50,167 | experiments/exp03/seeds/seed46/static/as_stored/validation.json | both:d48:u8:pNone
2026-09-30 23:17:57,375 | prediction 4096/7002
2026-09-30 23:18:03,193 | experiments/exp03/seeds/seed46/static/as_stored/validation.json | both:d48:u16:pNone
2026-09-30 23:18:10,395 | prediction 4096/7002
2026-09-30 23:18:16,209 | experiments/exp03/seeds/seed46/static/as_stored/validation.json | both:d48:u32:pNone
2026-09-30 23:18:23,416 | prediction 4096/7002
2026-09-30 23:18:29,230 | experiments/exp03/seeds/seed46/static/as_stored/validation.json | both:d48:u48:pNone
2026-09-30 23:18:36,435 | prediction 4096/7002
2026-09-30 23:18:42,275 | experiments/exp03/seeds/seed46/static/as_stored/validation.json | both:d48:u64:pNone
2026-09-30 23:18:49,511 | prediction 4096/7002
2026-09-30 23:18:55,326 | experiments/exp03/seeds/seed46/static/as_stored/validation.json | both:d48:u76:pNone
2026-09-30 23:19:02,522 | prediction 4096/7002
2026-09-30 23:19:08,340 | experiments/exp03/seeds/seed46/static/as_stored/validation.json | both:d64:u0:pNone
2026-09-30 23:19:15,545 | prediction 4096/7002
2026-09-30 23:19:21,363 | experiments/exp03/seeds/seed46/static/as_stored/validation.json | both:d64:u1:pNone
2026-09-30 23:19:28,565 | prediction 4096/7002
2026-09-30 23:19:34,379 | experiments/exp03/seeds/seed46/static/as_stored/validation.json | both:d64:u2:pNone
2026-09-30 23:19:41,584 | prediction 4096/7002
2026-09-30 23:19:47,397 | experiments/exp03/seeds/seed46/static/as_stored/validation.json | both:d64:u4:pNone
2026-09-30 23:19:54,601 | prediction 4096/7002
2026-09-30 23:20:00,421 | experiments/exp03/seeds/seed46/static/as_stored/validation.json | both:d64:u8:pNone
2026-09-30 23:20:07,621 | prediction 4096/7002
2026-09-30 23:20:13,434 | experiments/exp03/seeds/seed46/static/as_stored/validation.json | both:d64:u16:pNone
2026-09-30 23:20:20,635 | prediction 4096/7002
2026-09-30 23:20:26,447 | experiments/exp03/seeds/seed46/static/as_stored/validation.json | both:d64:u32:pNone
2026-09-30 23:20:33,655 | prediction 4096/7002
2026-09-30 23:20:39,478 | experiments/exp03/seeds/seed46/static/as_stored/validation.json | both:d64:u48:pNone
2026-09-30 23:20:46,693 | prediction 4096/7002
2026-09-30 23:20:52,532 | experiments/exp03/seeds/seed46/static/as_stored/validation.json | both:d64:u64:pNone
2026-09-30 23:20:59,766 | prediction 4096/7002
2026-09-30 23:21:05,607 | experiments/exp03/seeds/seed46/static/as_stored/validation.json | both:d64:u76:pNone
2026-09-30 23:21:12,847 | prediction 4096/7002
2026-09-30 23:21:18,698 | experiments/exp03/seeds/seed46/static/as_stored/validation.json | both:d76:u0:pNone
2026-09-30 23:21:25,931 | prediction 4096/7002
2026-09-30 23:21:31,777 | experiments/exp03/seeds/seed46/static/as_stored/validation.json | both:d76:u1:pNone
2026-09-30 23:21:39,017 | prediction 4096/7002
2026-09-30 23:21:44,860 | experiments/exp03/seeds/seed46/static/as_stored/validation.json | both:d76:u2:pNone
2026-09-30 23:21:52,105 | prediction 4096/7002
2026-09-30 23:21:57,951 | experiments/exp03/seeds/seed46/static/as_stored/validation.json | both:d76:u4:pNone
2026-09-30 23:22:05,180 | prediction 4096/7002
2026-09-30 23:22:10,997 | experiments/exp03/seeds/seed46/static/as_stored/validation.json | both:d76:u8:pNone
2026-09-30 23:22:18,207 | prediction 4096/7002
2026-09-30 23:22:24,053 | experiments/exp03/seeds/seed46/static/as_stored/validation.json | both:d76:u16:pNone
2026-09-30 23:22:31,275 | prediction 4096/7002
2026-09-30 23:22:37,092 | experiments/exp03/seeds/seed46/static/as_stored/validation.json | both:d76:u32:pNone
2026-09-30 23:22:44,301 | prediction 4096/7002
2026-09-30 23:22:50,123 | experiments/exp03/seeds/seed46/static/as_stored/validation.json | both:d76:u48:pNone
2026-09-30 23:22:57,339 | prediction 4096/7002
2026-09-30 23:23:03,168 | experiments/exp03/seeds/seed46/static/as_stored/validation.json | both:d76:u64:pNone
2026-09-30 23:23:10,365 | prediction 4096/7002
2026-09-30 23:23:16,182 | experiments/exp03/seeds/seed46/static/as_stored/validation.json | both:d76:u76:pNone
2026-09-30 23:23:23,379 | prediction 4096/7002
2026-09-30 23:23:29,226 | experiments/exp03/seeds/seed46/static/as_stored/validation.json | random:d4:u4:p0
2026-09-30 23:23:36,427 | prediction 4096/7002
2026-09-30 23:23:42,275 | experiments/exp03/seeds/seed46/static/as_stored/validation.json | random:d4:u4:p1
2026-09-30 23:23:49,489 | prediction 4096/7002
2026-09-30 23:23:55,331 | experiments/exp03/seeds/seed46/static/as_stored/validation.json | random:d4:u4:p2
2026-09-30 23:24:02,508 | prediction 4096/7002
2026-09-30 23:24:08,320 | experiments/exp03/seeds/seed46/static/as_stored/validation.json | random:d8:u8:p0
2026-09-30 23:24:15,498 | prediction 4096/7002
2026-09-30 23:24:21,325 | experiments/exp03/seeds/seed46/static/as_stored/validation.json | random:d8:u8:p1
2026-09-30 23:24:28,499 | prediction 4096/7002
2026-09-30 23:24:34,309 | experiments/exp03/seeds/seed46/static/as_stored/validation.json | random:d8:u8:p2
2026-09-30 23:24:41,483 | prediction 4096/7002
2026-09-30 23:24:47,296 | experiments/exp03/seeds/seed46/static/as_stored/validation.json | random:d16:u16:p0
2026-09-30 23:24:54,479 | prediction 4096/7002
2026-09-30 23:25:00,311 | experiments/exp03/seeds/seed46/static/as_stored/validation.json | random:d16:u16:p1
2026-09-30 23:25:07,514 | prediction 4096/7002
2026-09-30 23:25:13,352 | experiments/exp03/seeds/seed46/static/as_stored/validation.json | random:d16:u16:p2
2026-09-30 23:25:20,532 | prediction 4096/7002
2026-09-30 23:25:26,346 | experiments/exp03/seeds/seed46/static/as_stored/validation.json | random:d32:u32:p0
2026-09-30 23:25:33,552 | prediction 4096/7002
2026-09-30 23:25:39,386 | experiments/exp03/seeds/seed46/static/as_stored/validation.json | random:d32:u32:p1
2026-09-30 23:25:46,584 | prediction 4096/7002
2026-09-30 23:25:52,407 | experiments/exp03/seeds/seed46/static/as_stored/validation.json | random:d32:u32:p2
2026-09-30 23:25:59,613 | prediction 4096/7002
2026-09-30 23:26:12,705 | prediction 4096/7002
2026-09-30 23:26:17,811 | experiments/exp03/seeds/seed46/static/aligned/validation.json | original:dNone:uNone:pNone
2026-09-30 23:26:18,544 | experiments/exp03/seeds/seed46/static/aligned/validation.json | bypass:dNone:uNone:pNone
2026-09-30 23:26:25,710 | prediction 4096/7002
2026-09-30 23:26:31,481 | experiments/exp03/seeds/seed46/static/aligned/validation.json | down:d0:uNone:pNone
2026-09-30 23:26:38,652 | prediction 4096/7002
2026-09-30 23:26:44,430 | experiments/exp03/seeds/seed46/static/aligned/validation.json | down:d1:uNone:pNone
2026-09-30 23:26:51,617 | prediction 4096/7002
2026-09-30 23:26:57,431 | experiments/exp03/seeds/seed46/static/aligned/validation.json | down:d2:uNone:pNone
2026-09-30 23:27:04,639 | prediction 4096/7002
2026-09-30 23:27:10,441 | experiments/exp03/seeds/seed46/static/aligned/validation.json | down:d4:uNone:pNone
2026-09-30 23:27:17,650 | prediction 4096/7002
2026-09-30 23:27:23,454 | experiments/exp03/seeds/seed46/static/aligned/validation.json | down:d8:uNone:pNone
2026-09-30 23:27:30,660 | prediction 4096/7002
2026-09-30 23:27:36,446 | experiments/exp03/seeds/seed46/static/aligned/validation.json | down:d16:uNone:pNone
2026-09-30 23:27:43,615 | prediction 4096/7002
2026-09-30 23:27:49,396 | experiments/exp03/seeds/seed46/static/aligned/validation.json | down:d32:uNone:pNone
2026-09-30 23:27:56,592 | prediction 4096/7002
2026-09-30 23:28:02,372 | experiments/exp03/seeds/seed46/static/aligned/validation.json | down:d48:uNone:pNone
2026-09-30 23:28:09,567 | prediction 4096/7002
2026-09-30 23:28:15,353 | experiments/exp03/seeds/seed46/static/aligned/validation.json | down:d64:uNone:pNone
2026-09-30 23:28:22,550 | prediction 4096/7002
2026-09-30 23:28:28,325 | experiments/exp03/seeds/seed46/static/aligned/validation.json | down:d76:uNone:pNone
2026-09-30 23:28:35,510 | prediction 4096/7002
2026-09-30 23:28:41,318 | experiments/exp03/seeds/seed46/static/aligned/validation.json | up:dNone:u0:pNone
2026-09-30 23:28:48,497 | prediction 4096/7002
2026-09-30 23:28:54,294 | experiments/exp03/seeds/seed46/static/aligned/validation.json | up:dNone:u1:pNone
2026-09-30 23:29:01,475 | prediction 4096/7002
2026-09-30 23:29:07,260 | experiments/exp03/seeds/seed46/static/aligned/validation.json | up:dNone:u2:pNone
2026-09-30 23:29:14,431 | prediction 4096/7002
2026-09-30 23:29:20,214 | experiments/exp03/seeds/seed46/static/aligned/validation.json | up:dNone:u4:pNone
2026-09-30 23:29:27,388 | prediction 4096/7002
2026-09-30 23:29:33,187 | experiments/exp03/seeds/seed46/static/aligned/validation.json | up:dNone:u8:pNone
2026-09-30 23:29:40,400 | prediction 4096/7002
2026-09-30 23:29:46,202 | experiments/exp03/seeds/seed46/static/aligned/validation.json | up:dNone:u16:pNone
2026-09-30 23:29:53,371 | prediction 4096/7002
2026-09-30 23:29:59,159 | experiments/exp03/seeds/seed46/static/aligned/validation.json | up:dNone:u32:pNone
2026-09-30 23:30:06,362 | prediction 4096/7002
2026-09-30 23:30:12,142 | experiments/exp03/seeds/seed46/static/aligned/validation.json | up:dNone:u48:pNone
2026-09-30 23:30:19,327 | prediction 4096/7002
2026-09-30 23:30:25,106 | experiments/exp03/seeds/seed46/static/aligned/validation.json | up:dNone:u64:pNone
2026-09-30 23:30:32,292 | prediction 4096/7002
2026-09-30 23:30:38,075 | experiments/exp03/seeds/seed46/static/aligned/validation.json | up:dNone:u76:pNone
2026-09-30 23:30:45,269 | prediction 4096/7002
2026-09-30 23:30:51,079 | experiments/exp03/seeds/seed46/static/aligned/validation.json | both:d0:u0:pNone
2026-09-30 23:30:58,257 | prediction 4096/7002
2026-09-30 23:31:04,052 | experiments/exp03/seeds/seed46/static/aligned/validation.json | both:d0:u1:pNone
2026-09-30 23:31:11,219 | prediction 4096/7002
2026-09-30 23:31:17,006 | experiments/exp03/seeds/seed46/static/aligned/validation.json | both:d0:u2:pNone
2026-09-30 23:31:24,190 | prediction 4096/7002
2026-09-30 23:31:29,957 | experiments/exp03/seeds/seed46/static/aligned/validation.json | both:d0:u4:pNone
2026-09-30 23:31:37,124 | prediction 4096/7002
2026-09-30 23:31:42,910 | experiments/exp03/seeds/seed46/static/aligned/validation.json | both:d0:u8:pNone
2026-09-30 23:31:50,069 | prediction 4096/7002
2026-09-30 23:31:55,848 | experiments/exp03/seeds/seed46/static/aligned/validation.json | both:d0:u16:pNone
2026-09-30 23:32:03,012 | prediction 4096/7002
2026-09-30 23:32:08,790 | experiments/exp03/seeds/seed46/static/aligned/validation.json | both:d0:u32:pNone
2026-09-30 23:32:15,993 | prediction 4096/7002
2026-09-30 23:32:21,786 | experiments/exp03/seeds/seed46/static/aligned/validation.json | both:d0:u48:pNone
2026-09-30 23:32:28,987 | prediction 4096/7002
2026-09-30 23:32:34,778 | experiments/exp03/seeds/seed46/static/aligned/validation.json | both:d0:u64:pNone
2026-09-30 23:32:41,981 | prediction 4096/7002
2026-09-30 23:32:47,775 | experiments/exp03/seeds/seed46/static/aligned/validation.json | both:d0:u76:pNone
2026-09-30 23:32:54,980 | prediction 4096/7002
2026-09-30 23:33:00,779 | experiments/exp03/seeds/seed46/static/aligned/validation.json | both:d1:u0:pNone
2026-09-30 23:33:07,958 | prediction 4096/7002
2026-09-30 23:33:13,749 | experiments/exp03/seeds/seed46/static/aligned/validation.json | both:d1:u1:pNone
2026-09-30 23:33:20,920 | prediction 4096/7002
2026-09-30 23:33:26,712 | experiments/exp03/seeds/seed46/static/aligned/validation.json | both:d1:u2:pNone
2026-09-30 23:33:33,888 | prediction 4096/7002
2026-09-30 23:33:39,685 | experiments/exp03/seeds/seed46/static/aligned/validation.json | both:d1:u4:pNone
2026-09-30 23:33:46,856 | prediction 4096/7002
2026-09-30 23:33:52,647 | experiments/exp03/seeds/seed46/static/aligned/validation.json | both:d1:u8:pNone
2026-09-30 23:33:59,817 | prediction 4096/7002
2026-09-30 23:34:05,605 | experiments/exp03/seeds/seed46/static/aligned/validation.json | both:d1:u16:pNone
2026-09-30 23:34:12,789 | prediction 4096/7002
2026-09-30 23:34:18,586 | experiments/exp03/seeds/seed46/static/aligned/validation.json | both:d1:u32:pNone
2026-09-30 23:34:25,768 | prediction 4096/7002
2026-09-30 23:34:31,551 | experiments/exp03/seeds/seed46/static/aligned/validation.json | both:d1:u48:pNone
2026-09-30 23:34:38,757 | prediction 4096/7002
2026-09-30 23:34:44,559 | experiments/exp03/seeds/seed46/static/aligned/validation.json | both:d1:u64:pNone
2026-09-30 23:34:51,748 | prediction 4096/7002
2026-09-30 23:34:57,533 | experiments/exp03/seeds/seed46/static/aligned/validation.json | both:d1:u76:pNone
2026-09-30 23:35:04,730 | prediction 4096/7002
2026-09-30 23:35:10,535 | experiments/exp03/seeds/seed46/static/aligned/validation.json | both:d2:u0:pNone
2026-09-30 23:35:17,729 | prediction 4096/7002
2026-09-30 23:35:23,534 | experiments/exp03/seeds/seed46/static/aligned/validation.json | both:d2:u1:pNone
2026-09-30 23:35:30,729 | prediction 4096/7002
2026-09-30 23:35:36,531 | experiments/exp03/seeds/seed46/static/aligned/validation.json | both:d2:u2:pNone
2026-09-30 23:35:43,728 | prediction 4096/7002
2026-09-30 23:35:49,540 | experiments/exp03/seeds/seed46/static/aligned/validation.json | both:d2:u4:pNone
2026-09-30 23:35:56,734 | prediction 4096/7002
2026-09-30 23:36:02,540 | experiments/exp03/seeds/seed46/static/aligned/validation.json | both:d2:u8:pNone
2026-09-30 23:36:09,703 | prediction 4096/7002
2026-09-30 23:36:15,488 | experiments/exp03/seeds/seed46/static/aligned/validation.json | both:d2:u16:pNone
2026-09-30 23:36:22,652 | prediction 4096/7002
2026-09-30 23:36:28,462 | experiments/exp03/seeds/seed46/static/aligned/validation.json | both:d2:u32:pNone
2026-09-30 23:36:35,682 | prediction 4096/7002
2026-09-30 23:36:41,496 | experiments/exp03/seeds/seed46/static/aligned/validation.json | both:d2:u48:pNone
2026-09-30 23:36:48,710 | prediction 4096/7002
2026-09-30 23:36:54,492 | experiments/exp03/seeds/seed46/static/aligned/validation.json | both:d2:u64:pNone
2026-09-30 23:37:01,691 | prediction 4096/7002
2026-09-30 23:37:07,492 | experiments/exp03/seeds/seed46/static/aligned/validation.json | both:d2:u76:pNone
2026-09-30 23:37:14,689 | prediction 4096/7002
2026-09-30 23:37:20,485 | experiments/exp03/seeds/seed46/static/aligned/validation.json | both:d4:u0:pNone
2026-09-30 23:37:27,658 | prediction 4096/7002
2026-09-30 23:37:33,441 | experiments/exp03/seeds/seed46/static/aligned/validation.json | both:d4:u1:pNone
2026-09-30 23:37:40,607 | prediction 4096/7002
2026-09-30 23:37:46,408 | experiments/exp03/seeds/seed46/static/aligned/validation.json | both:d4:u2:pNone
2026-09-30 23:37:53,605 | prediction 4096/7002
2026-09-30 23:37:59,447 | experiments/exp03/seeds/seed46/static/aligned/validation.json | both:d4:u4:pNone
2026-09-30 23:38:06,637 | prediction 4096/7002
2026-09-30 23:38:12,448 | experiments/exp03/seeds/seed46/static/aligned/validation.json | both:d4:u8:pNone
2026-09-30 23:38:19,654 | prediction 4096/7002
2026-09-30 23:38:25,481 | experiments/exp03/seeds/seed46/static/aligned/validation.json | both:d4:u16:pNone
2026-09-30 23:38:32,678 | prediction 4096/7002
2026-09-30 23:38:38,495 | experiments/exp03/seeds/seed46/static/aligned/validation.json | both:d4:u32:pNone
2026-09-30 23:38:45,722 | prediction 4096/7002
2026-09-30 23:38:51,535 | experiments/exp03/seeds/seed46/static/aligned/validation.json | both:d4:u48:pNone
2026-09-30 23:38:58,769 | prediction 4096/7002
2026-09-30 23:39:04,606 | experiments/exp03/seeds/seed46/static/aligned/validation.json | both:d4:u64:pNone
2026-09-30 23:39:11,845 | prediction 4096/7002
2026-09-30 23:39:17,651 | experiments/exp03/seeds/seed46/static/aligned/validation.json | both:d4:u76:pNone
2026-09-30 23:39:24,884 | prediction 4096/7002
2026-09-30 23:39:30,704 | experiments/exp03/seeds/seed46/static/aligned/validation.json | both:d8:u0:pNone
2026-09-30 23:39:37,921 | prediction 4096/7002
2026-09-30 23:39:43,757 | experiments/exp03/seeds/seed46/static/aligned/validation.json | both:d8:u1:pNone
2026-09-30 23:39:50,966 | prediction 4096/7002
2026-09-30 23:39:56,791 | experiments/exp03/seeds/seed46/static/aligned/validation.json | both:d8:u2:pNone
2026-09-30 23:40:04,003 | prediction 4096/7002
2026-09-30 23:40:09,827 | experiments/exp03/seeds/seed46/static/aligned/validation.json | both:d8:u4:pNone
2026-09-30 23:40:17,034 | prediction 4096/7002
2026-09-30 23:40:22,852 | experiments/exp03/seeds/seed46/static/aligned/validation.json | both:d8:u8:pNone
2026-09-30 23:40:30,056 | prediction 4096/7002
2026-09-30 23:40:35,883 | experiments/exp03/seeds/seed46/static/aligned/validation.json | both:d8:u16:pNone
2026-09-30 23:40:43,095 | prediction 4096/7002
2026-09-30 23:40:48,930 | experiments/exp03/seeds/seed46/static/aligned/validation.json | both:d8:u32:pNone
2026-09-30 23:40:56,164 | prediction 4096/7002
2026-09-30 23:41:01,988 | experiments/exp03/seeds/seed46/static/aligned/validation.json | both:d8:u48:pNone
2026-09-30 23:41:09,225 | prediction 4096/7002
2026-09-30 23:41:15,056 | experiments/exp03/seeds/seed46/static/aligned/validation.json | both:d8:u64:pNone
2026-09-30 23:41:22,297 | prediction 4096/7002
2026-09-30 23:41:28,133 | experiments/exp03/seeds/seed46/static/aligned/validation.json | both:d8:u76:pNone
2026-09-30 23:41:35,346 | prediction 4096/7002
2026-09-30 23:41:41,151 | experiments/exp03/seeds/seed46/static/aligned/validation.json | both:d16:u0:pNone
2026-09-30 23:41:48,344 | prediction 4096/7002
2026-09-30 23:41:54,166 | experiments/exp03/seeds/seed46/static/aligned/validation.json | both:d16:u1:pNone
2026-09-30 23:42:01,377 | prediction 4096/7002
2026-09-30 23:42:07,217 | experiments/exp03/seeds/seed46/static/aligned/validation.json | both:d16:u2:pNone
2026-09-30 23:42:14,519 | prediction 4096/7002
2026-09-30 23:42:20,431 | experiments/exp03/seeds/seed46/static/aligned/validation.json | both:d16:u4:pNone
2026-09-30 23:42:27,650 | prediction 4096/7002
2026-09-30 23:42:33,480 | experiments/exp03/seeds/seed46/static/aligned/validation.json | both:d16:u8:pNone
2026-09-30 23:42:40,692 | prediction 4096/7002
2026-09-30 23:42:46,526 | experiments/exp03/seeds/seed46/static/aligned/validation.json | both:d16:u16:pNone
2026-09-30 23:42:53,734 | prediction 4096/7002
2026-09-30 23:42:59,561 | experiments/exp03/seeds/seed46/static/aligned/validation.json | both:d16:u32:pNone
2026-09-30 23:43:06,793 | prediction 4096/7002
2026-09-30 23:43:12,614 | experiments/exp03/seeds/seed46/static/aligned/validation.json | both:d16:u48:pNone
2026-09-30 23:43:19,847 | prediction 4096/7002
2026-09-30 23:43:25,694 | experiments/exp03/seeds/seed46/static/aligned/validation.json | both:d16:u64:pNone
2026-09-30 23:43:32,929 | prediction 4096/7002
2026-09-30 23:43:38,762 | experiments/exp03/seeds/seed46/static/aligned/validation.json | both:d16:u76:pNone
2026-09-30 23:43:45,997 | prediction 4096/7002
2026-09-30 23:43:51,833 | experiments/exp03/seeds/seed46/static/aligned/validation.json | both:d32:u0:pNone
2026-09-30 23:43:59,060 | prediction 4096/7002
2026-09-30 23:44:04,879 | experiments/exp03/seeds/seed46/static/aligned/validation.json | both:d32:u1:pNone
2026-09-30 23:44:12,098 | prediction 4096/7002
2026-09-30 23:44:17,916 | experiments/exp03/seeds/seed46/static/aligned/validation.json | both:d32:u2:pNone
2026-09-30 23:44:25,142 | prediction 4096/7002
2026-09-30 23:44:30,976 | experiments/exp03/seeds/seed46/static/aligned/validation.json | both:d32:u4:pNone
2026-09-30 23:44:38,211 | prediction 4096/7002
2026-09-30 23:44:44,045 | experiments/exp03/seeds/seed46/static/aligned/validation.json | both:d32:u8:pNone
2026-09-30 23:44:51,277 | prediction 4096/7002
2026-09-30 23:44:57,113 | experiments/exp03/seeds/seed46/static/aligned/validation.json | both:d32:u16:pNone
2026-09-30 23:45:04,355 | prediction 4096/7002
2026-09-30 23:45:10,199 | experiments/exp03/seeds/seed46/static/aligned/validation.json | both:d32:u32:pNone
2026-09-30 23:45:17,440 | prediction 4096/7002
2026-09-30 23:45:23,275 | experiments/exp03/seeds/seed46/static/aligned/validation.json | both:d32:u48:pNone
2026-09-30 23:45:30,512 | prediction 4096/7002
2026-09-30 23:45:36,342 | experiments/exp03/seeds/seed46/static/aligned/validation.json | both:d32:u64:pNone
2026-09-30 23:45:43,580 | prediction 4096/7002
2026-09-30 23:45:49,423 | experiments/exp03/seeds/seed46/static/aligned/validation.json | both:d32:u76:pNone
2026-09-30 23:45:56,662 | prediction 4096/7002
2026-09-30 23:46:02,503 | experiments/exp03/seeds/seed46/static/aligned/validation.json | both:d48:u0:pNone
2026-09-30 23:46:09,747 | prediction 4096/7002
2026-09-30 23:46:15,598 | experiments/exp03/seeds/seed46/static/aligned/validation.json | both:d48:u1:pNone
2026-09-30 23:46:22,802 | prediction 4096/7002
2026-09-30 23:46:28,611 | experiments/exp03/seeds/seed46/static/aligned/validation.json | both:d48:u2:pNone
2026-09-30 23:46:35,805 | prediction 4096/7002
2026-09-30 23:46:41,604 | experiments/exp03/seeds/seed46/static/aligned/validation.json | both:d48:u4:pNone
2026-09-30 23:46:48,808 | prediction 4096/7002
2026-09-30 23:46:54,626 | experiments/exp03/seeds/seed46/static/aligned/validation.json | both:d48:u8:pNone
2026-09-30 23:47:01,848 | prediction 4096/7002
2026-09-30 23:47:07,679 | experiments/exp03/seeds/seed46/static/aligned/validation.json | both:d48:u16:pNone
2026-09-30 23:47:14,902 | prediction 4096/7002
2026-09-30 23:47:20,729 | experiments/exp03/seeds/seed46/static/aligned/validation.json | both:d48:u32:pNone
2026-09-30 23:47:27,962 | prediction 4096/7002
2026-09-30 23:47:33,834 | experiments/exp03/seeds/seed46/static/aligned/validation.json | both:d48:u48:pNone
2026-09-30 23:47:41,069 | prediction 4096/7002
2026-09-30 23:47:46,903 | experiments/exp03/seeds/seed46/static/aligned/validation.json | both:d48:u64:pNone
2026-09-30 23:47:54,145 | prediction 4096/7002
2026-09-30 23:47:59,984 | experiments/exp03/seeds/seed46/static/aligned/validation.json | both:d48:u76:pNone
2026-09-30 23:48:07,220 | prediction 4096/7002
2026-09-30 23:48:13,063 | experiments/exp03/seeds/seed46/static/aligned/validation.json | both:d64:u0:pNone
2026-09-30 23:48:20,283 | prediction 4096/7002
2026-09-30 23:48:26,106 | experiments/exp03/seeds/seed46/static/aligned/validation.json | both:d64:u1:pNone
2026-09-30 23:48:33,337 | prediction 4096/7002
2026-09-30 23:48:39,172 | experiments/exp03/seeds/seed46/static/aligned/validation.json | both:d64:u2:pNone
2026-09-30 23:48:46,414 | prediction 4096/7002
2026-09-30 23:48:52,292 | experiments/exp03/seeds/seed46/static/aligned/validation.json | both:d64:u4:pNone
2026-09-30 23:48:59,533 | prediction 4096/7002
2026-09-30 23:49:05,356 | experiments/exp03/seeds/seed46/static/aligned/validation.json | both:d64:u8:pNone
2026-09-30 23:49:12,566 | prediction 4096/7002
2026-09-30 23:49:18,380 | experiments/exp03/seeds/seed46/static/aligned/validation.json | both:d64:u16:pNone
2026-09-30 23:49:25,590 | prediction 4096/7002
2026-09-30 23:49:31,409 | experiments/exp03/seeds/seed46/static/aligned/validation.json | both:d64:u32:pNone
2026-09-30 23:49:38,610 | prediction 4096/7002
2026-09-30 23:49:44,425 | experiments/exp03/seeds/seed46/static/aligned/validation.json | both:d64:u48:pNone
2026-09-30 23:49:51,631 | prediction 4096/7002
2026-09-30 23:49:57,448 | experiments/exp03/seeds/seed46/static/aligned/validation.json | both:d64:u64:pNone
2026-09-30 23:50:04,684 | prediction 4096/7002
2026-09-30 23:50:10,550 | experiments/exp03/seeds/seed46/static/aligned/validation.json | both:d64:u76:pNone
2026-09-30 23:50:17,779 | prediction 4096/7002
2026-09-30 23:50:23,601 | experiments/exp03/seeds/seed46/static/aligned/validation.json | both:d76:u0:pNone
2026-09-30 23:50:30,830 | prediction 4096/7002
2026-09-30 23:50:36,651 | experiments/exp03/seeds/seed46/static/aligned/validation.json | both:d76:u1:pNone
2026-09-30 23:50:43,852 | prediction 4096/7002
2026-09-30 23:50:49,700 | experiments/exp03/seeds/seed46/static/aligned/validation.json | both:d76:u2:pNone
2026-09-30 23:50:56,938 | prediction 4096/7002
2026-09-30 23:51:02,773 | experiments/exp03/seeds/seed46/static/aligned/validation.json | both:d76:u4:pNone
2026-09-30 23:51:09,980 | prediction 4096/7002
2026-09-30 23:51:15,847 | experiments/exp03/seeds/seed46/static/aligned/validation.json | both:d76:u8:pNone
2026-09-30 23:51:23,083 | prediction 4096/7002
2026-09-30 23:51:28,932 | experiments/exp03/seeds/seed46/static/aligned/validation.json | both:d76:u16:pNone
2026-09-30 23:51:36,176 | prediction 4096/7002
2026-09-30 23:51:42,022 | experiments/exp03/seeds/seed46/static/aligned/validation.json | both:d76:u32:pNone
2026-09-30 23:51:49,240 | prediction 4096/7002
2026-09-30 23:51:55,069 | experiments/exp03/seeds/seed46/static/aligned/validation.json | both:d76:u48:pNone
2026-09-30 23:52:02,270 | prediction 4096/7002
2026-09-30 23:52:08,098 | experiments/exp03/seeds/seed46/static/aligned/validation.json | both:d76:u64:pNone
2026-09-30 23:52:15,307 | prediction 4096/7002
2026-09-30 23:52:21,123 | experiments/exp03/seeds/seed46/static/aligned/validation.json | both:d76:u76:pNone
2026-09-30 23:52:28,324 | prediction 4096/7002
2026-09-30 23:52:41,524 | prediction 4096/105181
2026-09-30 23:52:48,725 | prediction 8192/105181
2026-09-30 23:52:55,928 | prediction 12288/105181
2026-09-30 23:53:03,130 | prediction 16384/105181
2026-09-30 23:53:10,327 | prediction 20480/105181
2026-09-30 23:53:17,501 | prediction 24576/105181
2026-09-30 23:53:24,657 | prediction 28672/105181
2026-09-30 23:53:31,821 | prediction 32768/105181
2026-09-30 23:53:39,014 | prediction 36864/105181
2026-09-30 23:53:46,206 | prediction 40960/105181
2026-09-30 23:53:53,393 | prediction 45056/105181
2026-09-30 23:54:00,586 | prediction 49152/105181
2026-09-30 23:54:07,775 | prediction 53248/105181
2026-09-30 23:54:14,964 | prediction 57344/105181
2026-09-30 23:54:22,150 | prediction 61440/105181
2026-09-30 23:54:29,316 | prediction 65536/105181
2026-09-30 23:54:36,486 | prediction 69632/105181
2026-09-30 23:54:43,678 | prediction 73728/105181
2026-09-30 23:54:50,862 | prediction 77824/105181
2026-09-30 23:54:58,024 | prediction 81920/105181
2026-09-30 23:55:05,171 | prediction 86016/105181
2026-09-30 23:55:12,322 | prediction 90112/105181
2026-09-30 23:55:19,483 | prediction 94208/105181
2026-09-30 23:55:26,648 | prediction 98304/105181
2026-09-30 23:55:33,813 | prediction 102400/105181
2026-09-30 23:55:39,204 | experiments/exp03/seeds/seed46/static/as_stored/online_frozen.json | original:dNone:uNone:pNone
2026-09-30 23:55:41,570 | experiments/exp03/seeds/seed46/static/as_stored/online_frozen.json | bypass:dNone:uNone:pNone
2026-09-30 23:55:48,783 | prediction 4096/105181
2026-09-30 23:55:55,988 | prediction 8192/105181
2026-09-30 23:56:03,193 | prediction 12288/105181
2026-09-30 23:56:10,393 | prediction 16384/105181
2026-09-30 23:56:17,596 | prediction 20480/105181
2026-09-30 23:56:24,798 | prediction 24576/105181
2026-09-30 23:56:32,001 | prediction 28672/105181
2026-09-30 23:56:39,166 | prediction 32768/105181
2026-09-30 23:56:46,335 | prediction 36864/105181
2026-09-30 23:56:53,507 | prediction 40960/105181
2026-09-30 23:57:00,683 | prediction 45056/105181
2026-09-30 23:57:07,852 | prediction 49152/105181
2026-09-30 23:57:15,023 | prediction 53248/105181
2026-09-30 23:57:22,194 | prediction 57344/105181
2026-09-30 23:57:29,362 | prediction 61440/105181
2026-09-30 23:57:36,529 | prediction 65536/105181
2026-09-30 23:57:43,689 | prediction 69632/105181
2026-09-30 23:57:50,869 | prediction 73728/105181
2026-09-30 23:57:58,063 | prediction 77824/105181
2026-09-30 23:58:05,264 | prediction 81920/105181
2026-09-30 23:58:12,437 | prediction 86016/105181
2026-09-30 23:58:19,599 | prediction 90112/105181
2026-09-30 23:58:26,758 | prediction 94208/105181
2026-09-30 23:58:33,919 | prediction 98304/105181
2026-09-30 23:58:41,077 | prediction 102400/105181
2026-09-30 23:58:47,487 | experiments/exp03/seeds/seed46/static/as_stored/online_frozen.json | down:d0:uNone:pNone
2026-09-30 23:58:54,681 | prediction 4096/105181
2026-09-30 23:59:01,875 | prediction 8192/105181
2026-09-30 23:59:09,067 | prediction 12288/105181
2026-09-30 23:59:16,261 | prediction 16384/105181
2026-09-30 23:59:23,451 | prediction 20480/105181
2026-09-30 23:59:30,649 | prediction 24576/105181
2026-09-30 23:59:37,840 | prediction 28672/105181
2026-09-30 23:59:45,031 | prediction 32768/105181
2026-09-30 23:59:52,220 | prediction 36864/105181
2026-09-30 23:59:59,411 | prediction 40960/105181
2026-10-01 00:00:06,603 | prediction 45056/105181
2026-10-01 00:00:13,805 | prediction 49152/105181
2026-10-01 00:00:20,977 | prediction 53248/105181
2026-10-01 00:00:28,151 | prediction 57344/105181
2026-10-01 00:00:35,349 | prediction 61440/105181
2026-10-01 00:00:42,554 | prediction 65536/105181
2026-10-01 00:00:49,749 | prediction 69632/105181
2026-10-01 00:00:56,952 | prediction 73728/105181
2026-10-01 00:01:04,156 | prediction 77824/105181
2026-10-01 00:01:11,361 | prediction 81920/105181
2026-10-01 00:01:18,558 | prediction 86016/105181
2026-10-01 00:01:25,755 | prediction 90112/105181
2026-10-01 00:01:32,948 | prediction 94208/105181
2026-10-01 00:01:40,155 | prediction 98304/105181
2026-10-01 00:01:47,357 | prediction 102400/105181
2026-10-01 00:01:53,784 | experiments/exp03/seeds/seed46/static/as_stored/online_frozen.json | down:d1:uNone:pNone
2026-10-01 00:02:00,996 | prediction 4096/105181
2026-10-01 00:02:08,207 | prediction 8192/105181
2026-10-01 00:02:15,384 | prediction 12288/105181
2026-10-01 00:02:22,551 | prediction 16384/105181
2026-10-01 00:02:29,718 | prediction 20480/105181
2026-10-01 00:02:36,879 | prediction 24576/105181
2026-10-01 00:02:44,043 | prediction 28672/105181
2026-10-01 00:02:51,204 | prediction 32768/105181
2026-10-01 00:02:58,367 | prediction 36864/105181
2026-10-01 00:03:05,530 | prediction 40960/105181
2026-10-01 00:03:12,697 | prediction 45056/105181
2026-10-01 00:03:19,866 | prediction 49152/105181
2026-10-01 00:03:27,040 | prediction 53248/105181
2026-10-01 00:03:34,210 | prediction 57344/105181
2026-10-01 00:03:41,376 | prediction 61440/105181
2026-10-01 00:03:48,536 | prediction 65536/105181
2026-10-01 00:03:55,698 | prediction 69632/105181
2026-10-01 00:04:02,863 | prediction 73728/105181
2026-10-01 00:04:10,040 | prediction 77824/105181
2026-10-01 00:04:17,215 | prediction 81920/105181
2026-10-01 00:04:24,396 | prediction 86016/105181
2026-10-01 00:04:31,571 | prediction 90112/105181
2026-10-01 00:04:38,752 | prediction 94208/105181
2026-10-01 00:04:45,925 | prediction 98304/105181
2026-10-01 00:04:53,100 | prediction 102400/105181
2026-10-01 00:04:59,530 | experiments/exp03/seeds/seed46/static/as_stored/online_frozen.json | down:d2:uNone:pNone
2026-10-01 00:05:06,743 | prediction 4096/105181
2026-10-01 00:05:13,944 | prediction 8192/105181
2026-10-01 00:05:21,110 | prediction 12288/105181
2026-10-01 00:05:28,285 | prediction 16384/105181
2026-10-01 00:05:35,454 | prediction 20480/105181
2026-10-01 00:05:42,629 | prediction 24576/105181
2026-10-01 00:05:49,800 | prediction 28672/105181
2026-10-01 00:05:56,973 | prediction 32768/105181
2026-10-01 00:06:04,137 | prediction 36864/105181
2026-10-01 00:06:11,302 | prediction 40960/105181
2026-10-01 00:06:18,493 | prediction 45056/105181
2026-10-01 00:06:25,693 | prediction 49152/105181
2026-10-01 00:06:32,886 | prediction 53248/105181
2026-10-01 00:06:40,084 | prediction 57344/105181
2026-10-01 00:06:47,278 | prediction 61440/105181
2026-10-01 00:06:54,473 | prediction 65536/105181
2026-10-01 00:07:01,654 | prediction 69632/105181
2026-10-01 00:07:08,821 | prediction 73728/105181
2026-10-01 00:07:15,982 | prediction 77824/105181
2026-10-01 00:07:23,148 | prediction 81920/105181
2026-10-01 00:07:30,308 | prediction 86016/105181
2026-10-01 00:07:37,476 | prediction 90112/105181
2026-10-01 00:07:44,648 | prediction 94208/105181
2026-10-01 00:07:51,844 | prediction 98304/105181
2026-10-01 00:07:59,037 | prediction 102400/105181
2026-10-01 00:08:05,461 | experiments/exp03/seeds/seed46/static/as_stored/online_frozen.json | down:d4:uNone:pNone
2026-10-01 00:08:12,673 | prediction 4096/105181
2026-10-01 00:08:19,874 | prediction 8192/105181
2026-10-01 00:08:27,077 | prediction 12288/105181
2026-10-01 00:08:34,276 | prediction 16384/105181
2026-10-01 00:08:41,483 | prediction 20480/105181
2026-10-01 00:08:48,689 | prediction 24576/105181
2026-10-01 00:08:55,897 | prediction 28672/105181
2026-10-01 00:09:03,097 | prediction 32768/105181
2026-10-01 00:09:10,304 | prediction 36864/105181
2026-10-01 00:09:17,503 | prediction 40960/105181
2026-10-01 00:09:24,703 | prediction 45056/105181
2026-10-01 00:09:31,897 | prediction 49152/105181
2026-10-01 00:09:39,107 | prediction 53248/105181
2026-10-01 00:09:46,311 | prediction 57344/105181
2026-10-01 00:09:53,523 | prediction 61440/105181
2026-10-01 00:10:00,706 | prediction 65536/105181
2026-10-01 00:10:07,878 | prediction 69632/105181
2026-10-01 00:10:15,043 | prediction 73728/105181
2026-10-01 00:10:22,233 | prediction 77824/105181
2026-10-01 00:10:29,409 | prediction 81920/105181
2026-10-01 00:10:36,571 | prediction 86016/105181
2026-10-01 00:10:43,735 | prediction 90112/105181
2026-10-01 00:10:50,905 | prediction 94208/105181
2026-10-01 00:10:58,070 | prediction 98304/105181
2026-10-01 00:11:05,237 | prediction 102400/105181
2026-10-01 00:11:11,690 | experiments/exp03/seeds/seed46/static/as_stored/online_frozen.json | down:d8:uNone:pNone
2026-10-01 00:11:18,866 | prediction 4096/105181
2026-10-01 00:11:26,037 | prediction 8192/105181
2026-10-01 00:11:33,207 | prediction 12288/105181
2026-10-01 00:11:40,381 | prediction 16384/105181
2026-10-01 00:11:47,551 | prediction 20480/105181
2026-10-01 00:11:54,724 | prediction 24576/105181
2026-10-01 00:12:01,905 | prediction 28672/105181
2026-10-01 00:12:09,109 | prediction 32768/105181
2026-10-01 00:12:16,310 | prediction 36864/105181
2026-10-01 00:12:23,511 | prediction 40960/105181
2026-10-01 00:12:30,708 | prediction 45056/105181
2026-10-01 00:12:37,894 | prediction 49152/105181
2026-10-01 00:12:45,069 | prediction 53248/105181
2026-10-01 00:12:52,268 | prediction 57344/105181
2026-10-01 00:12:59,470 | prediction 61440/105181
2026-10-01 00:13:06,673 | prediction 65536/105181
2026-10-01 00:13:13,871 | prediction 69632/105181
2026-10-01 00:13:21,050 | prediction 73728/105181
2026-10-01 00:13:28,218 | prediction 77824/105181
2026-10-01 00:13:35,390 | prediction 81920/105181
2026-10-01 00:13:42,557 | prediction 86016/105181
2026-10-01 00:13:49,731 | prediction 90112/105181
2026-10-01 00:13:56,900 | prediction 94208/105181
2026-10-01 00:14:04,073 | prediction 98304/105181
2026-10-01 00:14:11,242 | prediction 102400/105181
2026-10-01 00:14:17,654 | experiments/exp03/seeds/seed46/static/as_stored/online_frozen.json | down:d16:uNone:pNone
2026-10-01 00:14:24,836 | prediction 4096/105181
2026-10-01 00:14:32,008 | prediction 8192/105181
2026-10-01 00:14:39,187 | prediction 12288/105181
2026-10-01 00:14:46,364 | prediction 16384/105181
2026-10-01 00:14:53,541 | prediction 20480/105181
2026-10-01 00:15:00,714 | prediction 24576/105181
2026-10-01 00:15:07,894 | prediction 28672/105181
2026-10-01 00:15:15,069 | prediction 32768/105181
2026-10-01 00:15:22,246 | prediction 36864/105181
2026-10-01 00:15:29,423 | prediction 40960/105181
2026-10-01 00:15:36,605 | prediction 45056/105181
2026-10-01 00:15:43,785 | prediction 49152/105181
2026-10-01 00:15:50,968 | prediction 53248/105181
2026-10-01 00:15:58,143 | prediction 57344/105181
2026-10-01 00:16:05,316 | prediction 61440/105181
2026-10-01 00:16:12,509 | prediction 65536/105181
2026-10-01 00:16:19,704 | prediction 69632/105181
2026-10-01 00:16:26,893 | prediction 73728/105181
2026-10-01 00:16:34,084 | prediction 77824/105181
2026-10-01 00:16:41,247 | prediction 81920/105181
2026-10-01 00:16:48,416 | prediction 86016/105181
2026-10-01 00:16:55,580 | prediction 90112/105181
2026-10-01 00:17:02,755 | prediction 94208/105181
2026-10-01 00:17:09,957 | prediction 98304/105181
2026-10-01 00:17:17,160 | prediction 102400/105181
2026-10-01 00:17:23,592 | experiments/exp03/seeds/seed46/static/as_stored/online_frozen.json | down:d32:uNone:pNone
2026-10-01 00:17:30,831 | prediction 4096/105181
2026-10-01 00:17:38,040 | prediction 8192/105181
2026-10-01 00:17:45,253 | prediction 12288/105181
2026-10-01 00:17:52,419 | prediction 16384/105181
2026-10-01 00:17:59,591 | prediction 20480/105181
2026-10-01 00:18:06,758 | prediction 24576/105181
2026-10-01 00:18:13,926 | prediction 28672/105181
2026-10-01 00:18:21,088 | prediction 32768/105181
2026-10-01 00:18:28,252 | prediction 36864/105181
2026-10-01 00:18:35,446 | prediction 40960/105181
2026-10-01 00:18:42,649 | prediction 45056/105181
2026-10-01 00:18:49,849 | prediction 49152/105181
2026-10-01 00:18:57,017 | prediction 53248/105181
2026-10-01 00:19:04,177 | prediction 57344/105181
2026-10-01 00:19:11,340 | prediction 61440/105181
2026-10-01 00:19:18,513 | prediction 65536/105181
2026-10-01 00:19:25,717 | prediction 69632/105181
2026-10-01 00:19:32,924 | prediction 73728/105181
2026-10-01 00:19:40,132 | prediction 77824/105181
2026-10-01 00:19:47,338 | prediction 81920/105181
2026-10-01 00:19:54,548 | prediction 86016/105181
2026-10-01 00:20:01,754 | prediction 90112/105181
2026-10-01 00:20:08,960 | prediction 94208/105181
2026-10-01 00:20:16,161 | prediction 98304/105181
2026-10-01 00:20:23,371 | prediction 102400/105181
2026-10-01 00:20:29,816 | experiments/exp03/seeds/seed46/static/as_stored/online_frozen.json | down:d48:uNone:pNone
2026-10-01 00:20:37,063 | prediction 4096/105181
2026-10-01 00:20:44,288 | prediction 8192/105181
2026-10-01 00:20:51,499 | prediction 12288/105181
2026-10-01 00:20:58,677 | prediction 16384/105181
2026-10-01 00:21:05,844 | prediction 20480/105181
2026-10-01 00:21:13,022 | prediction 24576/105181
2026-10-01 00:21:20,211 | prediction 28672/105181
2026-10-01 00:21:27,407 | prediction 32768/105181
2026-10-01 00:21:34,603 | prediction 36864/105181
2026-10-01 00:21:41,776 | prediction 40960/105181
2026-10-01 00:21:48,937 | prediction 45056/105181
2026-10-01 00:21:56,110 | prediction 49152/105181
2026-10-01 00:22:03,307 | prediction 53248/105181
2026-10-01 00:22:10,476 | prediction 57344/105181
2026-10-01 00:22:17,641 | prediction 61440/105181
2026-10-01 00:22:24,806 | prediction 65536/105181
2026-10-01 00:22:31,966 | prediction 69632/105181
2026-10-01 00:22:39,134 | prediction 73728/105181
2026-10-01 00:22:46,296 | prediction 77824/105181
2026-10-01 00:22:53,463 | prediction 81920/105181
2026-10-01 00:23:00,628 | prediction 86016/105181
2026-10-01 00:23:07,792 | prediction 90112/105181
2026-10-01 00:23:14,957 | prediction 94208/105181
2026-10-01 00:23:22,153 | prediction 98304/105181
2026-10-01 00:23:29,328 | prediction 102400/105181
2026-10-01 00:23:35,745 | experiments/exp03/seeds/seed46/static/as_stored/online_frozen.json | down:d64:uNone:pNone
2026-10-01 00:23:42,954 | prediction 4096/105181
2026-10-01 00:23:50,124 | prediction 8192/105181
2026-10-01 00:23:57,304 | prediction 12288/105181
2026-10-01 00:24:04,482 | prediction 16384/105181
2026-10-01 00:24:11,698 | prediction 20480/105181
2026-10-01 00:24:18,913 | prediction 24576/105181
2026-10-01 00:24:26,115 | prediction 28672/105181
2026-10-01 00:24:33,295 | prediction 32768/105181
2026-10-01 00:24:40,491 | prediction 36864/105181
2026-10-01 00:24:47,699 | prediction 40960/105181
2026-10-01 00:24:54,909 | prediction 45056/105181
2026-10-01 00:25:02,094 | prediction 49152/105181
2026-10-01 00:25:09,272 | prediction 53248/105181
2026-10-01 00:25:16,446 | prediction 57344/105181
2026-10-01 00:25:23,623 | prediction 61440/105181
2026-10-01 00:25:30,796 | prediction 65536/105181
2026-10-01 00:25:37,980 | prediction 69632/105181
2026-10-01 00:25:45,158 | prediction 73728/105181
2026-10-01 00:25:52,342 | prediction 77824/105181
2026-10-01 00:25:59,513 | prediction 81920/105181
2026-10-01 00:26:06,684 | prediction 86016/105181
2026-10-01 00:26:13,849 | prediction 90112/105181
2026-10-01 00:26:21,019 | prediction 94208/105181
2026-10-01 00:26:28,181 | prediction 98304/105181
2026-10-01 00:26:35,352 | prediction 102400/105181
2026-10-01 00:26:41,772 | experiments/exp03/seeds/seed46/static/as_stored/online_frozen.json | down:d76:uNone:pNone
2026-10-01 00:26:49,002 | prediction 4096/105181
2026-10-01 00:26:56,203 | prediction 8192/105181
2026-10-01 00:27:03,397 | prediction 12288/105181
2026-10-01 00:27:10,598 | prediction 16384/105181
2026-10-01 00:27:17,792 | prediction 20480/105181
2026-10-01 00:27:24,992 | prediction 24576/105181
2026-10-01 00:27:32,185 | prediction 28672/105181
2026-10-01 00:27:39,385 | prediction 32768/105181
2026-10-01 00:27:46,586 | prediction 36864/105181
2026-10-01 00:27:53,791 | prediction 40960/105181
2026-10-01 00:28:00,994 | prediction 45056/105181
2026-10-01 00:28:08,195 | prediction 49152/105181
2026-10-01 00:28:15,393 | prediction 53248/105181
2026-10-01 00:28:22,596 | prediction 57344/105181
2026-10-01 00:28:29,797 | prediction 61440/105181
2026-10-01 00:28:36,999 | prediction 65536/105181
2026-10-01 00:28:44,187 | prediction 69632/105181
2026-10-01 00:28:51,360 | prediction 73728/105181
2026-10-01 00:28:58,535 | prediction 77824/105181
2026-10-01 00:29:05,707 | prediction 81920/105181
2026-10-01 00:29:12,876 | prediction 86016/105181
2026-10-01 00:29:20,043 | prediction 90112/105181
2026-10-01 00:29:27,205 | prediction 94208/105181
2026-10-01 00:29:34,370 | prediction 98304/105181
2026-10-01 00:29:41,551 | prediction 102400/105181
2026-10-01 00:29:48,892 | experiments/exp03/seeds/seed46/static/as_stored/online_frozen.json | up:dNone:u0:pNone
2026-10-01 00:29:56,107 | prediction 4096/105181
2026-10-01 00:30:03,310 | prediction 8192/105181
2026-10-01 00:30:10,491 | prediction 12288/105181
2026-10-01 00:30:17,654 | prediction 16384/105181
2026-10-01 00:30:24,816 | prediction 20480/105181
2026-10-01 00:30:31,977 | prediction 24576/105181
2026-10-01 00:30:39,141 | prediction 28672/105181
2026-10-01 00:30:46,311 | prediction 32768/105181
2026-10-01 00:30:53,476 | prediction 36864/105181
2026-10-01 00:31:00,641 | prediction 40960/105181
2026-10-01 00:31:07,810 | prediction 45056/105181
2026-10-01 00:31:14,981 | prediction 49152/105181
2026-10-01 00:31:22,155 | prediction 53248/105181
2026-10-01 00:31:29,328 | prediction 57344/105181
2026-10-01 00:31:36,498 | prediction 61440/105181
2026-10-01 00:31:43,669 | prediction 65536/105181
2026-10-01 00:31:50,837 | prediction 69632/105181
2026-10-01 00:31:58,008 | prediction 73728/105181
2026-10-01 00:32:05,182 | prediction 77824/105181
2026-10-01 00:32:12,356 | prediction 81920/105181
2026-10-01 00:32:19,528 | prediction 86016/105181
2026-10-01 00:32:26,696 | prediction 90112/105181
2026-10-01 00:32:33,864 | prediction 94208/105181
2026-10-01 00:32:41,028 | prediction 98304/105181
2026-10-01 00:32:48,200 | prediction 102400/105181
2026-10-01 00:32:54,618 | experiments/exp03/seeds/seed46/static/as_stored/online_frozen.json | up:dNone:u1:pNone
2026-10-01 00:33:01,803 | prediction 4096/105181
2026-10-01 00:33:08,980 | prediction 8192/105181
2026-10-01 00:33:16,160 | prediction 12288/105181
2026-10-01 00:33:23,336 | prediction 16384/105181
2026-10-01 00:33:30,505 | prediction 20480/105181
2026-10-01 00:33:37,678 | prediction 24576/105181
2026-10-01 00:33:44,850 | prediction 28672/105181
2026-10-01 00:33:52,018 | prediction 32768/105181
2026-10-01 00:33:59,193 | prediction 36864/105181
2026-10-01 00:34:06,365 | prediction 40960/105181
2026-10-01 00:34:13,552 | prediction 45056/105181
2026-10-01 00:34:20,759 | prediction 49152/105181
2026-10-01 00:34:27,963 | prediction 53248/105181
2026-10-01 00:34:35,163 | prediction 57344/105181
2026-10-01 00:34:42,359 | prediction 61440/105181
2026-10-01 00:34:49,566 | prediction 65536/105181
2026-10-01 00:34:56,768 | prediction 69632/105181
2026-10-01 00:35:03,972 | prediction 73728/105181
2026-10-01 00:35:11,160 | prediction 77824/105181
2026-10-01 00:35:18,323 | prediction 81920/105181
2026-10-01 00:35:25,488 | prediction 86016/105181
2026-10-01 00:35:32,649 | prediction 90112/105181
2026-10-01 00:35:39,814 | prediction 94208/105181
2026-10-01 00:35:46,973 | prediction 98304/105181
2026-10-01 00:35:54,134 | prediction 102400/105181
2026-10-01 00:36:00,549 | experiments/exp03/seeds/seed46/static/as_stored/online_frozen.json | up:dNone:u2:pNone
2026-10-01 00:36:07,750 | prediction 4096/105181
2026-10-01 00:36:14,949 | prediction 8192/105181
2026-10-01 00:36:22,151 | prediction 12288/105181
2026-10-01 00:36:29,362 | prediction 16384/105181
2026-10-01 00:36:36,568 | prediction 20480/105181
2026-10-01 00:36:43,781 | prediction 24576/105181
2026-10-01 00:36:50,995 | prediction 28672/105181
2026-10-01 00:36:58,211 | prediction 32768/105181
2026-10-01 00:37:05,423 | prediction 36864/105181
2026-10-01 00:37:12,637 | prediction 40960/105181
2026-10-01 00:37:19,844 | prediction 45056/105181
2026-10-01 00:37:27,055 | prediction 49152/105181
2026-10-01 00:37:34,260 | prediction 53248/105181
2026-10-01 00:37:41,472 | prediction 57344/105181
2026-10-01 00:37:48,681 | prediction 61440/105181
2026-10-01 00:37:55,898 | prediction 65536/105181
2026-10-01 00:38:03,082 | prediction 69632/105181
2026-10-01 00:38:10,267 | prediction 73728/105181
2026-10-01 00:38:17,445 | prediction 77824/105181
2026-10-01 00:38:24,623 | prediction 81920/105181
2026-10-01 00:38:31,794 | prediction 86016/105181
2026-10-01 00:38:38,977 | prediction 90112/105181
2026-10-01 00:38:46,150 | prediction 94208/105181
2026-10-01 00:38:53,349 | prediction 98304/105181
2026-10-01 00:39:00,543 | prediction 102400/105181
2026-10-01 00:39:06,986 | experiments/exp03/seeds/seed46/static/as_stored/online_frozen.json | up:dNone:u4:pNone
2026-10-01 00:39:14,197 | prediction 4096/105181
2026-10-01 00:39:21,397 | prediction 8192/105181
2026-10-01 00:39:28,560 | prediction 12288/105181
2026-10-01 00:39:35,722 | prediction 16384/105181
2026-10-01 00:39:42,883 | prediction 20480/105181
2026-10-01 00:39:50,041 | prediction 24576/105181
2026-10-01 00:39:57,206 | prediction 28672/105181
2026-10-01 00:40:04,367 | prediction 32768/105181
2026-10-01 00:40:11,535 | prediction 36864/105181
2026-10-01 00:40:18,695 | prediction 40960/105181
2026-10-01 00:40:25,861 | prediction 45056/105181
2026-10-01 00:40:33,021 | prediction 49152/105181
2026-10-01 00:40:40,187 | prediction 53248/105181
2026-10-01 00:40:47,348 | prediction 57344/105181
2026-10-01 00:40:54,513 | prediction 61440/105181
2026-10-01 00:41:01,670 | prediction 65536/105181
2026-10-01 00:41:08,835 | prediction 69632/105181
2026-10-01 00:41:15,999 | prediction 73728/105181
2026-10-01 00:41:23,169 | prediction 77824/105181
2026-10-01 00:41:30,327 | prediction 81920/105181
2026-10-01 00:41:37,499 | prediction 86016/105181
2026-10-01 00:41:44,694 | prediction 90112/105181
2026-10-01 00:41:51,896 | prediction 94208/105181
2026-10-01 00:41:59,094 | prediction 98304/105181
2026-10-01 00:42:06,297 | prediction 102400/105181
2026-10-01 00:42:12,750 | experiments/exp03/seeds/seed46/static/as_stored/online_frozen.json | up:dNone:u8:pNone
2026-10-01 00:42:19,922 | prediction 4096/105181
2026-10-01 00:42:27,079 | prediction 8192/105181
2026-10-01 00:42:34,234 | prediction 12288/105181
2026-10-01 00:42:41,399 | prediction 16384/105181
2026-10-01 00:42:48,560 | prediction 20480/105181
2026-10-01 00:42:55,726 | prediction 24576/105181
2026-10-01 00:43:02,886 | prediction 28672/105181
2026-10-01 00:43:10,044 | prediction 32768/105181
2026-10-01 00:43:17,198 | prediction 36864/105181
2026-10-01 00:43:24,352 | prediction 40960/105181
2026-10-01 00:43:31,502 | prediction 45056/105181
2026-10-01 00:43:38,658 | prediction 49152/105181
2026-10-01 00:43:45,810 | prediction 53248/105181
2026-10-01 00:43:52,964 | prediction 57344/105181
2026-10-01 00:44:00,122 | prediction 61440/105181
2026-10-01 00:44:07,284 | prediction 65536/105181
2026-10-01 00:44:14,440 | prediction 69632/105181
2026-10-01 00:44:21,601 | prediction 73728/105181
2026-10-01 00:44:28,758 | prediction 77824/105181
2026-10-01 00:44:35,921 | prediction 81920/105181
2026-10-01 00:44:43,077 | prediction 86016/105181
2026-10-01 00:44:50,250 | prediction 90112/105181
2026-10-01 00:44:57,416 | prediction 94208/105181
2026-10-01 00:45:04,591 | prediction 98304/105181
2026-10-01 00:45:11,755 | prediction 102400/105181
2026-10-01 00:45:18,169 | experiments/exp03/seeds/seed46/static/as_stored/online_frozen.json | up:dNone:u16:pNone
2026-10-01 00:45:25,352 | prediction 4096/105181
2026-10-01 00:45:32,552 | prediction 8192/105181
2026-10-01 00:45:39,763 | prediction 12288/105181
2026-10-01 00:45:46,968 | prediction 16384/105181
2026-10-01 00:45:54,162 | prediction 20480/105181
2026-10-01 00:46:01,351 | prediction 24576/105181
2026-10-01 00:46:08,542 | prediction 28672/105181
2026-10-01 00:46:15,731 | prediction 32768/105181
2026-10-01 00:46:22,923 | prediction 36864/105181
2026-10-01 00:46:30,113 | prediction 40960/105181
2026-10-01 00:46:37,307 | prediction 45056/105181
2026-10-01 00:46:44,499 | prediction 49152/105181
2026-10-01 00:46:51,692 | prediction 53248/105181
2026-10-01 00:46:58,883 | prediction 57344/105181
2026-10-01 00:47:06,067 | prediction 61440/105181
2026-10-01 00:47:13,223 | prediction 65536/105181
2026-10-01 00:47:20,380 | prediction 69632/105181
2026-10-01 00:47:27,540 | prediction 73728/105181
2026-10-01 00:47:34,710 | prediction 77824/105181
2026-10-01 00:47:41,878 | prediction 81920/105181
2026-10-01 00:47:49,045 | prediction 86016/105181
2026-10-01 00:47:56,212 | prediction 90112/105181
2026-10-01 00:48:03,394 | prediction 94208/105181
2026-10-01 00:48:10,566 | prediction 98304/105181
2026-10-01 00:48:17,744 | prediction 102400/105181
2026-10-01 00:48:24,170 | experiments/exp03/seeds/seed46/static/as_stored/online_frozen.json | up:dNone:u32:pNone
2026-10-01 00:48:31,377 | prediction 4096/105181
2026-10-01 00:48:38,558 | prediction 8192/105181
2026-10-01 00:48:45,738 | prediction 12288/105181
2026-10-01 00:48:52,919 | prediction 16384/105181
2026-10-01 00:49:00,095 | prediction 20480/105181
2026-10-01 00:49:07,276 | prediction 24576/105181
2026-10-01 00:49:14,461 | prediction 28672/105181
2026-10-01 00:49:21,670 | prediction 32768/105181
2026-10-01 00:49:28,875 | prediction 36864/105181
2026-10-01 00:49:36,086 | prediction 40960/105181
2026-10-01 00:49:43,289 | prediction 45056/105181
2026-10-01 00:49:50,494 | prediction 49152/105181
2026-10-01 00:49:57,693 | prediction 53248/105181
2026-10-01 00:50:04,893 | prediction 57344/105181
2026-10-01 00:50:12,054 | prediction 61440/105181
2026-10-01 00:50:19,218 | prediction 65536/105181
2026-10-01 00:50:26,376 | prediction 69632/105181
2026-10-01 00:50:33,539 | prediction 73728/105181
2026-10-01 00:50:40,700 | prediction 77824/105181
2026-10-01 00:50:47,869 | prediction 81920/105181
2026-10-01 00:50:55,031 | prediction 86016/105181
2026-10-01 00:51:02,193 | prediction 90112/105181
2026-10-01 00:51:09,355 | prediction 94208/105181
2026-10-01 00:51:16,520 | prediction 98304/105181
2026-10-01 00:51:23,681 | prediction 102400/105181
2026-10-01 00:51:30,118 | experiments/exp03/seeds/seed46/static/as_stored/online_frozen.json | up:dNone:u48:pNone
2026-10-01 00:51:37,327 | prediction 4096/105181
2026-10-01 00:51:44,503 | prediction 8192/105181
2026-10-01 00:51:51,711 | prediction 12288/105181
2026-10-01 00:51:58,916 | prediction 16384/105181
2026-10-01 00:52:06,125 | prediction 20480/105181
2026-10-01 00:52:13,331 | prediction 24576/105181
2026-10-01 00:52:20,541 | prediction 28672/105181
2026-10-01 00:52:27,747 | prediction 32768/105181
2026-10-01 00:52:34,955 | prediction 36864/105181
2026-10-01 00:52:42,157 | prediction 40960/105181
2026-10-01 00:52:49,347 | prediction 45056/105181
2026-10-01 00:52:56,509 | prediction 49152/105181
2026-10-01 00:53:03,672 | prediction 53248/105181
2026-10-01 00:53:10,830 | prediction 57344/105181
2026-10-01 00:53:17,993 | prediction 61440/105181
2026-10-01 00:53:25,156 | prediction 65536/105181
2026-10-01 00:53:32,321 | prediction 69632/105181
2026-10-01 00:53:39,493 | prediction 73728/105181
2026-10-01 00:53:46,664 | prediction 77824/105181
2026-10-01 00:53:53,830 | prediction 81920/105181
2026-10-01 00:54:00,991 | prediction 86016/105181
2026-10-01 00:54:08,159 | prediction 90112/105181
2026-10-01 00:54:15,331 | prediction 94208/105181
2026-10-01 00:54:22,498 | prediction 98304/105181
2026-10-01 00:54:29,665 | prediction 102400/105181
2026-10-01 00:54:36,087 | experiments/exp03/seeds/seed46/static/as_stored/online_frozen.json | up:dNone:u64:pNone
2026-10-01 00:54:43,291 | prediction 4096/105181
2026-10-01 00:54:50,496 | prediction 8192/105181
2026-10-01 00:54:57,697 | prediction 12288/105181
2026-10-01 00:55:04,902 | prediction 16384/105181
2026-10-01 00:55:12,106 | prediction 20480/105181
2026-10-01 00:55:19,305 | prediction 24576/105181
2026-10-01 00:55:26,505 | prediction 28672/105181
2026-10-01 00:55:33,707 | prediction 32768/105181
2026-10-01 00:55:40,907 | prediction 36864/105181
2026-10-01 00:55:48,109 | prediction 40960/105181
2026-10-01 00:55:55,312 | prediction 45056/105181
2026-10-01 00:56:02,515 | prediction 49152/105181
2026-10-01 00:56:09,705 | prediction 53248/105181
2026-10-01 00:56:16,879 | prediction 57344/105181
2026-10-01 00:56:24,051 | prediction 61440/105181
2026-10-01 00:56:31,224 | prediction 65536/105181
2026-10-01 00:56:38,399 | prediction 69632/105181
2026-10-01 00:56:45,569 | prediction 73728/105181
2026-10-01 00:56:52,737 | prediction 77824/105181
2026-10-01 00:56:59,910 | prediction 81920/105181
2026-10-01 00:57:07,104 | prediction 86016/105181
2026-10-01 00:57:14,307 | prediction 90112/105181
2026-10-01 00:57:21,511 | prediction 94208/105181
2026-10-01 00:57:28,714 | prediction 98304/105181
2026-10-01 00:57:35,922 | prediction 102400/105181
2026-10-01 00:57:42,366 | experiments/exp03/seeds/seed46/static/as_stored/online_frozen.json | up:dNone:u76:pNone
2026-10-01 00:57:49,592 | prediction 4096/105181
2026-10-01 00:57:56,761 | prediction 8192/105181
2026-10-01 00:58:03,927 | prediction 12288/105181
2026-10-01 00:58:11,131 | prediction 16384/105181
2026-10-01 00:58:18,297 | prediction 20480/105181
2026-10-01 00:58:25,465 | prediction 24576/105181
2026-10-01 00:58:32,632 | prediction 28672/105181
2026-10-01 00:58:39,800 | prediction 32768/105181
2026-10-01 00:58:46,965 | prediction 36864/105181
2026-10-01 00:58:54,133 | prediction 40960/105181
2026-10-01 00:59:01,292 | prediction 45056/105181
2026-10-01 00:59:08,484 | prediction 49152/105181
2026-10-01 00:59:15,690 | prediction 53248/105181
2026-10-01 00:59:22,901 | prediction 57344/105181
2026-10-01 00:59:30,108 | prediction 61440/105181
2026-10-01 00:59:37,315 | prediction 65536/105181
2026-10-01 00:59:44,517 | prediction 69632/105181
2026-10-01 00:59:51,719 | prediction 73728/105181
2026-10-01 00:59:58,919 | prediction 77824/105181
2026-10-01 01:00:06,126 | prediction 81920/105181
2026-10-01 01:00:13,327 | prediction 86016/105181
2026-10-01 01:00:20,535 | prediction 90112/105181
2026-10-01 01:00:27,733 | prediction 94208/105181
2026-10-01 01:00:34,927 | prediction 98304/105181
2026-10-01 01:00:42,093 | prediction 102400/105181
2026-10-01 01:00:49,374 | experiments/exp03/seeds/seed46/static/as_stored/online_frozen.json | both:d0:u0:pNone
2026-10-01 01:00:56,545 | prediction 4096/105181
2026-10-01 01:01:03,714 | prediction 8192/105181
2026-10-01 01:01:10,883 | prediction 12288/105181
2026-10-01 01:01:18,078 | prediction 16384/105181
2026-10-01 01:01:25,268 | prediction 20480/105181
2026-10-01 01:01:32,461 | prediction 24576/105181
2026-10-01 01:01:39,651 | prediction 28672/105181
2026-10-01 01:01:46,843 | prediction 32768/105181
2026-10-01 01:01:54,031 | prediction 36864/105181
2026-10-01 01:02:01,203 | prediction 40960/105181
2026-10-01 01:02:08,361 | prediction 45056/105181
2026-10-01 01:02:15,525 | prediction 49152/105181
2026-10-01 01:02:22,695 | prediction 53248/105181
2026-10-01 01:02:29,860 | prediction 57344/105181
2026-10-01 01:02:37,022 | prediction 61440/105181
2026-10-01 01:02:44,190 | prediction 65536/105181
2026-10-01 01:02:51,351 | prediction 69632/105181
2026-10-01 01:02:58,514 | prediction 73728/105181
2026-10-01 01:03:05,674 | prediction 77824/105181
2026-10-01 01:03:12,841 | prediction 81920/105181
2026-10-01 01:03:20,007 | prediction 86016/105181
2026-10-01 01:03:27,203 | prediction 90112/105181
2026-10-01 01:03:34,394 | prediction 94208/105181
2026-10-01 01:03:41,591 | prediction 98304/105181
2026-10-01 01:03:48,785 | prediction 102400/105181
2026-10-01 01:03:55,221 | experiments/exp03/seeds/seed46/static/as_stored/online_frozen.json | both:d1:u1:pNone
2026-10-01 01:04:02,428 | prediction 4096/105181
2026-10-01 01:04:09,626 | prediction 8192/105181
2026-10-01 01:04:16,826 | prediction 12288/105181
2026-10-01 01:04:24,024 | prediction 16384/105181
2026-10-01 01:04:31,224 | prediction 20480/105181
2026-10-01 01:04:38,423 | prediction 24576/105181
2026-10-01 01:04:45,627 | prediction 28672/105181
2026-10-01 01:04:52,803 | prediction 32768/105181
2026-10-01 01:04:59,976 | prediction 36864/105181
2026-10-01 01:05:07,146 | prediction 40960/105181
2026-10-01 01:05:14,319 | prediction 45056/105181
2026-10-01 01:05:21,486 | prediction 49152/105181
2026-10-01 01:05:28,685 | prediction 53248/105181
2026-10-01 01:05:35,886 | prediction 57344/105181
2026-10-01 01:05:43,096 | prediction 61440/105181
2026-10-01 01:05:50,298 | prediction 65536/105181
2026-10-01 01:05:57,501 | prediction 69632/105181
2026-10-01 01:06:04,701 | prediction 73728/105181
2026-10-01 01:06:11,894 | prediction 77824/105181
2026-10-01 01:06:19,100 | prediction 81920/105181
2026-10-01 01:06:26,312 | prediction 86016/105181
2026-10-01 01:06:33,518 | prediction 90112/105181
2026-10-01 01:06:40,721 | prediction 94208/105181
2026-10-01 01:06:47,921 | prediction 98304/105181
2026-10-01 01:06:55,124 | prediction 102400/105181
2026-10-01 01:07:01,606 | experiments/exp03/seeds/seed46/static/as_stored/online_frozen.json | both:d2:u2:pNone
2026-10-01 01:07:08,818 | prediction 4096/105181
2026-10-01 01:07:16,026 | prediction 8192/105181
2026-10-01 01:07:23,230 | prediction 12288/105181
2026-10-01 01:07:30,437 | prediction 16384/105181
2026-10-01 01:07:37,644 | prediction 20480/105181
2026-10-01 01:07:44,851 | prediction 24576/105181
2026-10-01 01:07:52,063 | prediction 28672/105181
2026-10-01 01:07:59,271 | prediction 32768/105181
2026-10-01 01:08:06,479 | prediction 36864/105181
2026-10-01 01:08:13,694 | prediction 40960/105181
2026-10-01 01:08:20,916 | prediction 45056/105181
2026-10-01 01:08:28,132 | prediction 49152/105181
2026-10-01 01:08:35,351 | prediction 53248/105181
2026-10-01 01:08:42,567 | prediction 57344/105181
2026-10-01 01:08:49,781 | prediction 61440/105181
2026-10-01 01:08:56,987 | prediction 65536/105181
2026-10-01 01:09:04,199 | prediction 69632/105181
2026-10-01 01:09:11,408 | prediction 73728/105181
2026-10-01 01:09:18,620 | prediction 77824/105181
2026-10-01 01:09:25,831 | prediction 81920/105181
2026-10-01 01:09:33,043 | prediction 86016/105181
2026-10-01 01:09:40,253 | prediction 90112/105181
2026-10-01 01:09:47,466 | prediction 94208/105181
2026-10-01 01:09:54,675 | prediction 98304/105181
2026-10-01 01:10:01,886 | prediction 102400/105181
2026-10-01 01:10:08,340 | experiments/exp03/seeds/seed46/static/as_stored/online_frozen.json | both:d4:u4:pNone
2026-10-01 01:10:15,554 | prediction 4096/105181
2026-10-01 01:10:22,767 | prediction 8192/105181
2026-10-01 01:10:29,976 | prediction 12288/105181
2026-10-01 01:10:37,179 | prediction 16384/105181
2026-10-01 01:10:44,359 | prediction 20480/105181
2026-10-01 01:10:51,541 | prediction 24576/105181
2026-10-01 01:10:58,716 | prediction 28672/105181
2026-10-01 01:11:05,896 | prediction 32768/105181
2026-10-01 01:11:13,073 | prediction 36864/105181
2026-10-01 01:11:20,254 | prediction 40960/105181
2026-10-01 01:11:27,425 | prediction 45056/105181
2026-10-01 01:11:34,599 | prediction 49152/105181
2026-10-01 01:11:41,769 | prediction 53248/105181
2026-10-01 01:11:48,941 | prediction 57344/105181
2026-10-01 01:11:56,111 | prediction 61440/105181
2026-10-01 01:12:03,285 | prediction 65536/105181
2026-10-01 01:12:10,454 | prediction 69632/105181
2026-10-01 01:12:17,626 | prediction 73728/105181
2026-10-01 01:12:24,794 | prediction 77824/105181
2026-10-01 01:12:31,966 | prediction 81920/105181
2026-10-01 01:12:39,138 | prediction 86016/105181
2026-10-01 01:12:46,313 | prediction 90112/105181
2026-10-01 01:12:53,479 | prediction 94208/105181
2026-10-01 01:13:00,664 | prediction 98304/105181
2026-10-01 01:13:07,860 | prediction 102400/105181
2026-10-01 01:13:14,298 | experiments/exp03/seeds/seed46/static/as_stored/online_frozen.json | both:d8:u8:pNone
2026-10-01 01:13:21,515 | prediction 4096/105181
2026-10-01 01:13:28,720 | prediction 8192/105181
2026-10-01 01:13:35,930 | prediction 12288/105181
2026-10-01 01:13:43,138 | prediction 16384/105181
2026-10-01 01:13:50,346 | prediction 20480/105181
2026-10-01 01:13:57,555 | prediction 24576/105181
2026-10-01 01:14:04,763 | prediction 28672/105181
2026-10-01 01:14:11,957 | prediction 32768/105181
2026-10-01 01:14:19,126 | prediction 36864/105181
2026-10-01 01:14:26,297 | prediction 40960/105181
2026-10-01 01:14:33,464 | prediction 45056/105181
2026-10-01 01:14:40,633 | prediction 49152/105181
2026-10-01 01:14:47,809 | prediction 53248/105181
2026-10-01 01:14:54,991 | prediction 57344/105181
2026-10-01 01:15:02,178 | prediction 61440/105181
2026-10-01 01:15:09,387 | prediction 65536/105181
2026-10-01 01:15:16,588 | prediction 69632/105181
2026-10-01 01:15:23,794 | prediction 73728/105181
2026-10-01 01:15:30,995 | prediction 77824/105181
2026-10-01 01:15:38,204 | prediction 81920/105181
2026-10-01 01:15:45,407 | prediction 86016/105181
2026-10-01 01:15:52,615 | prediction 90112/105181
2026-10-01 01:15:59,819 | prediction 94208/105181
2026-10-01 01:16:07,037 | prediction 98304/105181
2026-10-01 01:16:14,231 | prediction 102400/105181
2026-10-01 01:16:20,655 | experiments/exp03/seeds/seed46/static/as_stored/online_frozen.json | both:d16:u16:pNone
2026-10-01 01:16:27,847 | prediction 4096/105181
2026-10-01 01:16:35,046 | prediction 8192/105181
2026-10-01 01:16:42,255 | prediction 12288/105181
2026-10-01 01:16:49,462 | prediction 16384/105181
2026-10-01 01:16:56,668 | prediction 20480/105181
2026-10-01 01:17:03,868 | prediction 24576/105181
2026-10-01 01:17:11,072 | prediction 28672/105181
2026-10-01 01:17:18,272 | prediction 32768/105181
2026-10-01 01:17:25,477 | prediction 36864/105181
2026-10-01 01:17:32,674 | prediction 40960/105181
2026-10-01 01:17:39,879 | prediction 45056/105181
2026-10-01 01:17:47,077 | prediction 49152/105181
2026-10-01 01:17:54,281 | prediction 53248/105181
2026-10-01 01:18:01,481 | prediction 57344/105181
2026-10-01 01:18:08,681 | prediction 61440/105181
2026-10-01 01:18:15,879 | prediction 65536/105181
2026-10-01 01:18:23,082 | prediction 69632/105181
2026-10-01 01:18:30,284 | prediction 73728/105181
2026-10-01 01:18:37,490 | prediction 77824/105181
2026-10-01 01:18:44,691 | prediction 81920/105181
2026-10-01 01:18:51,895 | prediction 86016/105181
2026-10-01 01:18:59,096 | prediction 90112/105181
2026-10-01 01:19:06,279 | prediction 94208/105181
2026-10-01 01:19:13,449 | prediction 98304/105181
2026-10-01 01:19:20,628 | prediction 102400/105181
2026-10-01 01:19:27,052 | experiments/exp03/seeds/seed46/static/as_stored/online_frozen.json | both:d32:u32:pNone
2026-10-01 01:19:34,265 | prediction 4096/105181
2026-10-01 01:19:41,440 | prediction 8192/105181
2026-10-01 01:19:48,615 | prediction 12288/105181
2026-10-01 01:19:55,788 | prediction 16384/105181
2026-10-01 01:20:02,963 | prediction 20480/105181
2026-10-01 01:20:10,134 | prediction 24576/105181
2026-10-01 01:20:17,317 | prediction 28672/105181
2026-10-01 01:20:24,495 | prediction 32768/105181
2026-10-01 01:20:31,674 | prediction 36864/105181
2026-10-01 01:20:38,854 | prediction 40960/105181
2026-10-01 01:20:46,028 | prediction 45056/105181
2026-10-01 01:20:53,200 | prediction 49152/105181
2026-10-01 01:21:00,369 | prediction 53248/105181
2026-10-01 01:21:07,541 | prediction 57344/105181
2026-10-01 01:21:14,713 | prediction 61440/105181
2026-10-01 01:21:21,890 | prediction 65536/105181
2026-10-01 01:21:29,086 | prediction 69632/105181
2026-10-01 01:21:36,289 | prediction 73728/105181
2026-10-01 01:21:43,488 | prediction 77824/105181
2026-10-01 01:21:50,686 | prediction 81920/105181
2026-10-01 01:21:57,887 | prediction 86016/105181
2026-10-01 01:22:05,085 | prediction 90112/105181
2026-10-01 01:22:12,288 | prediction 94208/105181
2026-10-01 01:22:19,489 | prediction 98304/105181
2026-10-01 01:22:26,691 | prediction 102400/105181
2026-10-01 01:22:33,131 | experiments/exp03/seeds/seed46/static/as_stored/online_frozen.json | both:d48:u48:pNone
2026-10-01 01:22:40,369 | prediction 4096/105181
2026-10-01 01:22:47,580 | prediction 8192/105181
2026-10-01 01:22:54,785 | prediction 12288/105181
2026-10-01 01:23:01,997 | prediction 16384/105181
2026-10-01 01:23:09,200 | prediction 20480/105181
2026-10-01 01:23:16,404 | prediction 24576/105181
2026-10-01 01:23:23,563 | prediction 28672/105181
2026-10-01 01:23:30,730 | prediction 32768/105181
2026-10-01 01:23:37,896 | prediction 36864/105181
2026-10-01 01:23:45,058 | prediction 40960/105181
2026-10-01 01:23:52,215 | prediction 45056/105181
2026-10-01 01:23:59,389 | prediction 49152/105181
2026-10-01 01:24:06,576 | prediction 53248/105181
2026-10-01 01:24:13,768 | prediction 57344/105181
2026-10-01 01:24:20,953 | prediction 61440/105181
2026-10-01 01:24:28,146 | prediction 65536/105181
2026-10-01 01:24:35,332 | prediction 69632/105181
2026-10-01 01:24:42,526 | prediction 73728/105181
2026-10-01 01:24:49,717 | prediction 77824/105181
2026-10-01 01:24:56,914 | prediction 81920/105181
2026-10-01 01:25:04,108 | prediction 86016/105181
2026-10-01 01:25:11,302 | prediction 90112/105181
2026-10-01 01:25:18,490 | prediction 94208/105181
2026-10-01 01:25:25,681 | prediction 98304/105181
2026-10-01 01:25:32,869 | prediction 102400/105181
2026-10-01 01:25:39,333 | experiments/exp03/seeds/seed46/static/as_stored/online_frozen.json | both:d64:u64:pNone
2026-10-01 01:25:46,576 | prediction 4096/105181
2026-10-01 01:25:53,790 | prediction 8192/105181
2026-10-01 01:26:00,970 | prediction 12288/105181
2026-10-01 01:26:08,138 | prediction 16384/105181
2026-10-01 01:26:15,306 | prediction 20480/105181
2026-10-01 01:26:22,471 | prediction 24576/105181
2026-10-01 01:26:29,641 | prediction 28672/105181
2026-10-01 01:26:36,807 | prediction 32768/105181
2026-10-01 01:26:43,978 | prediction 36864/105181
2026-10-01 01:26:51,146 | prediction 40960/105181
2026-10-01 01:26:58,329 | prediction 45056/105181
2026-10-01 01:27:05,528 | prediction 49152/105181
2026-10-01 01:27:12,709 | prediction 53248/105181
2026-10-01 01:27:19,875 | prediction 57344/105181
2026-10-01 01:27:27,043 | prediction 61440/105181
2026-10-01 01:27:34,211 | prediction 65536/105181
2026-10-01 01:27:41,387 | prediction 69632/105181
2026-10-01 01:27:48,557 | prediction 73728/105181
2026-10-01 01:27:55,735 | prediction 77824/105181
2026-10-01 01:28:02,906 | prediction 81920/105181
2026-10-01 01:28:10,083 | prediction 86016/105181
2026-10-01 01:28:17,252 | prediction 90112/105181
2026-10-01 01:28:24,428 | prediction 94208/105181
2026-10-01 01:28:31,602 | prediction 98304/105181
2026-10-01 01:28:38,778 | prediction 102400/105181
2026-10-01 01:28:45,224 | experiments/exp03/seeds/seed46/static/as_stored/online_frozen.json | both:d76:u76:pNone
2026-10-01 01:28:52,446 | prediction 4096/105181
2026-10-01 01:28:59,640 | prediction 8192/105181
2026-10-01 01:29:06,829 | prediction 12288/105181
2026-10-01 01:29:14,019 | prediction 16384/105181
2026-10-01 01:29:21,209 | prediction 20480/105181
2026-10-01 01:29:28,398 | prediction 24576/105181
2026-10-01 01:29:35,592 | prediction 28672/105181
2026-10-01 01:29:42,783 | prediction 32768/105181
2026-10-01 01:29:49,974 | prediction 36864/105181
2026-10-01 01:29:57,164 | prediction 40960/105181
2026-10-01 01:30:04,356 | prediction 45056/105181
2026-10-01 01:30:11,542 | prediction 49152/105181
2026-10-01 01:30:18,732 | prediction 53248/105181
2026-10-01 01:30:25,921 | prediction 57344/105181
2026-10-01 01:30:33,110 | prediction 61440/105181
2026-10-01 01:30:40,301 | prediction 65536/105181
2026-10-01 01:30:47,496 | prediction 69632/105181
2026-10-01 01:30:54,681 | prediction 73728/105181
2026-10-01 01:31:01,882 | prediction 77824/105181
2026-10-01 01:31:09,090 | prediction 81920/105181
2026-10-01 01:31:16,296 | prediction 86016/105181
2026-10-01 01:31:23,502 | prediction 90112/105181
2026-10-01 01:31:30,709 | prediction 94208/105181
2026-10-01 01:31:37,897 | prediction 98304/105181
2026-10-01 01:31:45,075 | prediction 102400/105181
2026-10-01 01:31:52,386 | experiments/exp03/seeds/seed46/static/as_stored/online_frozen.json | random:d4:u4:p0
2026-10-01 01:31:59,586 | prediction 4096/105181
2026-10-01 01:32:06,770 | prediction 8192/105181
2026-10-01 01:32:13,951 | prediction 12288/105181
2026-10-01 01:32:21,133 | prediction 16384/105181
2026-10-01 01:32:28,312 | prediction 20480/105181
2026-10-01 01:32:35,495 | prediction 24576/105181
2026-10-01 01:32:42,669 | prediction 28672/105181
2026-10-01 01:32:49,857 | prediction 32768/105181
2026-10-01 01:32:57,038 | prediction 36864/105181
2026-10-01 01:33:04,220 | prediction 40960/105181
2026-10-01 01:33:11,402 | prediction 45056/105181
2026-10-01 01:33:18,583 | prediction 49152/105181
2026-10-01 01:33:25,767 | prediction 53248/105181
2026-10-01 01:33:32,946 | prediction 57344/105181
2026-10-01 01:33:40,129 | prediction 61440/105181
2026-10-01 01:33:47,314 | prediction 65536/105181
2026-10-01 01:33:54,505 | prediction 69632/105181
2026-10-01 01:34:01,681 | prediction 73728/105181
2026-10-01 01:34:08,863 | prediction 77824/105181
2026-10-01 01:34:16,040 | prediction 81920/105181
2026-10-01 01:34:23,214 | prediction 86016/105181
2026-10-01 01:34:30,392 | prediction 90112/105181
2026-10-01 01:34:37,597 | prediction 94208/105181
2026-10-01 01:34:44,801 | prediction 98304/105181
2026-10-01 01:34:52,007 | prediction 102400/105181
2026-10-01 01:34:58,471 | experiments/exp03/seeds/seed46/static/as_stored/online_frozen.json | random:d4:u4:p1
2026-10-01 01:35:05,705 | prediction 4096/105181
2026-10-01 01:35:12,928 | prediction 8192/105181
2026-10-01 01:35:20,146 | prediction 12288/105181
2026-10-01 01:35:27,367 | prediction 16384/105181
2026-10-01 01:35:34,583 | prediction 20480/105181
2026-10-01 01:35:41,804 | prediction 24576/105181
2026-10-01 01:35:49,027 | prediction 28672/105181
2026-10-01 01:35:56,229 | prediction 32768/105181
2026-10-01 01:36:03,418 | prediction 36864/105181
2026-10-01 01:36:10,606 | prediction 40960/105181
2026-10-01 01:36:17,790 | prediction 45056/105181
2026-10-01 01:36:24,978 | prediction 49152/105181
2026-10-01 01:36:32,193 | prediction 53248/105181
2026-10-01 01:36:39,396 | prediction 57344/105181
2026-10-01 01:36:46,599 | prediction 61440/105181
2026-10-01 01:36:53,771 | prediction 65536/105181
2026-10-01 01:37:00,938 | prediction 69632/105181
2026-10-01 01:37:08,107 | prediction 73728/105181
2026-10-01 01:37:15,273 | prediction 77824/105181
2026-10-01 01:37:22,433 | prediction 81920/105181
2026-10-01 01:37:29,592 | prediction 86016/105181
2026-10-01 01:37:36,755 | prediction 90112/105181
2026-10-01 01:37:43,917 | prediction 94208/105181
2026-10-01 01:37:51,079 | prediction 98304/105181
2026-10-01 01:37:58,262 | prediction 102400/105181
2026-10-01 01:38:04,717 | experiments/exp03/seeds/seed46/static/as_stored/online_frozen.json | random:d4:u4:p2
2026-10-01 01:38:11,943 | prediction 4096/105181
2026-10-01 01:38:19,160 | prediction 8192/105181
2026-10-01 01:38:26,376 | prediction 12288/105181
2026-10-01 01:38:33,589 | prediction 16384/105181
2026-10-01 01:38:40,806 | prediction 20480/105181
2026-10-01 01:38:48,016 | prediction 24576/105181
2026-10-01 01:38:55,192 | prediction 28672/105181
2026-10-01 01:39:02,362 | prediction 32768/105181
2026-10-01 01:39:09,532 | prediction 36864/105181
2026-10-01 01:39:16,712 | prediction 40960/105181
2026-10-01 01:39:23,893 | prediction 45056/105181
2026-10-01 01:39:31,071 | prediction 49152/105181
2026-10-01 01:39:38,251 | prediction 53248/105181
2026-10-01 01:39:45,430 | prediction 57344/105181
2026-10-01 01:39:52,608 | prediction 61440/105181
2026-10-01 01:39:59,788 | prediction 65536/105181
2026-10-01 01:40:06,974 | prediction 69632/105181
2026-10-01 01:40:14,156 | prediction 73728/105181
2026-10-01 01:40:21,341 | prediction 77824/105181
2026-10-01 01:40:28,519 | prediction 81920/105181
2026-10-01 01:40:35,698 | prediction 86016/105181
2026-10-01 01:40:42,878 | prediction 90112/105181
2026-10-01 01:40:50,054 | prediction 94208/105181
2026-10-01 01:40:57,234 | prediction 98304/105181
2026-10-01 01:41:04,413 | prediction 102400/105181
2026-10-01 01:41:10,850 | experiments/exp03/seeds/seed46/static/as_stored/online_frozen.json | random:d8:u8:p0
2026-10-01 01:41:18,065 | prediction 4096/105181
2026-10-01 01:41:25,287 | prediction 8192/105181
2026-10-01 01:41:32,497 | prediction 12288/105181
2026-10-01 01:41:39,692 | prediction 16384/105181
2026-10-01 01:41:46,881 | prediction 20480/105181
2026-10-01 01:41:54,066 | prediction 24576/105181
2026-10-01 01:42:01,238 | prediction 28672/105181
2026-10-01 01:42:08,426 | prediction 32768/105181
2026-10-01 01:42:15,610 | prediction 36864/105181
2026-10-01 01:42:22,803 | prediction 40960/105181
2026-10-01 01:42:30,017 | prediction 45056/105181
2026-10-01 01:42:37,238 | prediction 49152/105181
2026-10-01 01:42:44,452 | prediction 53248/105181
2026-10-01 01:42:51,672 | prediction 57344/105181
2026-10-01 01:42:58,879 | prediction 61440/105181
2026-10-01 01:43:06,084 | prediction 65536/105181
2026-10-01 01:43:13,290 | prediction 69632/105181
2026-10-01 01:43:20,496 | prediction 73728/105181
2026-10-01 01:43:27,697 | prediction 77824/105181
2026-10-01 01:43:34,891 | prediction 81920/105181
2026-10-01 01:43:42,089 | prediction 86016/105181
2026-10-01 01:43:49,276 | prediction 90112/105181
2026-10-01 01:43:56,445 | prediction 94208/105181
2026-10-01 01:44:03,612 | prediction 98304/105181
2026-10-01 01:44:10,777 | prediction 102400/105181
2026-10-01 01:44:17,238 | experiments/exp03/seeds/seed46/static/as_stored/online_frozen.json | random:d8:u8:p1
2026-10-01 01:44:24,446 | prediction 4096/105181
2026-10-01 01:44:31,613 | prediction 8192/105181
2026-10-01 01:44:38,779 | prediction 12288/105181
2026-10-01 01:44:45,951 | prediction 16384/105181
2026-10-01 01:44:53,119 | prediction 20480/105181
2026-10-01 01:45:00,287 | prediction 24576/105181
2026-10-01 01:45:07,455 | prediction 28672/105181
2026-10-01 01:45:14,625 | prediction 32768/105181
2026-10-01 01:45:21,791 | prediction 36864/105181
2026-10-01 01:45:28,964 | prediction 40960/105181
2026-10-01 01:45:36,139 | prediction 45056/105181
2026-10-01 01:45:43,342 | prediction 49152/105181
2026-10-01 01:45:50,545 | prediction 53248/105181
2026-10-01 01:45:57,752 | prediction 57344/105181
2026-10-01 01:46:05,099 | prediction 61440/105181
2026-10-01 01:46:12,321 | prediction 65536/105181
2026-10-01 01:46:19,520 | prediction 69632/105181
2026-10-01 01:46:26,718 | prediction 73728/105181
2026-10-01 01:46:33,916 | prediction 77824/105181
2026-10-01 01:46:41,124 | prediction 81920/105181
2026-10-01 01:46:48,323 | prediction 86016/105181
2026-10-01 01:46:55,527 | prediction 90112/105181
2026-10-01 01:47:02,701 | prediction 94208/105181
2026-10-01 01:47:09,873 | prediction 98304/105181
2026-10-01 01:47:17,035 | prediction 102400/105181
2026-10-01 01:47:23,472 | experiments/exp03/seeds/seed46/static/as_stored/online_frozen.json | random:d8:u8:p2
2026-10-01 01:47:30,669 | prediction 4096/105181
2026-10-01 01:47:37,853 | prediction 8192/105181
2026-10-01 01:47:45,060 | prediction 12288/105181
2026-10-01 01:47:52,261 | prediction 16384/105181
2026-10-01 01:47:59,467 | prediction 20480/105181
2026-10-01 01:48:06,672 | prediction 24576/105181
2026-10-01 01:48:13,881 | prediction 28672/105181
2026-10-01 01:48:21,080 | prediction 32768/105181
2026-10-01 01:48:28,286 | prediction 36864/105181
2026-10-01 01:48:35,489 | prediction 40960/105181
2026-10-01 01:48:42,697 | prediction 45056/105181
2026-10-01 01:48:49,901 | prediction 49152/105181
2026-10-01 01:48:57,093 | prediction 53248/105181
2026-10-01 01:49:04,262 | prediction 57344/105181
2026-10-01 01:49:11,437 | prediction 61440/105181
2026-10-01 01:49:18,603 | prediction 65536/105181
2026-10-01 01:49:25,780 | prediction 69632/105181
2026-10-01 01:49:32,945 | prediction 73728/105181
2026-10-01 01:49:40,116 | prediction 77824/105181
2026-10-01 01:49:47,281 | prediction 81920/105181
2026-10-01 01:49:54,456 | prediction 86016/105181
2026-10-01 01:50:01,623 | prediction 90112/105181
2026-10-01 01:50:08,794 | prediction 94208/105181
2026-10-01 01:50:15,959 | prediction 98304/105181
2026-10-01 01:50:23,128 | prediction 102400/105181
2026-10-01 01:50:29,581 | experiments/exp03/seeds/seed46/static/as_stored/online_frozen.json | random:d16:u16:p0
2026-10-01 01:50:36,775 | prediction 4096/105181
2026-10-01 01:50:43,962 | prediction 8192/105181
2026-10-01 01:50:51,174 | prediction 12288/105181
2026-10-01 01:50:58,390 | prediction 16384/105181
2026-10-01 01:51:05,601 | prediction 20480/105181
2026-10-01 01:51:12,818 | prediction 24576/105181
2026-10-01 01:51:20,033 | prediction 28672/105181
2026-10-01 01:51:27,248 | prediction 32768/105181
2026-10-01 01:51:34,460 | prediction 36864/105181
2026-10-01 01:51:41,671 | prediction 40960/105181
2026-10-01 01:51:48,883 | prediction 45056/105181
2026-10-01 01:51:56,093 | prediction 49152/105181
2026-10-01 01:52:03,304 | prediction 53248/105181
2026-10-01 01:52:10,512 | prediction 57344/105181
2026-10-01 01:52:17,728 | prediction 61440/105181
2026-10-01 01:52:24,939 | prediction 65536/105181
2026-10-01 01:52:32,138 | prediction 69632/105181
2026-10-01 01:52:39,345 | prediction 73728/105181
2026-10-01 01:52:46,554 | prediction 77824/105181
2026-10-01 01:52:53,754 | prediction 81920/105181
2026-10-01 01:53:00,960 | prediction 86016/105181
2026-10-01 01:53:08,156 | prediction 90112/105181
2026-10-01 01:53:15,355 | prediction 94208/105181
2026-10-01 01:53:22,529 | prediction 98304/105181
2026-10-01 01:53:29,692 | prediction 102400/105181
2026-10-01 01:53:36,137 | experiments/exp03/seeds/seed46/static/as_stored/online_frozen.json | random:d16:u16:p1
2026-10-01 01:53:43,318 | prediction 4096/105181
2026-10-01 01:53:50,484 | prediction 8192/105181
2026-10-01 01:53:57,644 | prediction 12288/105181
2026-10-01 01:54:04,805 | prediction 16384/105181
2026-10-01 01:54:11,964 | prediction 20480/105181
2026-10-01 01:54:19,129 | prediction 24576/105181
2026-10-01 01:54:26,294 | prediction 28672/105181
2026-10-01 01:54:33,464 | prediction 32768/105181
2026-10-01 01:54:40,665 | prediction 36864/105181
2026-10-01 01:54:47,879 | prediction 40960/105181
2026-10-01 01:54:55,086 | prediction 45056/105181
2026-10-01 01:55:02,300 | prediction 49152/105181
2026-10-01 01:55:09,508 | prediction 53248/105181
2026-10-01 01:55:16,720 | prediction 57344/105181
2026-10-01 01:55:23,932 | prediction 61440/105181
2026-10-01 01:55:31,126 | prediction 65536/105181
2026-10-01 01:55:38,297 | prediction 69632/105181
2026-10-01 01:55:45,467 | prediction 73728/105181
2026-10-01 01:55:52,636 | prediction 77824/105181
2026-10-01 01:55:59,811 | prediction 81920/105181
2026-10-01 01:56:06,982 | prediction 86016/105181
2026-10-01 01:56:14,157 | prediction 90112/105181
2026-10-01 01:56:21,325 | prediction 94208/105181
2026-10-01 01:56:28,501 | prediction 98304/105181
2026-10-01 01:56:35,681 | prediction 102400/105181
2026-10-01 01:56:42,134 | experiments/exp03/seeds/seed46/static/as_stored/online_frozen.json | random:d16:u16:p2
2026-10-01 01:56:49,325 | prediction 4096/105181
2026-10-01 01:56:56,500 | prediction 8192/105181
2026-10-01 01:57:03,679 | prediction 12288/105181
2026-10-01 01:57:10,856 | prediction 16384/105181
2026-10-01 01:57:18,034 | prediction 20480/105181
2026-10-01 01:57:25,213 | prediction 24576/105181
2026-10-01 01:57:32,392 | prediction 28672/105181
2026-10-01 01:57:39,594 | prediction 32768/105181
2026-10-01 01:57:46,799 | prediction 36864/105181
2026-10-01 01:57:54,001 | prediction 40960/105181
2026-10-01 01:58:01,200 | prediction 45056/105181
2026-10-01 01:58:08,405 | prediction 49152/105181
2026-10-01 01:58:15,611 | prediction 53248/105181
2026-10-01 01:58:22,816 | prediction 57344/105181
2026-10-01 01:58:30,019 | prediction 61440/105181
2026-10-01 01:58:37,226 | prediction 65536/105181
2026-10-01 01:58:44,427 | prediction 69632/105181
2026-10-01 01:58:51,639 | prediction 73728/105181
2026-10-01 01:58:58,839 | prediction 77824/105181
2026-10-01 01:59:06,018 | prediction 81920/105181
2026-10-01 01:59:13,173 | prediction 86016/105181
2026-10-01 01:59:20,332 | prediction 90112/105181
2026-10-01 01:59:27,509 | prediction 94208/105181
2026-10-01 01:59:34,687 | prediction 98304/105181
2026-10-01 01:59:41,853 | prediction 102400/105181
2026-10-01 01:59:48,320 | experiments/exp03/seeds/seed46/static/as_stored/online_frozen.json | random:d32:u32:p0
2026-10-01 01:59:55,529 | prediction 4096/105181
2026-10-01 02:00:02,693 | prediction 8192/105181
2026-10-01 02:00:09,865 | prediction 12288/105181
2026-10-01 02:00:17,027 | prediction 16384/105181
2026-10-01 02:00:24,203 | prediction 20480/105181
2026-10-01 02:00:31,391 | prediction 24576/105181
2026-10-01 02:00:38,558 | prediction 28672/105181
2026-10-01 02:00:45,720 | prediction 32768/105181
2026-10-01 02:00:52,886 | prediction 36864/105181
2026-10-01 02:01:00,050 | prediction 40960/105181
2026-10-01 02:01:07,258 | prediction 45056/105181
2026-10-01 02:01:14,433 | prediction 49152/105181
2026-10-01 02:01:21,605 | prediction 53248/105181
2026-10-01 02:01:28,773 | prediction 57344/105181
2026-10-01 02:01:35,943 | prediction 61440/105181
2026-10-01 02:01:43,129 | prediction 65536/105181
2026-10-01 02:01:50,329 | prediction 69632/105181
2026-10-01 02:01:57,523 | prediction 73728/105181
2026-10-01 02:02:04,723 | prediction 77824/105181
2026-10-01 02:02:11,918 | prediction 81920/105181
2026-10-01 02:02:19,117 | prediction 86016/105181
2026-10-01 02:02:26,310 | prediction 90112/105181
2026-10-01 02:02:33,506 | prediction 94208/105181
2026-10-01 02:02:40,705 | prediction 98304/105181
2026-10-01 02:02:47,900 | prediction 102400/105181
2026-10-01 02:02:54,360 | experiments/exp03/seeds/seed46/static/as_stored/online_frozen.json | random:d32:u32:p1
2026-10-01 02:03:01,602 | prediction 4096/105181
2026-10-01 02:03:08,814 | prediction 8192/105181
2026-10-01 02:03:16,023 | prediction 12288/105181
2026-10-01 02:03:23,228 | prediction 16384/105181
2026-10-01 02:03:30,434 | prediction 20480/105181
2026-10-01 02:03:37,639 | prediction 24576/105181
2026-10-01 02:03:44,838 | prediction 28672/105181
2026-10-01 02:03:52,049 | prediction 32768/105181
2026-10-01 02:03:59,256 | prediction 36864/105181
2026-10-01 02:04:06,469 | prediction 40960/105181
2026-10-01 02:04:13,678 | prediction 45056/105181
2026-10-01 02:04:20,885 | prediction 49152/105181
2026-10-01 02:04:28,087 | prediction 53248/105181
2026-10-01 02:04:35,286 | prediction 57344/105181
2026-10-01 02:04:42,488 | prediction 61440/105181
2026-10-01 02:04:49,700 | prediction 65536/105181
2026-10-01 02:04:56,912 | prediction 69632/105181
2026-10-01 02:05:04,123 | prediction 73728/105181
2026-10-01 02:05:11,328 | prediction 77824/105181
2026-10-01 02:05:18,536 | prediction 81920/105181
2026-10-01 02:05:25,743 | prediction 86016/105181
2026-10-01 02:05:32,952 | prediction 90112/105181
2026-10-01 02:05:40,163 | prediction 94208/105181
2026-10-01 02:05:47,372 | prediction 98304/105181
2026-10-01 02:05:54,573 | prediction 102400/105181
2026-10-01 02:06:01,038 | experiments/exp03/seeds/seed46/static/as_stored/online_frozen.json | random:d32:u32:p2
2026-10-01 02:06:08,264 | prediction 4096/105181
2026-10-01 02:06:15,430 | prediction 8192/105181
2026-10-01 02:06:22,592 | prediction 12288/105181
2026-10-01 02:06:29,757 | prediction 16384/105181
2026-10-01 02:06:36,922 | prediction 20480/105181
2026-10-01 02:06:44,084 | prediction 24576/105181
2026-10-01 02:06:51,247 | prediction 28672/105181
2026-10-01 02:06:58,407 | prediction 32768/105181
2026-10-01 02:07:05,571 | prediction 36864/105181
2026-10-01 02:07:12,730 | prediction 40960/105181
2026-10-01 02:07:19,896 | prediction 45056/105181
2026-10-01 02:07:27,059 | prediction 49152/105181
2026-10-01 02:07:34,228 | prediction 53248/105181
2026-10-01 02:07:41,397 | prediction 57344/105181
2026-10-01 02:07:48,571 | prediction 61440/105181
2026-10-01 02:07:55,740 | prediction 65536/105181
2026-10-01 02:08:02,912 | prediction 69632/105181
2026-10-01 02:08:10,085 | prediction 73728/105181
2026-10-01 02:08:17,255 | prediction 77824/105181
2026-10-01 02:08:24,413 | prediction 81920/105181
2026-10-01 02:08:31,578 | prediction 86016/105181
2026-10-01 02:08:38,738 | prediction 90112/105181
2026-10-01 02:08:45,907 | prediction 94208/105181
2026-10-01 02:08:53,077 | prediction 98304/105181
2026-10-01 02:09:00,249 | prediction 102400/105181
2026-10-01 02:09:13,966 | prediction 4096/105181
2026-10-01 02:09:21,171 | prediction 8192/105181
2026-10-01 02:09:28,374 | prediction 12288/105181
2026-10-01 02:09:35,580 | prediction 16384/105181
2026-10-01 02:09:42,782 | prediction 20480/105181
2026-10-01 02:09:49,987 | prediction 24576/105181
2026-10-01 02:09:57,195 | prediction 28672/105181
2026-10-01 02:10:04,401 | prediction 32768/105181
2026-10-01 02:10:11,610 | prediction 36864/105181
2026-10-01 02:10:18,811 | prediction 40960/105181
2026-10-01 02:10:26,024 | prediction 45056/105181
2026-10-01 02:10:33,224 | prediction 49152/105181
2026-10-01 02:10:40,435 | prediction 53248/105181
2026-10-01 02:10:47,640 | prediction 57344/105181
2026-10-01 02:10:54,848 | prediction 61440/105181
2026-10-01 02:11:02,050 | prediction 65536/105181
2026-10-01 02:11:09,262 | prediction 69632/105181
2026-10-01 02:11:16,467 | prediction 73728/105181
2026-10-01 02:11:23,675 | prediction 77824/105181
2026-10-01 02:11:30,876 | prediction 81920/105181
2026-10-01 02:11:38,087 | prediction 86016/105181
2026-10-01 02:11:45,282 | prediction 90112/105181
2026-10-01 02:11:52,451 | prediction 94208/105181
2026-10-01 02:11:59,612 | prediction 98304/105181
2026-10-01 02:12:06,778 | prediction 102400/105181
2026-10-01 02:12:12,168 | experiments/exp03/seeds/seed46/static/aligned/online_frozen.json | original:dNone:uNone:pNone
2026-10-01 02:12:14,572 | experiments/exp03/seeds/seed46/static/aligned/online_frozen.json | bypass:dNone:uNone:pNone
2026-10-01 02:12:21,756 | prediction 4096/105181
2026-10-01 02:12:28,923 | prediction 8192/105181
2026-10-01 02:12:36,096 | prediction 12288/105181
2026-10-01 02:12:43,261 | prediction 16384/105181
2026-10-01 02:12:50,436 | prediction 20480/105181
2026-10-01 02:12:57,632 | prediction 24576/105181
2026-10-01 02:13:04,836 | prediction 28672/105181
2026-10-01 02:13:12,035 | prediction 32768/105181
2026-10-01 02:13:19,237 | prediction 36864/105181
2026-10-01 02:13:26,435 | prediction 40960/105181
2026-10-01 02:13:33,639 | prediction 45056/105181
2026-10-01 02:13:40,816 | prediction 49152/105181
2026-10-01 02:13:47,976 | prediction 53248/105181
2026-10-01 02:13:55,137 | prediction 57344/105181
2026-10-01 02:14:02,301 | prediction 61440/105181
2026-10-01 02:14:09,464 | prediction 65536/105181
2026-10-01 02:14:16,627 | prediction 69632/105181
2026-10-01 02:14:23,788 | prediction 73728/105181
2026-10-01 02:14:30,952 | prediction 77824/105181
2026-10-01 02:14:38,114 | prediction 81920/105181
2026-10-01 02:14:45,283 | prediction 86016/105181
2026-10-01 02:14:52,439 | prediction 90112/105181
2026-10-01 02:14:59,595 | prediction 94208/105181
2026-10-01 02:15:06,749 | prediction 98304/105181
2026-10-01 02:15:13,907 | prediction 102400/105181
2026-10-01 02:15:20,313 | experiments/exp03/seeds/seed46/static/aligned/online_frozen.json | down:d0:uNone:pNone
2026-10-01 02:15:27,508 | prediction 4096/105181
2026-10-01 02:15:34,665 | prediction 8192/105181
2026-10-01 02:15:41,822 | prediction 12288/105181
2026-10-01 02:15:48,987 | prediction 16384/105181
2026-10-01 02:15:56,144 | prediction 20480/105181
2026-10-01 02:16:03,314 | prediction 24576/105181
2026-10-01 02:16:10,512 | prediction 28672/105181
2026-10-01 02:16:17,722 | prediction 32768/105181
2026-10-01 02:16:24,926 | prediction 36864/105181
2026-10-01 02:16:32,115 | prediction 40960/105181
2026-10-01 02:16:39,279 | prediction 45056/105181
2026-10-01 02:16:46,440 | prediction 49152/105181
2026-10-01 02:16:53,596 | prediction 53248/105181
2026-10-01 02:17:00,757 | prediction 57344/105181
2026-10-01 02:17:07,916 | prediction 61440/105181
2026-10-01 02:17:15,082 | prediction 65536/105181
2026-10-01 02:17:22,239 | prediction 69632/105181
2026-10-01 02:17:29,405 | prediction 73728/105181
2026-10-01 02:17:36,563 | prediction 77824/105181
2026-10-01 02:17:43,736 | prediction 81920/105181
2026-10-01 02:17:50,901 | prediction 86016/105181
2026-10-01 02:17:58,071 | prediction 90112/105181
2026-10-01 02:18:05,235 | prediction 94208/105181
2026-10-01 02:18:12,404 | prediction 98304/105181
2026-10-01 02:18:19,567 | prediction 102400/105181
2026-10-01 02:18:26,016 | experiments/exp03/seeds/seed46/static/aligned/online_frozen.json | down:d1:uNone:pNone
2026-10-01 02:18:33,198 | prediction 4096/105181
2026-10-01 02:18:40,364 | prediction 8192/105181
2026-10-01 02:18:47,568 | prediction 12288/105181
2026-10-01 02:18:54,765 | prediction 16384/105181
2026-10-01 02:19:01,970 | prediction 20480/105181
2026-10-01 02:19:09,164 | prediction 24576/105181
2026-10-01 02:19:16,363 | prediction 28672/105181
2026-10-01 02:19:23,555 | prediction 32768/105181
2026-10-01 02:19:30,753 | prediction 36864/105181
2026-10-01 02:19:37,948 | prediction 40960/105181
2026-10-01 02:19:45,145 | prediction 45056/105181
2026-10-01 02:19:52,343 | prediction 49152/105181
2026-10-01 02:19:59,540 | prediction 53248/105181
2026-10-01 02:20:06,736 | prediction 57344/105181
2026-10-01 02:20:13,934 | prediction 61440/105181
2026-10-01 02:20:21,132 | prediction 65536/105181
2026-10-01 02:20:28,340 | prediction 69632/105181
2026-10-01 02:20:35,550 | prediction 73728/105181
2026-10-01 02:20:42,754 | prediction 77824/105181
2026-10-01 02:20:49,961 | prediction 81920/105181
2026-10-01 02:20:57,165 | prediction 86016/105181
2026-10-01 02:21:04,363 | prediction 90112/105181
2026-10-01 02:21:11,523 | prediction 94208/105181
2026-10-01 02:21:18,682 | prediction 98304/105181
2026-10-01 02:21:25,846 | prediction 102400/105181
2026-10-01 02:21:32,267 | experiments/exp03/seeds/seed46/static/aligned/online_frozen.json | down:d2:uNone:pNone
2026-10-01 02:21:39,450 | prediction 4096/105181
2026-10-01 02:21:46,628 | prediction 8192/105181
2026-10-01 02:21:53,827 | prediction 12288/105181
2026-10-01 02:22:01,022 | prediction 16384/105181
2026-10-01 02:22:08,218 | prediction 20480/105181
2026-10-01 02:22:15,421 | prediction 24576/105181
2026-10-01 02:22:22,627 | prediction 28672/105181
2026-10-01 02:22:29,833 | prediction 32768/105181
2026-10-01 02:22:37,042 | prediction 36864/105181
2026-10-01 02:22:44,249 | prediction 40960/105181
2026-10-01 02:22:51,461 | prediction 45056/105181
2026-10-01 02:22:58,674 | prediction 49152/105181
2026-10-01 02:23:05,887 | prediction 53248/105181
2026-10-01 02:23:13,096 | prediction 57344/105181
2026-10-01 02:23:20,307 | prediction 61440/105181
2026-10-01 02:23:27,515 | prediction 65536/105181
2026-10-01 02:23:34,727 | prediction 69632/105181
2026-10-01 02:23:41,936 | prediction 73728/105181
2026-10-01 02:23:49,136 | prediction 77824/105181
2026-10-01 02:23:56,312 | prediction 81920/105181
2026-10-01 02:24:03,486 | prediction 86016/105181
2026-10-01 02:24:10,662 | prediction 90112/105181
2026-10-01 02:24:17,838 | prediction 94208/105181
2026-10-01 02:24:25,013 | prediction 98304/105181
2026-10-01 02:24:32,187 | prediction 102400/105181
2026-10-01 02:24:38,623 | experiments/exp03/seeds/seed46/static/aligned/online_frozen.json | down:d4:uNone:pNone
2026-10-01 02:24:45,810 | prediction 4096/105181
2026-10-01 02:24:53,012 | prediction 8192/105181
2026-10-01 02:25:00,222 | prediction 12288/105181
2026-10-01 02:25:07,432 | prediction 16384/105181
2026-10-01 02:25:14,639 | prediction 20480/105181
2026-10-01 02:25:21,850 | prediction 24576/105181
2026-10-01 02:25:29,064 | prediction 28672/105181
2026-10-01 02:25:36,274 | prediction 32768/105181
2026-10-01 02:25:43,452 | prediction 36864/105181
2026-10-01 02:25:50,627 | prediction 40960/105181
2026-10-01 02:25:57,796 | prediction 45056/105181
2026-10-01 02:26:04,993 | prediction 49152/105181
2026-10-01 02:26:12,194 | prediction 53248/105181
2026-10-01 02:26:19,386 | prediction 57344/105181
2026-10-01 02:26:26,560 | prediction 61440/105181
2026-10-01 02:26:33,781 | prediction 65536/105181
2026-10-01 02:26:40,996 | prediction 69632/105181
2026-10-01 02:26:48,211 | prediction 73728/105181
2026-10-01 02:26:55,410 | prediction 77824/105181
2026-10-01 02:27:02,610 | prediction 81920/105181
2026-10-01 02:27:09,813 | prediction 86016/105181
2026-10-01 02:27:17,014 | prediction 90112/105181
2026-10-01 02:27:24,217 | prediction 94208/105181
2026-10-01 02:27:31,422 | prediction 98304/105181
2026-10-01 02:27:38,625 | prediction 102400/105181
2026-10-01 02:27:45,073 | experiments/exp03/seeds/seed46/static/aligned/online_frozen.json | down:d8:uNone:pNone
2026-10-01 02:27:52,278 | prediction 4096/105181
2026-10-01 02:27:59,444 | prediction 8192/105181
2026-10-01 02:28:06,608 | prediction 12288/105181
2026-10-01 02:28:13,767 | prediction 16384/105181
2026-10-01 02:28:20,932 | prediction 20480/105181
2026-10-01 02:28:28,088 | prediction 24576/105181
2026-10-01 02:28:35,258 | prediction 28672/105181
2026-10-01 02:28:42,419 | prediction 32768/105181
2026-10-01 02:28:49,585 | prediction 36864/105181
2026-10-01 02:28:56,744 | prediction 40960/105181
2026-10-01 02:29:03,911 | prediction 45056/105181
2026-10-01 02:29:11,075 | prediction 49152/105181
2026-10-01 02:29:18,250 | prediction 53248/105181
2026-10-01 02:29:25,410 | prediction 57344/105181
2026-10-01 02:29:32,577 | prediction 61440/105181
2026-10-01 02:29:39,743 | prediction 65536/105181
2026-10-01 02:29:46,915 | prediction 69632/105181
2026-10-01 02:29:54,087 | prediction 73728/105181
2026-10-01 02:30:01,262 | prediction 77824/105181
2026-10-01 02:30:08,461 | prediction 81920/105181
2026-10-01 02:30:15,672 | prediction 86016/105181
2026-10-01 02:30:22,875 | prediction 90112/105181
2026-10-01 02:30:30,076 | prediction 94208/105181
2026-10-01 02:30:37,257 | prediction 98304/105181
2026-10-01 02:30:44,422 | prediction 102400/105181
2026-10-01 02:30:50,856 | experiments/exp03/seeds/seed46/static/aligned/online_frozen.json | down:d16:uNone:pNone
2026-10-01 02:30:58,064 | prediction 4096/105181
2026-10-01 02:31:05,272 | prediction 8192/105181
2026-10-01 02:31:12,471 | prediction 12288/105181
2026-10-01 02:31:19,679 | prediction 16384/105181
2026-10-01 02:31:26,877 | prediction 20480/105181
2026-10-01 02:31:34,085 | prediction 24576/105181
2026-10-01 02:31:41,289 | prediction 28672/105181
2026-10-01 02:31:48,502 | prediction 32768/105181
2026-10-01 02:31:55,709 | prediction 36864/105181
2026-10-01 02:32:02,924 | prediction 40960/105181
2026-10-01 02:32:10,117 | prediction 45056/105181
2026-10-01 02:32:17,288 | prediction 49152/105181
2026-10-01 02:32:24,449 | prediction 53248/105181
2026-10-01 02:32:31,617 | prediction 57344/105181
2026-10-01 02:32:38,775 | prediction 61440/105181
2026-10-01 02:32:45,945 | prediction 65536/105181
2026-10-01 02:32:53,106 | prediction 69632/105181
2026-10-01 02:33:00,272 | prediction 73728/105181
2026-10-01 02:33:07,431 | prediction 77824/105181
2026-10-01 02:33:14,598 | prediction 81920/105181
2026-10-01 02:33:21,759 | prediction 86016/105181
2026-10-01 02:33:28,926 | prediction 90112/105181
2026-10-01 02:33:36,085 | prediction 94208/105181
2026-10-01 02:33:43,251 | prediction 98304/105181
2026-10-01 02:33:50,410 | prediction 102400/105181
2026-10-01 02:33:56,855 | experiments/exp03/seeds/seed46/static/aligned/online_frozen.json | down:d32:uNone:pNone
2026-10-01 02:34:04,058 | prediction 4096/105181
2026-10-01 02:34:11,249 | prediction 8192/105181
2026-10-01 02:34:18,453 | prediction 12288/105181
2026-10-01 02:34:25,649 | prediction 16384/105181
2026-10-01 02:34:32,849 | prediction 20480/105181
2026-10-01 02:34:40,044 | prediction 24576/105181
2026-10-01 02:34:47,247 | prediction 28672/105181
2026-10-01 02:34:54,444 | prediction 32768/105181
2026-10-01 02:35:01,641 | prediction 36864/105181
2026-10-01 02:35:08,839 | prediction 40960/105181
2026-10-01 02:35:16,039 | prediction 45056/105181
2026-10-01 02:35:23,214 | prediction 49152/105181
2026-10-01 02:35:30,410 | prediction 53248/105181
2026-10-01 02:35:37,600 | prediction 57344/105181
2026-10-01 02:35:44,775 | prediction 61440/105181
2026-10-01 02:35:51,924 | prediction 65536/105181
2026-10-01 02:35:59,088 | prediction 69632/105181
2026-10-01 02:36:06,252 | prediction 73728/105181
2026-10-01 02:36:13,420 | prediction 77824/105181
2026-10-01 02:36:20,578 | prediction 81920/105181
2026-10-01 02:36:27,741 | prediction 86016/105181
2026-10-01 02:36:34,894 | prediction 90112/105181
2026-10-01 02:36:42,053 | prediction 94208/105181
2026-10-01 02:36:49,218 | prediction 98304/105181
2026-10-01 02:36:56,389 | prediction 102400/105181
2026-10-01 02:37:02,832 | experiments/exp03/seeds/seed46/static/aligned/online_frozen.json | down:d48:uNone:pNone
2026-10-01 02:37:10,043 | prediction 4096/105181
2026-10-01 02:37:17,225 | prediction 8192/105181
2026-10-01 02:37:24,428 | prediction 12288/105181
2026-10-01 02:37:31,638 | prediction 16384/105181
2026-10-01 02:37:38,847 | prediction 20480/105181
2026-10-01 02:37:46,050 | prediction 24576/105181
2026-10-01 02:37:53,257 | prediction 28672/105181
2026-10-01 02:38:00,460 | prediction 32768/105181
2026-10-01 02:38:07,670 | prediction 36864/105181
2026-10-01 02:38:14,871 | prediction 40960/105181
2026-10-01 02:38:22,074 | prediction 45056/105181
2026-10-01 02:38:29,273 | prediction 49152/105181
2026-10-01 02:38:36,479 | prediction 53248/105181
2026-10-01 02:38:43,678 | prediction 57344/105181
2026-10-01 02:38:50,881 | prediction 61440/105181
2026-10-01 02:38:58,074 | prediction 65536/105181
2026-10-01 02:39:05,280 | prediction 69632/105181
2026-10-01 02:39:12,477 | prediction 73728/105181
2026-10-01 02:39:19,681 | prediction 77824/105181
2026-10-01 02:39:26,879 | prediction 81920/105181
2026-10-01 02:39:34,089 | prediction 86016/105181
2026-10-01 02:39:41,294 | prediction 90112/105181
2026-10-01 02:39:48,503 | prediction 94208/105181
2026-10-01 02:39:55,707 | prediction 98304/105181
2026-10-01 02:40:02,888 | prediction 102400/105181
2026-10-01 02:40:09,324 | experiments/exp03/seeds/seed46/static/aligned/online_frozen.json | down:d64:uNone:pNone
2026-10-01 02:40:16,535 | prediction 4096/105181
2026-10-01 02:40:23,719 | prediction 8192/105181
2026-10-01 02:40:30,914 | prediction 12288/105181
2026-10-01 02:40:38,131 | prediction 16384/105181
2026-10-01 02:40:45,346 | prediction 20480/105181
2026-10-01 02:40:52,566 | prediction 24576/105181
2026-10-01 02:40:59,777 | prediction 28672/105181
2026-10-01 02:41:06,988 | prediction 32768/105181
2026-10-01 02:41:14,197 | prediction 36864/105181
2026-10-01 02:41:21,405 | prediction 40960/105181
2026-10-01 02:41:28,587 | prediction 45056/105181
2026-10-01 02:41:35,779 | prediction 49152/105181
2026-10-01 02:41:42,964 | prediction 53248/105181
2026-10-01 02:41:50,147 | prediction 57344/105181
2026-10-01 02:41:57,322 | prediction 61440/105181
2026-10-01 02:42:04,498 | prediction 65536/105181
2026-10-01 02:42:11,677 | prediction 69632/105181
2026-10-01 02:42:18,893 | prediction 73728/105181
2026-10-01 02:42:26,107 | prediction 77824/105181
2026-10-01 02:42:33,290 | prediction 81920/105181
2026-10-01 02:42:40,476 | prediction 86016/105181
2026-10-01 02:42:47,661 | prediction 90112/105181
2026-10-01 02:42:54,843 | prediction 94208/105181
2026-10-01 02:43:02,020 | prediction 98304/105181
2026-10-01 02:43:09,193 | prediction 102400/105181
2026-10-01 02:43:15,631 | experiments/exp03/seeds/seed46/static/aligned/online_frozen.json | down:d76:uNone:pNone
2026-10-01 02:43:22,850 | prediction 4096/105181
2026-10-01 02:43:30,070 | prediction 8192/105181
2026-10-01 02:43:37,279 | prediction 12288/105181
2026-10-01 02:43:44,492 | prediction 16384/105181
2026-10-01 02:43:51,700 | prediction 20480/105181
2026-10-01 02:43:58,918 | prediction 24576/105181
2026-10-01 02:44:06,126 | prediction 28672/105181
2026-10-01 02:44:13,340 | prediction 32768/105181
2026-10-01 02:44:20,540 | prediction 36864/105181
2026-10-01 02:44:27,739 | prediction 40960/105181
2026-10-01 02:44:34,944 | prediction 45056/105181
2026-10-01 02:44:42,124 | prediction 49152/105181
2026-10-01 02:44:49,299 | prediction 53248/105181
2026-10-01 02:44:56,474 | prediction 57344/105181
2026-10-01 02:45:03,650 | prediction 61440/105181
2026-10-01 02:45:10,826 | prediction 65536/105181
2026-10-01 02:45:18,001 | prediction 69632/105181
2026-10-01 02:45:25,199 | prediction 73728/105181
2026-10-01 02:45:32,407 | prediction 77824/105181
2026-10-01 02:45:39,615 | prediction 81920/105181
2026-10-01 02:45:46,823 | prediction 86016/105181
2026-10-01 02:45:54,031 | prediction 90112/105181
2026-10-01 02:46:01,241 | prediction 94208/105181
2026-10-01 02:46:08,445 | prediction 98304/105181
2026-10-01 02:46:15,652 | prediction 102400/105181
2026-10-01 02:46:22,991 | experiments/exp03/seeds/seed46/static/aligned/online_frozen.json | up:dNone:u0:pNone
2026-10-01 02:46:30,214 | prediction 4096/105181
2026-10-01 02:46:37,427 | prediction 8192/105181
2026-10-01 02:46:44,630 | prediction 12288/105181
2026-10-01 02:46:51,834 | prediction 16384/105181
2026-10-01 02:46:59,025 | prediction 20480/105181
2026-10-01 02:47:06,224 | prediction 24576/105181
2026-10-01 02:47:13,402 | prediction 28672/105181
2026-10-01 02:47:20,572 | prediction 32768/105181
2026-10-01 02:47:27,742 | prediction 36864/105181
2026-10-01 02:47:34,910 | prediction 40960/105181
2026-10-01 02:47:42,080 | prediction 45056/105181
2026-10-01 02:47:49,249 | prediction 49152/105181
2026-10-01 02:47:56,423 | prediction 53248/105181
2026-10-01 02:48:03,622 | prediction 57344/105181
2026-10-01 02:48:10,824 | prediction 61440/105181
2026-10-01 02:48:18,036 | prediction 65536/105181
2026-10-01 02:48:25,246 | prediction 69632/105181
2026-10-01 02:48:32,457 | prediction 73728/105181
2026-10-01 02:48:39,674 | prediction 77824/105181
2026-10-01 02:48:46,870 | prediction 81920/105181
2026-10-01 02:48:54,047 | prediction 86016/105181
2026-10-01 02:49:01,223 | prediction 90112/105181
2026-10-01 02:49:08,405 | prediction 94208/105181
2026-10-01 02:49:15,582 | prediction 98304/105181
2026-10-01 02:49:22,760 | prediction 102400/105181
2026-10-01 02:49:29,208 | experiments/exp03/seeds/seed46/static/aligned/online_frozen.json | up:dNone:u1:pNone
2026-10-01 02:49:36,435 | prediction 4096/105181
2026-10-01 02:49:43,650 | prediction 8192/105181
2026-10-01 02:49:50,873 | prediction 12288/105181
2026-10-01 02:49:58,085 | prediction 16384/105181
2026-10-01 02:50:05,306 | prediction 20480/105181
2026-10-01 02:50:12,521 | prediction 24576/105181
2026-10-01 02:50:19,742 | prediction 28672/105181
2026-10-01 02:50:26,955 | prediction 32768/105181
2026-10-01 02:50:34,178 | prediction 36864/105181
2026-10-01 02:50:41,390 | prediction 40960/105181
2026-10-01 02:50:48,612 | prediction 45056/105181
2026-10-01 02:50:55,823 | prediction 49152/105181
2026-10-01 02:51:03,018 | prediction 53248/105181
2026-10-01 02:51:10,193 | prediction 57344/105181
2026-10-01 02:51:17,372 | prediction 61440/105181
2026-10-01 02:51:24,547 | prediction 65536/105181
2026-10-01 02:51:31,724 | prediction 69632/105181
2026-10-01 02:51:38,898 | prediction 73728/105181
2026-10-01 02:51:46,076 | prediction 77824/105181
2026-10-01 02:51:53,249 | prediction 81920/105181
2026-10-01 02:52:00,455 | prediction 86016/105181
2026-10-01 02:52:07,657 | prediction 90112/105181
2026-10-01 02:52:14,865 | prediction 94208/105181
2026-10-01 02:52:22,065 | prediction 98304/105181
2026-10-01 02:52:29,274 | prediction 102400/105181
2026-10-01 02:52:35,761 | experiments/exp03/seeds/seed46/static/aligned/online_frozen.json | up:dNone:u2:pNone
2026-10-01 02:52:42,989 | prediction 4096/105181
2026-10-01 02:52:50,195 | prediction 8192/105181
2026-10-01 02:52:57,410 | prediction 12288/105181
2026-10-01 02:53:04,609 | prediction 16384/105181
2026-10-01 02:53:11,777 | prediction 20480/105181
2026-10-01 02:53:18,942 | prediction 24576/105181
2026-10-01 02:53:26,117 | prediction 28672/105181
2026-10-01 02:53:33,280 | prediction 32768/105181
2026-10-01 02:53:40,458 | prediction 36864/105181
2026-10-01 02:53:47,625 | prediction 40960/105181
2026-10-01 02:53:54,796 | prediction 45056/105181
2026-10-01 02:54:01,960 | prediction 49152/105181
2026-10-01 02:54:09,133 | prediction 53248/105181
2026-10-01 02:54:16,300 | prediction 57344/105181
2026-10-01 02:54:23,465 | prediction 61440/105181
2026-10-01 02:54:30,632 | prediction 65536/105181
2026-10-01 02:54:37,801 | prediction 69632/105181
2026-10-01 02:54:44,966 | prediction 73728/105181
2026-10-01 02:54:52,135 | prediction 77824/105181
2026-10-01 02:54:59,332 | prediction 81920/105181
2026-10-01 02:55:06,536 | prediction 86016/105181
2026-10-01 02:55:13,729 | prediction 90112/105181
2026-10-01 02:55:20,929 | prediction 94208/105181
2026-10-01 02:55:28,124 | prediction 98304/105181
2026-10-01 02:55:35,326 | prediction 102400/105181
2026-10-01 02:55:41,780 | experiments/exp03/seeds/seed46/static/aligned/online_frozen.json | up:dNone:u4:pNone
2026-10-01 02:55:48,985 | prediction 4096/105181
2026-10-01 02:55:56,185 | prediction 8192/105181
2026-10-01 02:56:03,378 | prediction 12288/105181
2026-10-01 02:56:10,578 | prediction 16384/105181
2026-10-01 02:56:17,749 | prediction 20480/105181
2026-10-01 02:56:24,910 | prediction 24576/105181
2026-10-01 02:56:32,066 | prediction 28672/105181
2026-10-01 02:56:39,231 | prediction 32768/105181
2026-10-01 02:56:46,393 | prediction 36864/105181
2026-10-01 02:56:53,562 | prediction 40960/105181
2026-10-01 02:57:00,722 | prediction 45056/105181
2026-10-01 02:57:07,886 | prediction 49152/105181
2026-10-01 02:57:15,046 | prediction 53248/105181
2026-10-01 02:57:22,207 | prediction 57344/105181
2026-10-01 02:57:29,360 | prediction 61440/105181
2026-10-01 02:57:36,521 | prediction 65536/105181
2026-10-01 02:57:43,678 | prediction 69632/105181
2026-10-01 02:57:50,838 | prediction 73728/105181
2026-10-01 02:57:57,995 | prediction 77824/105181
2026-10-01 02:58:05,156 | prediction 81920/105181
2026-10-01 02:58:12,320 | prediction 86016/105181
2026-10-01 02:58:19,488 | prediction 90112/105181
2026-10-01 02:58:26,652 | prediction 94208/105181
2026-10-01 02:58:33,817 | prediction 98304/105181
2026-10-01 02:58:40,979 | prediction 102400/105181
2026-10-01 02:58:47,404 | experiments/exp03/seeds/seed46/static/aligned/online_frozen.json | up:dNone:u8:pNone
2026-10-01 02:58:54,583 | prediction 4096/105181
2026-10-01 02:59:01,754 | prediction 8192/105181
2026-10-01 02:59:08,930 | prediction 12288/105181
2026-10-01 02:59:16,095 | prediction 16384/105181
2026-10-01 02:59:23,280 | prediction 20480/105181
2026-10-01 02:59:30,452 | prediction 24576/105181
2026-10-01 02:59:37,621 | prediction 28672/105181
2026-10-01 02:59:44,809 | prediction 32768/105181
2026-10-01 02:59:52,004 | prediction 36864/105181
2026-10-01 02:59:59,192 | prediction 40960/105181
2026-10-01 03:00:06,396 | prediction 45056/105181
2026-10-01 03:00:13,567 | prediction 49152/105181
2026-10-01 03:00:20,734 | prediction 53248/105181
2026-10-01 03:00:27,893 | prediction 57344/105181
2026-10-01 03:00:35,053 | prediction 61440/105181
2026-10-01 03:00:42,210 | prediction 65536/105181
2026-10-01 03:00:49,375 | prediction 69632/105181
2026-10-01 03:00:56,537 | prediction 73728/105181
2026-10-01 03:01:03,694 | prediction 77824/105181
2026-10-01 03:01:10,880 | prediction 81920/105181
2026-10-01 03:01:18,075 | prediction 86016/105181
2026-10-01 03:01:25,269 | prediction 90112/105181
2026-10-01 03:01:32,459 | prediction 94208/105181
2026-10-01 03:01:39,654 | prediction 98304/105181
2026-10-01 03:01:46,848 | prediction 102400/105181
2026-10-01 03:01:53,293 | experiments/exp03/seeds/seed46/static/aligned/online_frozen.json | up:dNone:u16:pNone
2026-10-01 03:02:00,498 | prediction 4096/105181
2026-10-01 03:02:07,702 | prediction 8192/105181
2026-10-01 03:02:14,898 | prediction 12288/105181
2026-10-01 03:02:22,100 | prediction 16384/105181
2026-10-01 03:02:29,273 | prediction 20480/105181
2026-10-01 03:02:36,440 | prediction 24576/105181
2026-10-01 03:02:43,602 | prediction 28672/105181
2026-10-01 03:02:50,768 | prediction 32768/105181
2026-10-01 03:02:57,929 | prediction 36864/105181
2026-10-01 03:03:05,095 | prediction 40960/105181
2026-10-01 03:03:12,252 | prediction 45056/105181
2026-10-01 03:03:19,414 | prediction 49152/105181
2026-10-01 03:03:26,573 | prediction 53248/105181
2026-10-01 03:03:33,738 | prediction 57344/105181
2026-10-01 03:03:40,898 | prediction 61440/105181
2026-10-01 03:03:48,060 | prediction 65536/105181
2026-10-01 03:03:55,224 | prediction 69632/105181
2026-10-01 03:04:02,390 | prediction 73728/105181
2026-10-01 03:04:09,557 | prediction 77824/105181
2026-10-01 03:04:16,729 | prediction 81920/105181
2026-10-01 03:04:23,895 | prediction 86016/105181
2026-10-01 03:04:31,068 | prediction 90112/105181
2026-10-01 03:04:38,246 | prediction 94208/105181
2026-10-01 03:04:45,420 | prediction 98304/105181
2026-10-01 03:04:52,595 | prediction 102400/105181
2026-10-01 03:04:59,023 | experiments/exp03/seeds/seed46/static/aligned/online_frozen.json | up:dNone:u32:pNone
2026-10-01 03:05:06,239 | prediction 4096/105181
2026-10-01 03:05:13,424 | prediction 8192/105181
2026-10-01 03:05:20,614 | prediction 12288/105181
2026-10-01 03:05:27,797 | prediction 16384/105181
2026-10-01 03:05:34,982 | prediction 20480/105181
2026-10-01 03:05:42,166 | prediction 24576/105181
2026-10-01 03:05:49,352 | prediction 28672/105181
2026-10-01 03:05:56,535 | prediction 32768/105181
2026-10-01 03:06:03,721 | prediction 36864/105181
2026-10-01 03:06:10,922 | prediction 40960/105181
2026-10-01 03:06:18,134 | prediction 45056/105181
2026-10-01 03:06:25,341 | prediction 49152/105181
2026-10-01 03:06:32,537 | prediction 53248/105181
2026-10-01 03:06:39,731 | prediction 57344/105181
2026-10-01 03:06:46,944 | prediction 61440/105181
2026-10-01 03:06:54,153 | prediction 65536/105181
2026-10-01 03:07:01,365 | prediction 69632/105181
2026-10-01 03:07:08,569 | prediction 73728/105181
2026-10-01 03:07:15,753 | prediction 77824/105181
2026-10-01 03:07:22,930 | prediction 81920/105181
2026-10-01 03:07:30,108 | prediction 86016/105181
2026-10-01 03:07:37,286 | prediction 90112/105181
2026-10-01 03:07:44,461 | prediction 94208/105181
2026-10-01 03:07:51,630 | prediction 98304/105181
2026-10-01 03:07:58,803 | prediction 102400/105181
2026-10-01 03:08:05,231 | experiments/exp03/seeds/seed46/static/aligned/online_frozen.json | up:dNone:u48:pNone
2026-10-01 03:08:12,460 | prediction 4096/105181
2026-10-01 03:08:19,675 | prediction 8192/105181
2026-10-01 03:08:26,885 | prediction 12288/105181
2026-10-01 03:08:34,102 | prediction 16384/105181
2026-10-01 03:08:41,318 | prediction 20480/105181
2026-10-01 03:08:48,534 | prediction 24576/105181
2026-10-01 03:08:55,746 | prediction 28672/105181
2026-10-01 03:09:02,955 | prediction 32768/105181
2026-10-01 03:09:10,163 | prediction 36864/105181
2026-10-01 03:09:17,372 | prediction 40960/105181
2026-10-01 03:09:24,577 | prediction 45056/105181
2026-10-01 03:09:31,787 | prediction 49152/105181
2026-10-01 03:09:38,963 | prediction 53248/105181
2026-10-01 03:09:46,134 | prediction 57344/105181
2026-10-01 03:09:53,301 | prediction 61440/105181
2026-10-01 03:10:00,471 | prediction 65536/105181
2026-10-01 03:10:07,641 | prediction 69632/105181
2026-10-01 03:10:14,827 | prediction 73728/105181
2026-10-01 03:10:22,018 | prediction 77824/105181
2026-10-01 03:10:29,213 | prediction 81920/105181
2026-10-01 03:10:36,406 | prediction 86016/105181
2026-10-01 03:10:43,602 | prediction 90112/105181
2026-10-01 03:10:50,791 | prediction 94208/105181
2026-10-01 03:10:57,957 | prediction 98304/105181
2026-10-01 03:11:05,145 | prediction 102400/105181
2026-10-01 03:11:11,624 | experiments/exp03/seeds/seed46/static/aligned/online_frozen.json | up:dNone:u64:pNone
2026-10-01 03:11:18,867 | prediction 4096/105181
2026-10-01 03:11:26,081 | prediction 8192/105181
2026-10-01 03:11:33,279 | prediction 12288/105181
2026-10-01 03:11:40,482 | prediction 16384/105181
2026-10-01 03:11:47,654 | prediction 20480/105181
2026-10-01 03:11:54,828 | prediction 24576/105181
2026-10-01 03:12:01,990 | prediction 28672/105181
2026-10-01 03:12:09,157 | prediction 32768/105181
2026-10-01 03:12:16,318 | prediction 36864/105181
2026-10-01 03:12:23,479 | prediction 40960/105181
2026-10-01 03:12:30,638 | prediction 45056/105181
2026-10-01 03:12:37,801 | prediction 49152/105181
2026-10-01 03:12:44,989 | prediction 53248/105181
2026-10-01 03:12:52,158 | prediction 57344/105181
2026-10-01 03:12:59,325 | prediction 61440/105181
2026-10-01 03:13:06,486 | prediction 65536/105181
2026-10-01 03:13:13,655 | prediction 69632/105181
2026-10-01 03:13:20,820 | prediction 73728/105181
2026-10-01 03:13:28,014 | prediction 77824/105181
2026-10-01 03:13:35,207 | prediction 81920/105181
2026-10-01 03:13:42,410 | prediction 86016/105181
2026-10-01 03:13:49,611 | prediction 90112/105181
2026-10-01 03:13:56,819 | prediction 94208/105181
2026-10-01 03:14:04,024 | prediction 98304/105181
2026-10-01 03:14:11,233 | prediction 102400/105181
2026-10-01 03:14:17,688 | experiments/exp03/seeds/seed46/static/aligned/online_frozen.json | up:dNone:u76:pNone
2026-10-01 03:14:24,916 | prediction 4096/105181
2026-10-01 03:14:32,092 | prediction 8192/105181
2026-10-01 03:14:39,301 | prediction 12288/105181
2026-10-01 03:14:46,471 | prediction 16384/105181
2026-10-01 03:14:53,648 | prediction 20480/105181
2026-10-01 03:15:00,821 | prediction 24576/105181
2026-10-01 03:15:07,996 | prediction 28672/105181
2026-10-01 03:15:15,166 | prediction 32768/105181
2026-10-01 03:15:22,342 | prediction 36864/105181
2026-10-01 03:15:29,515 | prediction 40960/105181
2026-10-01 03:15:36,693 | prediction 45056/105181
2026-10-01 03:15:43,868 | prediction 49152/105181
2026-10-01 03:15:51,046 | prediction 53248/105181
2026-10-01 03:15:58,238 | prediction 57344/105181
2026-10-01 03:16:05,457 | prediction 61440/105181
2026-10-01 03:16:12,667 | prediction 65536/105181
2026-10-01 03:16:19,874 | prediction 69632/105181
2026-10-01 03:16:27,077 | prediction 73728/105181
2026-10-01 03:16:34,253 | prediction 77824/105181
2026-10-01 03:16:41,427 | prediction 81920/105181
2026-10-01 03:16:48,608 | prediction 86016/105181
2026-10-01 03:16:55,812 | prediction 90112/105181
2026-10-01 03:17:03,019 | prediction 94208/105181
2026-10-01 03:17:10,225 | prediction 98304/105181
2026-10-01 03:17:17,435 | prediction 102400/105181
2026-10-01 03:17:24,776 | experiments/exp03/seeds/seed46/static/aligned/online_frozen.json | both:d0:u0:pNone
2026-10-01 03:17:32,002 | prediction 4096/105181
2026-10-01 03:17:39,213 | prediction 8192/105181
2026-10-01 03:17:46,425 | prediction 12288/105181
2026-10-01 03:17:53,631 | prediction 16384/105181
2026-10-01 03:18:00,813 | prediction 20480/105181
2026-10-01 03:18:08,003 | prediction 24576/105181
2026-10-01 03:18:15,213 | prediction 28672/105181
2026-10-01 03:18:22,422 | prediction 32768/105181
2026-10-01 03:18:29,638 | prediction 36864/105181
2026-10-01 03:18:36,841 | prediction 40960/105181
2026-10-01 03:18:44,020 | prediction 45056/105181
2026-10-01 03:18:51,196 | prediction 49152/105181
2026-10-01 03:18:58,374 | prediction 53248/105181
2026-10-01 03:19:05,546 | prediction 57344/105181
2026-10-01 03:19:12,719 | prediction 61440/105181
2026-10-01 03:19:19,887 | prediction 65536/105181
2026-10-01 03:19:27,062 | prediction 69632/105181
2026-10-01 03:19:34,226 | prediction 73728/105181
2026-10-01 03:19:41,392 | prediction 77824/105181
2026-10-01 03:19:48,574 | prediction 81920/105181
2026-10-01 03:19:55,774 | prediction 86016/105181
2026-10-01 03:20:02,952 | prediction 90112/105181
2026-10-01 03:20:10,115 | prediction 94208/105181
2026-10-01 03:20:17,279 | prediction 98304/105181
2026-10-01 03:20:24,448 | prediction 102400/105181
2026-10-01 03:20:30,894 | experiments/exp03/seeds/seed46/static/aligned/online_frozen.json | both:d1:u1:pNone
2026-10-01 03:20:38,097 | prediction 4096/105181
2026-10-01 03:20:45,297 | prediction 8192/105181
2026-10-01 03:20:52,470 | prediction 12288/105181
2026-10-01 03:20:59,630 | prediction 16384/105181
2026-10-01 03:21:06,784 | prediction 20480/105181
2026-10-01 03:21:13,942 | prediction 24576/105181
2026-10-01 03:21:21,097 | prediction 28672/105181
2026-10-01 03:21:28,255 | prediction 32768/105181
2026-10-01 03:21:35,411 | prediction 36864/105181
2026-10-01 03:21:42,570 | prediction 40960/105181
2026-10-01 03:21:49,725 | prediction 45056/105181
2026-10-01 03:21:56,886 | prediction 49152/105181
2026-10-01 03:22:04,042 | prediction 53248/105181
2026-10-01 03:22:11,202 | prediction 57344/105181
2026-10-01 03:22:18,372 | prediction 61440/105181
2026-10-01 03:22:25,545 | prediction 65536/105181
2026-10-01 03:22:32,707 | prediction 69632/105181
2026-10-01 03:22:39,872 | prediction 73728/105181
2026-10-01 03:22:47,031 | prediction 77824/105181
2026-10-01 03:22:54,196 | prediction 81920/105181
2026-10-01 03:23:01,349 | prediction 86016/105181
2026-10-01 03:23:08,507 | prediction 90112/105181
2026-10-01 03:23:15,663 | prediction 94208/105181
2026-10-01 03:23:22,824 | prediction 98304/105181
2026-10-01 03:23:29,985 | prediction 102400/105181
2026-10-01 03:23:36,410 | experiments/exp03/seeds/seed46/static/aligned/online_frozen.json | both:d2:u2:pNone
2026-10-01 03:23:43,588 | prediction 4096/105181
2026-10-01 03:23:50,750 | prediction 8192/105181
2026-10-01 03:23:57,925 | prediction 12288/105181
2026-10-01 03:24:05,093 | prediction 16384/105181
2026-10-01 03:24:12,268 | prediction 20480/105181
2026-10-01 03:24:19,438 | prediction 24576/105181
2026-10-01 03:24:26,612 | prediction 28672/105181
2026-10-01 03:24:33,780 | prediction 32768/105181
2026-10-01 03:24:40,955 | prediction 36864/105181
2026-10-01 03:24:48,126 | prediction 40960/105181
2026-10-01 03:24:55,302 | prediction 45056/105181
2026-10-01 03:25:02,492 | prediction 49152/105181
2026-10-01 03:25:09,698 | prediction 53248/105181
2026-10-01 03:25:16,899 | prediction 57344/105181
2026-10-01 03:25:24,097 | prediction 61440/105181
2026-10-01 03:25:31,287 | prediction 65536/105181
2026-10-01 03:25:38,487 | prediction 69632/105181
2026-10-01 03:25:45,684 | prediction 73728/105181
2026-10-01 03:25:52,862 | prediction 77824/105181
2026-10-01 03:26:00,018 | prediction 81920/105181
2026-10-01 03:26:07,184 | prediction 86016/105181
2026-10-01 03:26:14,372 | prediction 90112/105181
2026-10-01 03:26:21,566 | prediction 94208/105181
2026-10-01 03:26:28,755 | prediction 98304/105181
2026-10-01 03:26:35,916 | prediction 102400/105181
2026-10-01 03:26:42,380 | experiments/exp03/seeds/seed46/static/aligned/online_frozen.json | both:d4:u4:pNone
2026-10-01 03:26:49,555 | prediction 4096/105181
2026-10-01 03:26:56,723 | prediction 8192/105181
2026-10-01 03:27:03,887 | prediction 12288/105181
2026-10-01 03:27:11,054 | prediction 16384/105181
2026-10-01 03:27:18,221 | prediction 20480/105181
2026-10-01 03:27:25,385 | prediction 24576/105181
2026-10-01 03:27:32,546 | prediction 28672/105181
2026-10-01 03:27:39,711 | prediction 32768/105181
2026-10-01 03:27:46,893 | prediction 36864/105181
2026-10-01 03:27:54,082 | prediction 40960/105181
2026-10-01 03:28:01,270 | prediction 45056/105181
2026-10-01 03:28:08,460 | prediction 49152/105181
2026-10-01 03:28:15,645 | prediction 53248/105181
2026-10-01 03:28:22,834 | prediction 57344/105181
2026-10-01 03:28:30,018 | prediction 61440/105181
2026-10-01 03:28:37,209 | prediction 65536/105181
2026-10-01 03:28:44,395 | prediction 69632/105181
2026-10-01 03:28:51,587 | prediction 73728/105181
2026-10-01 03:28:58,754 | prediction 77824/105181
2026-10-01 03:29:05,913 | prediction 81920/105181
2026-10-01 03:29:13,065 | prediction 86016/105181
2026-10-01 03:29:20,220 | prediction 90112/105181
2026-10-01 03:29:27,370 | prediction 94208/105181
2026-10-01 03:29:34,547 | prediction 98304/105181
2026-10-01 03:29:41,733 | prediction 102400/105181
2026-10-01 03:29:48,170 | experiments/exp03/seeds/seed46/static/aligned/online_frozen.json | both:d8:u8:pNone
2026-10-01 03:29:55,372 | prediction 4096/105181
2026-10-01 03:30:02,542 | prediction 8192/105181
2026-10-01 03:30:09,703 | prediction 12288/105181
2026-10-01 03:30:16,859 | prediction 16384/105181
2026-10-01 03:30:24,057 | prediction 20480/105181
2026-10-01 03:30:31,252 | prediction 24576/105181
2026-10-01 03:30:38,445 | prediction 28672/105181
2026-10-01 03:30:45,621 | prediction 32768/105181
2026-10-01 03:30:52,783 | prediction 36864/105181
2026-10-01 03:30:59,935 | prediction 40960/105181
2026-10-01 03:31:07,089 | prediction 45056/105181
2026-10-01 03:31:14,238 | prediction 49152/105181
2026-10-01 03:31:21,405 | prediction 53248/105181
2026-10-01 03:31:28,582 | prediction 57344/105181
2026-10-01 03:31:35,741 | prediction 61440/105181
2026-10-01 03:31:42,892 | prediction 65536/105181
2026-10-01 03:31:50,057 | prediction 69632/105181
2026-10-01 03:31:57,217 | prediction 73728/105181
2026-10-01 03:32:04,377 | prediction 77824/105181
2026-10-01 03:32:11,529 | prediction 81920/105181
2026-10-01 03:32:18,689 | prediction 86016/105181
2026-10-01 03:32:25,847 | prediction 90112/105181
2026-10-01 03:32:33,007 | prediction 94208/105181
2026-10-01 03:32:40,164 | prediction 98304/105181
2026-10-01 03:32:47,341 | prediction 102400/105181
2026-10-01 03:32:53,802 | experiments/exp03/seeds/seed46/static/aligned/online_frozen.json | both:d16:u16:pNone
2026-10-01 03:33:01,005 | prediction 4096/105181
2026-10-01 03:33:08,207 | prediction 8192/105181
2026-10-01 03:33:15,401 | prediction 12288/105181
2026-10-01 03:33:22,602 | prediction 16384/105181
2026-10-01 03:33:29,762 | prediction 20480/105181
2026-10-01 03:33:36,926 | prediction 24576/105181
2026-10-01 03:33:44,083 | prediction 28672/105181
2026-10-01 03:33:51,251 | prediction 32768/105181
2026-10-01 03:33:58,412 | prediction 36864/105181
2026-10-01 03:34:05,600 | prediction 40960/105181
2026-10-01 03:34:12,775 | prediction 45056/105181
2026-10-01 03:34:19,936 | prediction 49152/105181
2026-10-01 03:34:27,090 | prediction 53248/105181
2026-10-01 03:34:34,255 | prediction 57344/105181
2026-10-01 03:34:41,415 | prediction 61440/105181
2026-10-01 03:34:48,580 | prediction 65536/105181
2026-10-01 03:34:55,736 | prediction 69632/105181
2026-10-01 03:35:02,901 | prediction 73728/105181
2026-10-01 03:35:10,060 | prediction 77824/105181
2026-10-01 03:35:17,226 | prediction 81920/105181
2026-10-01 03:35:24,385 | prediction 86016/105181
2026-10-01 03:35:31,554 | prediction 90112/105181
2026-10-01 03:35:38,721 | prediction 94208/105181
2026-10-01 03:35:45,894 | prediction 98304/105181
2026-10-01 03:35:53,065 | prediction 102400/105181
2026-10-01 03:35:59,498 | experiments/exp03/seeds/seed46/static/aligned/online_frozen.json | both:d32:u32:pNone
2026-10-01 03:36:06,717 | prediction 4096/105181
2026-10-01 03:36:13,913 | prediction 8192/105181
2026-10-01 03:36:21,115 | prediction 12288/105181
2026-10-01 03:36:28,311 | prediction 16384/105181
2026-10-01 03:36:35,502 | prediction 20480/105181
2026-10-01 03:36:42,665 | prediction 24576/105181
2026-10-01 03:36:49,836 | prediction 28672/105181
2026-10-01 03:36:57,002 | prediction 32768/105181
2026-10-01 03:37:04,171 | prediction 36864/105181
2026-10-01 03:37:11,336 | prediction 40960/105181
2026-10-01 03:37:18,503 | prediction 45056/105181
2026-10-01 03:37:25,660 | prediction 49152/105181
2026-10-01 03:37:32,823 | prediction 53248/105181
2026-10-01 03:37:39,987 | prediction 57344/105181
2026-10-01 03:37:47,161 | prediction 61440/105181
2026-10-01 03:37:54,324 | prediction 65536/105181
2026-10-01 03:38:01,494 | prediction 69632/105181
2026-10-01 03:38:08,669 | prediction 73728/105181
2026-10-01 03:38:15,881 | prediction 77824/105181
2026-10-01 03:38:23,088 | prediction 81920/105181
2026-10-01 03:38:30,304 | prediction 86016/105181
2026-10-01 03:38:37,515 | prediction 90112/105181
2026-10-01 03:38:44,729 | prediction 94208/105181
2026-10-01 03:38:51,937 | prediction 98304/105181
2026-10-01 03:38:59,148 | prediction 102400/105181
2026-10-01 03:39:05,617 | experiments/exp03/seeds/seed46/static/aligned/online_frozen.json | both:d48:u48:pNone
2026-10-01 03:39:12,863 | prediction 4096/105181
2026-10-01 03:39:20,040 | prediction 8192/105181
2026-10-01 03:39:27,203 | prediction 12288/105181
2026-10-01 03:39:34,369 | prediction 16384/105181
2026-10-01 03:39:41,532 | prediction 20480/105181
2026-10-01 03:39:48,699 | prediction 24576/105181
2026-10-01 03:39:55,889 | prediction 28672/105181
2026-10-01 03:40:03,087 | prediction 32768/105181
2026-10-01 03:40:10,281 | prediction 36864/105181
2026-10-01 03:40:17,477 | prediction 40960/105181
2026-10-01 03:40:24,672 | prediction 45056/105181
2026-10-01 03:40:31,868 | prediction 49152/105181
2026-10-01 03:40:39,067 | prediction 53248/105181
2026-10-01 03:40:46,241 | prediction 57344/105181
2026-10-01 03:40:53,423 | prediction 61440/105181
2026-10-01 03:41:00,620 | prediction 65536/105181
2026-10-01 03:41:07,820 | prediction 69632/105181
2026-10-01 03:41:15,020 | prediction 73728/105181
2026-10-01 03:41:22,217 | prediction 77824/105181
2026-10-01 03:41:29,415 | prediction 81920/105181
2026-10-01 03:41:36,618 | prediction 86016/105181
2026-10-01 03:41:43,818 | prediction 90112/105181
2026-10-01 03:41:51,000 | prediction 94208/105181
2026-10-01 03:41:58,160 | prediction 98304/105181
2026-10-01 03:42:05,321 | prediction 102400/105181
2026-10-01 03:42:11,755 | experiments/exp03/seeds/seed46/static/aligned/online_frozen.json | both:d64:u64:pNone
2026-10-01 03:42:18,960 | prediction 4096/105181
2026-10-01 03:42:26,135 | prediction 8192/105181
2026-10-01 03:42:33,309 | prediction 12288/105181
2026-10-01 03:42:40,478 | prediction 16384/105181
2026-10-01 03:42:47,648 | prediction 20480/105181
2026-10-01 03:42:54,841 | prediction 24576/105181
2026-10-01 03:43:02,036 | prediction 28672/105181
2026-10-01 03:43:09,230 | prediction 32768/105181
2026-10-01 03:43:16,425 | prediction 36864/105181
2026-10-01 03:43:23,618 | prediction 40960/105181
2026-10-01 03:43:30,810 | prediction 45056/105181
2026-10-01 03:43:38,006 | prediction 49152/105181
2026-10-01 03:43:45,201 | prediction 53248/105181
2026-10-01 03:43:52,398 | prediction 57344/105181
2026-10-01 03:43:59,592 | prediction 61440/105181
2026-10-01 03:44:06,784 | prediction 65536/105181
2026-10-01 03:44:13,986 | prediction 69632/105181
2026-10-01 03:44:21,182 | prediction 73728/105181
2026-10-01 03:44:28,381 | prediction 77824/105181
2026-10-01 03:44:35,574 | prediction 81920/105181
2026-10-01 03:44:42,776 | prediction 86016/105181
2026-10-01 03:44:49,967 | prediction 90112/105181
2026-10-01 03:44:57,170 | prediction 94208/105181
2026-10-01 03:45:04,372 | prediction 98304/105181
2026-10-01 03:45:11,579 | prediction 102400/105181
2026-10-01 03:45:18,033 | experiments/exp03/seeds/seed46/static/aligned/online_frozen.json | both:d76:u76:pNone
2026-10-01 03:45:25,254 | prediction 4096/105181
2026-10-01 03:45:32,430 | prediction 8192/105181
2026-10-01 03:45:39,605 | prediction 12288/105181
2026-10-01 03:45:46,776 | prediction 16384/105181
2026-10-01 03:45:53,947 | prediction 20480/105181
2026-10-01 03:46:01,118 | prediction 24576/105181
2026-10-01 03:46:08,289 | prediction 28672/105181
2026-10-01 03:46:15,457 | prediction 32768/105181
2026-10-01 03:46:22,629 | prediction 36864/105181
2026-10-01 03:46:29,800 | prediction 40960/105181
2026-10-01 03:46:36,976 | prediction 45056/105181
2026-10-01 03:46:44,143 | prediction 49152/105181
2026-10-01 03:46:51,317 | prediction 53248/105181
2026-10-01 03:46:58,517 | prediction 57344/105181
2026-10-01 03:47:05,716 | prediction 61440/105181
2026-10-01 03:47:12,916 | prediction 65536/105181
2026-10-01 03:47:20,115 | prediction 69632/105181
2026-10-01 03:47:27,314 | prediction 73728/105181
2026-10-01 03:47:34,515 | prediction 77824/105181
2026-10-01 03:47:41,712 | prediction 81920/105181
2026-10-01 03:47:48,913 | prediction 86016/105181
2026-10-01 03:47:56,114 | prediction 90112/105181
2026-10-01 03:48:03,313 | prediction 94208/105181
2026-10-01 03:48:10,517 | prediction 98304/105181
2026-10-01 03:48:17,720 | prediction 102400/105181
2026-10-01 03:49:02,133 | Original online 1000/105181 updates=673
2026-10-01 03:49:26,748 | Original online 2000/105181 updates=1328
2026-10-01 03:49:42,896 | Original online 3000/105181 updates=1656
2026-10-01 03:49:59,873 | Original online 4000/105181 updates=2017
2026-10-01 03:50:25,054 | Original online 5000/105181 updates=2689
2026-10-01 03:50:48,949 | Original online 6000/105181 updates=3312
2026-10-01 03:51:05,068 | Original online 7000/105181 updates=3640
2026-10-01 03:51:22,906 | Original online 8000/105181 updates=4033
2026-10-01 03:51:48,085 | Original online 9000/105181 updates=4705
2026-10-01 03:52:11,114 | Original online 10000/105181 updates=5296
2026-10-01 03:52:27,260 | Original online 11000/105181 updates=5624
2026-10-01 03:52:45,959 | Original online 12000/105181 updates=6049
2026-10-01 03:53:11,197 | Original online 13000/105181 updates=6721
2026-10-01 03:53:33,470 | Original online 14000/105181 updates=7280
2026-10-01 03:53:49,662 | Original online 15000/105181 updates=7608
2026-10-01 03:54:09,246 | Original online 16000/105181 updates=8065
2026-10-01 03:54:34,509 | Original online 17000/105181 updates=8737
2026-10-01 03:54:55,900 | Original online 18000/105181 updates=9264
2026-10-01 03:55:12,077 | Original online 19000/105181 updates=9592
2026-10-01 03:55:32,487 | Original online 20000/105181 updates=10081
2026-10-01 03:55:57,764 | Original online 21000/105181 updates=10753
2026-10-01 03:56:18,313 | Original online 22000/105181 updates=11248
2026-10-01 03:56:34,523 | Original online 23000/105181 updates=11576
2026-10-01 03:56:55,831 | Original online 24000/105181 updates=12097
2026-10-01 03:57:21,145 | Original online 25000/105181 updates=12769
2026-10-01 03:57:40,923 | Original online 26000/105181 updates=13232
2026-10-01 03:57:57,116 | Original online 27000/105181 updates=13560
2026-10-01 03:58:19,247 | Original online 28000/105181 updates=14113
2026-10-01 03:58:44,608 | Original online 29000/105181 updates=14785
2026-10-01 03:59:03,529 | Original online 30000/105181 updates=15216
2026-10-01 03:59:19,769 | Original online 31000/105181 updates=15544
2026-10-01 03:59:42,796 | Original online 32000/105181 updates=16129
2026-10-01 04:00:08,146 | Original online 33000/105181 updates=16801
2026-10-01 04:00:26,214 | Original online 34000/105181 updates=17200
2026-10-01 04:00:42,525 | Original online 35000/105181 updates=17528
2026-10-01 04:01:06,416 | Original online 36000/105181 updates=18145
2026-10-01 04:01:31,746 | Original online 37000/105181 updates=18817
2026-10-01 04:01:48,996 | Original online 38000/105181 updates=19184
2026-10-01 04:02:05,263 | Original online 39000/105181 updates=19512
2026-10-01 04:02:30,000 | Original online 40000/105181 updates=20161
2026-10-01 04:02:55,394 | Original online 41000/105181 updates=20833
2026-10-01 04:03:11,788 | Original online 42000/105181 updates=21168
2026-10-01 04:03:28,264 | Original online 43000/105181 updates=21505
2026-10-01 04:03:53,656 | Original online 44000/105181 updates=22177
2026-10-01 04:04:18,393 | Original online 45000/105181 updates=22824
2026-10-01 04:04:34,684 | Original online 46000/105181 updates=23152
2026-10-01 04:04:52,103 | Original online 47000/105181 updates=23521
2026-10-01 04:05:17,636 | Original online 48000/105181 updates=24193
2026-10-01 04:05:41,609 | Original online 49000/105181 updates=24808
2026-10-01 04:05:57,900 | Original online 50000/105181 updates=25136
2026-10-01 04:06:16,149 | Original online 51000/105181 updates=25537
2026-10-01 04:06:41,659 | Original online 52000/105181 updates=26209
2026-10-01 04:07:04,784 | Original online 53000/105181 updates=26792
2026-10-01 04:07:21,094 | Original online 54000/105181 updates=27120
2026-10-01 04:07:40,223 | Original online 55000/105181 updates=27553
2026-10-01 04:08:05,760 | Original online 56000/105181 updates=28225
2026-10-01 04:08:28,040 | Original online 57000/105181 updates=28776
2026-10-01 04:08:44,392 | Original online 58000/105181 updates=29104
2026-10-01 04:09:04,411 | Original online 59000/105181 updates=29569
2026-10-01 04:09:29,966 | Original online 60000/105181 updates=30241
2026-10-01 04:09:51,382 | Original online 61000/105181 updates=30760
2026-10-01 04:10:07,741 | Original online 62000/105181 updates=31088
2026-10-01 04:10:28,690 | Original online 63000/105181 updates=31585
2026-10-01 04:10:54,302 | Original online 64000/105181 updates=32257
2026-10-01 04:11:14,887 | Original online 65000/105181 updates=32744
2026-10-01 04:11:31,239 | Original online 66000/105181 updates=33072
2026-10-01 04:11:52,999 | Original online 67000/105181 updates=33601
2026-10-01 04:12:18,599 | Original online 68000/105181 updates=34273
2026-10-01 04:12:38,366 | Original online 69000/105181 updates=34728
2026-10-01 04:12:54,740 | Original online 70000/105181 updates=35056
2026-10-01 04:13:17,345 | Original online 71000/105181 updates=35617
2026-10-01 04:13:42,926 | Original online 72000/105181 updates=36289
2026-10-01 04:14:01,797 | Original online 73000/105181 updates=36712
2026-10-01 04:14:18,179 | Original online 74000/105181 updates=37040
2026-10-01 04:14:41,675 | Original online 75000/105181 updates=37633
2026-10-01 04:15:07,309 | Original online 76000/105181 updates=38305
2026-10-01 04:15:25,338 | Original online 77000/105181 updates=38696
2026-10-01 04:15:41,730 | Original online 78000/105181 updates=39024
2026-10-01 04:16:06,151 | Original online 79000/105181 updates=39649
2026-10-01 04:16:31,801 | Original online 80000/105181 updates=40321
2026-10-01 04:16:49,012 | Original online 81000/105181 updates=40680
2026-10-01 04:17:05,453 | Original online 82000/105181 updates=41008
2026-10-01 04:17:30,684 | Original online 83000/105181 updates=41665
2026-10-01 04:17:56,340 | Original online 84000/105181 updates=42336
2026-10-01 04:18:12,708 | Original online 85000/105181 updates=42664
2026-10-01 04:18:29,613 | Original online 86000/105181 updates=43009
2026-10-01 04:18:55,349 | Original online 87000/105181 updates=43681
2026-10-01 04:19:20,124 | Original online 88000/105181 updates=44320
2026-10-01 04:19:36,548 | Original online 89000/105181 updates=44648
2026-10-01 04:19:54,323 | Original online 90000/105181 updates=45025
2026-10-01 04:20:20,003 | Original online 91000/105181 updates=45697
2026-10-01 04:20:43,927 | Original online 92000/105181 updates=46304
2026-10-01 04:21:00,355 | Original online 93000/105181 updates=46632
2026-10-01 04:21:19,009 | Original online 94000/105181 updates=47041
2026-10-01 04:21:44,757 | Original online 95000/105181 updates=47713
2026-10-01 04:22:07,849 | Original online 96000/105181 updates=48288
2026-10-01 04:22:24,260 | Original online 97000/105181 updates=48616
2026-10-01 04:22:43,807 | Original online 98000/105181 updates=49057
2026-10-01 04:23:09,547 | Original online 99000/105181 updates=49729
2026-10-01 04:23:31,789 | Original online 100000/105181 updates=50272
2026-10-01 04:23:48,259 | Original online 101000/105181 updates=50600
2026-10-01 04:24:08,659 | Original online 102000/105181 updates=51073
2026-10-01 04:24:34,430 | Original online 103000/105181 updates=51745
2026-10-01 04:24:55,834 | Original online 104000/105181 updates=52256
2026-10-01 04:25:12,301 | Original online 105000/105181 updates=52584
2026-10-01 04:25:18,549 | Original online 105181/105181 updates=52765
2026-10-01 04:25:21,892 | snapshot analysis step=-1
2026-10-01 04:26:00,626 | snapshot analysis step=671
2026-10-01 04:26:39,332 | snapshot analysis step=1343
2026-10-01 04:27:18,023 | snapshot analysis step=2015
2026-10-01 04:27:56,829 | snapshot analysis step=2687
2026-10-01 04:28:35,577 | snapshot analysis step=3359
2026-10-01 04:29:14,402 | snapshot analysis step=4031
2026-10-01 04:29:53,103 | snapshot analysis step=4703
2026-10-01 04:30:31,900 | snapshot analysis step=5375
2026-10-01 04:31:10,707 | snapshot analysis step=6047
2026-10-01 04:31:49,499 | snapshot analysis step=6719
2026-10-01 04:32:28,383 | snapshot analysis step=7391
2026-10-01 04:33:07,241 | snapshot analysis step=8063
2026-10-01 04:33:46,024 | snapshot analysis step=8735
2026-10-01 04:34:24,822 | snapshot analysis step=9407
2026-10-01 04:35:03,689 | snapshot analysis step=10079
2026-10-01 04:35:42,643 | snapshot analysis step=10751
2026-10-01 04:36:21,587 | snapshot analysis step=11423
2026-10-01 04:37:00,562 | snapshot analysis step=12095
2026-10-01 04:37:39,594 | snapshot analysis step=12767
2026-10-01 04:38:18,568 | snapshot analysis step=13439
2026-10-01 04:38:57,521 | snapshot analysis step=14111
2026-10-01 04:39:36,663 | snapshot analysis step=14783
2026-10-01 04:40:15,734 | snapshot analysis step=15455
2026-10-01 04:40:54,870 | snapshot analysis step=16127
2026-10-01 04:41:34,014 | snapshot analysis step=16799
2026-10-01 04:42:13,179 | snapshot analysis step=17471
2026-10-01 04:42:52,280 | snapshot analysis step=18143
2026-10-01 04:43:31,362 | snapshot analysis step=18815
2026-10-01 04:44:10,424 | snapshot analysis step=19487
2026-10-01 04:44:49,651 | snapshot analysis step=20159
2026-10-01 04:45:28,854 | snapshot analysis step=20831
2026-10-01 04:46:07,977 | snapshot analysis step=21503
2026-10-01 04:46:47,268 | snapshot analysis step=22175
2026-10-01 04:47:26,481 | snapshot analysis step=22847
2026-10-01 04:48:05,705 | snapshot analysis step=23519
2026-10-01 04:48:44,829 | snapshot analysis step=24191
2026-10-01 04:49:24,021 | snapshot analysis step=24863
2026-10-01 04:50:03,230 | snapshot analysis step=25535
2026-10-01 04:50:42,500 | snapshot analysis step=26207
2026-10-01 04:51:21,724 | snapshot analysis step=26879
2026-10-01 04:52:00,916 | snapshot analysis step=27551
2026-10-01 04:52:40,128 | snapshot analysis step=28223
2026-10-01 04:53:19,467 | snapshot analysis step=28895
2026-10-01 04:53:58,805 | snapshot analysis step=29567
2026-10-01 04:54:38,118 | snapshot analysis step=30239
2026-10-01 04:55:17,353 | snapshot analysis step=30911
2026-10-01 04:55:56,567 | snapshot analysis step=31583
2026-10-01 04:56:35,883 | snapshot analysis step=32255
2026-10-01 04:57:15,086 | snapshot analysis step=32927
2026-10-01 04:57:54,342 | snapshot analysis step=33599
2026-10-01 04:58:33,598 | snapshot analysis step=34271
2026-10-01 04:59:12,890 | snapshot analysis step=34943
2026-10-01 04:59:52,251 | snapshot analysis step=35615
2026-10-01 05:00:31,609 | snapshot analysis step=36287
2026-10-01 05:01:10,963 | snapshot analysis step=36959
2026-10-01 05:01:50,324 | snapshot analysis step=37631
2026-10-01 05:02:29,673 | snapshot analysis step=38303
2026-10-01 05:03:08,914 | snapshot analysis step=38975
2026-10-01 05:03:48,232 | snapshot analysis step=39647
2026-10-01 05:04:27,465 | snapshot analysis step=40319
2026-10-01 05:05:06,826 | snapshot analysis step=40991
2026-10-01 05:05:46,317 | snapshot analysis step=41663
2026-10-01 05:06:25,788 | snapshot analysis step=42335
2026-10-01 05:07:05,265 | snapshot analysis step=43007
2026-10-01 05:07:44,740 | snapshot analysis step=43679
2026-10-01 05:08:24,086 | snapshot analysis step=44351
2026-10-01 05:09:03,613 | snapshot analysis step=45023
2026-10-01 05:09:43,096 | snapshot analysis step=45695
2026-10-01 05:10:22,534 | snapshot analysis step=46367
2026-10-01 05:11:01,998 | snapshot analysis step=47039
2026-10-01 05:11:41,420 | snapshot analysis step=47711
2026-10-01 05:12:20,939 | snapshot analysis step=48383
2026-10-01 05:13:00,386 | snapshot analysis step=49055
2026-10-01 05:13:39,860 | snapshot analysis step=49727
2026-10-01 05:14:19,235 | snapshot analysis step=50399
2026-10-01 05:14:58,739 | snapshot analysis step=51071
2026-10-01 05:15:38,164 | snapshot analysis step=51743
2026-10-01 05:16:17,762 | snapshot analysis step=52415
2026-10-01 05:16:57,303 | snapshot analysis step=53087
2026-10-01 05:17:36,944 | snapshot analysis step=53759
2026-10-01 05:18:16,494 | snapshot analysis step=54431
2026-10-01 05:18:56,060 | snapshot analysis step=55103
2026-10-01 05:19:35,512 | snapshot analysis step=55775
2026-10-01 05:20:15,117 | snapshot analysis step=56447
2026-10-01 05:20:54,736 | snapshot analysis step=57119
2026-10-01 05:21:34,360 | snapshot analysis step=57791
2026-10-01 05:22:14,006 | snapshot analysis step=58463
2026-10-01 05:22:53,619 | snapshot analysis step=59135
2026-10-01 05:23:33,108 | snapshot analysis step=59807
2026-10-01 05:24:12,908 | snapshot analysis step=60479
2026-10-01 05:24:52,492 | snapshot analysis step=61151
2026-10-01 05:25:32,153 | snapshot analysis step=61823
2026-10-01 05:26:11,793 | snapshot analysis step=62495
2026-10-01 05:26:51,421 | snapshot analysis step=63167
2026-10-01 05:27:31,034 | snapshot analysis step=63839
2026-10-01 05:28:10,674 | snapshot analysis step=64511
2026-10-01 05:28:50,282 | snapshot analysis step=65183
2026-10-01 05:29:29,943 | snapshot analysis step=65855
2026-10-01 05:30:09,643 | snapshot analysis step=66527
2026-10-01 05:30:49,364 | snapshot analysis step=67199
2026-10-01 05:31:28,904 | snapshot analysis step=67871
2026-10-01 05:32:08,477 | snapshot analysis step=68543
2026-10-01 05:32:48,153 | snapshot analysis step=69215
2026-10-01 05:33:27,815 | snapshot analysis step=69887
2026-10-01 05:34:07,453 | snapshot analysis step=70559
2026-10-01 05:34:47,226 | snapshot analysis step=71231
2026-10-01 05:35:26,865 | snapshot analysis step=71903
2026-10-01 05:36:06,577 | snapshot analysis step=72575
2026-10-01 05:36:46,242 | snapshot analysis step=73247
2026-10-01 05:37:25,867 | snapshot analysis step=73919
2026-10-01 05:38:05,711 | snapshot analysis step=74591
2026-10-01 05:38:45,492 | snapshot analysis step=75263
2026-10-01 05:39:25,147 | snapshot analysis step=75935
2026-10-01 05:40:05,017 | snapshot analysis step=76607
2026-10-01 05:40:44,867 | snapshot analysis step=77279
2026-10-01 05:41:24,576 | snapshot analysis step=77951
2026-10-01 05:42:04,358 | snapshot analysis step=78623
2026-10-01 05:42:44,092 | snapshot analysis step=79295
2026-10-01 05:43:23,863 | snapshot analysis step=79967
2026-10-01 05:44:03,645 | snapshot analysis step=80639
2026-10-01 05:44:43,346 | snapshot analysis step=81311
2026-10-01 05:45:23,217 | snapshot analysis step=81983
2026-10-01 05:46:03,107 | snapshot analysis step=82655
2026-10-01 05:46:43,014 | snapshot analysis step=83327
2026-10-01 05:47:22,922 | snapshot analysis step=83999
2026-10-01 05:48:02,903 | snapshot analysis step=84671
2026-10-01 05:48:42,836 | snapshot analysis step=85343
2026-10-01 05:49:22,822 | snapshot analysis step=86015
2026-10-01 05:50:02,829 | snapshot analysis step=86687
2026-10-01 05:50:42,812 | snapshot analysis step=87359
2026-10-01 05:51:22,816 | snapshot analysis step=88031
2026-10-01 05:52:02,719 | snapshot analysis step=88703
2026-10-01 05:52:42,727 | snapshot analysis step=89375
2026-10-01 05:53:22,796 | snapshot analysis step=90047
2026-10-01 05:54:02,842 | snapshot analysis step=90719
2026-10-01 05:54:42,839 | snapshot analysis step=91391
2026-10-01 05:55:22,864 | snapshot analysis step=92063
2026-10-01 05:56:02,850 | snapshot analysis step=92735
2026-10-01 05:56:42,959 | snapshot analysis step=93407
2026-10-01 05:57:23,133 | snapshot analysis step=94079
2026-10-01 05:58:03,234 | snapshot analysis step=94751
2026-10-01 05:58:43,385 | snapshot analysis step=95423
2026-10-01 05:59:23,448 | snapshot analysis step=96095
2026-10-01 06:00:03,532 | snapshot analysis step=96767
2026-10-01 06:00:43,727 | snapshot analysis step=97439
2026-10-01 06:01:23,824 | snapshot analysis step=98111
2026-10-01 06:02:03,957 | snapshot analysis step=98783
2026-10-01 06:02:44,229 | snapshot analysis step=99455
2026-10-01 06:03:24,456 | snapshot analysis step=100127
2026-10-01 06:04:04,722 | snapshot analysis step=100799
2026-10-01 06:04:44,924 | snapshot analysis step=101471
2026-10-01 06:05:25,083 | snapshot analysis step=102143
2026-10-01 06:06:05,372 | snapshot analysis step=102815
2026-10-01 06:06:45,626 | snapshot analysis step=103487
2026-10-01 06:07:25,925 | snapshot analysis step=104159
2026-10-01 06:08:06,104 | snapshot analysis step=104831
